# Blender 4.5.4 LTS
# www.blender.org
mtllib sphere.mtl
o Sphere
v 0.000000 0.980785 -0.195090
v 0.000000 0.956940 -0.290285
v 0.000000 0.803208 -0.595699
v 0.000000 0.740951 -0.671559
v 0.000000 0.707107 -0.707107
v 0.000000 0.671559 -0.740951
v 0.000000 0.595699 -0.803208
v 0.000000 0.555570 -0.831470
v 0.000000 0.514103 -0.857729
v 0.000000 0.471397 -0.881921
v 0.000000 0.427555 -0.903989
v 0.000000 0.382683 -0.923880
v 0.000000 0.336890 -0.941544
v 0.000000 0.290285 -0.956940
v 0.000000 0.242980 -0.970031
v 0.000000 0.146730 -0.989177
v 0.000000 0.098017 -0.995185
v 0.000000 0.049068 -0.998795
v 0.000000 0.000000 -1.000000
v 0.000000 -0.098017 -0.995185
v 0.000000 -0.146730 -0.989177
v 0.000000 -0.242980 -0.970031
v 0.000000 -0.290285 -0.956940
v 0.000000 -0.382683 -0.923880
v 0.000000 -0.427555 -0.903989
v 0.000000 -0.471397 -0.881921
v 0.000000 -0.514103 -0.857729
v 0.000000 -0.555570 -0.831470
v 0.000000 -0.595699 -0.803208
v 0.000000 -0.671559 -0.740951
v 0.000000 -0.707107 -0.707107
v 0.000000 -0.740951 -0.671559
v 0.000000 -0.773010 -0.634393
v 0.000000 -0.803208 -0.595699
v 0.000000 -0.857729 -0.514103
v 0.000000 -0.881921 -0.471397
v 0.000000 -0.903989 -0.427555
v 0.000000 -0.923880 -0.382683
v 0.000000 -0.941544 -0.336890
v 0.000000 -0.956940 -0.290285
v 0.000000 -0.980785 -0.195090
v 0.004809 0.998795 -0.048831
v 0.009607 0.995185 -0.097545
v 0.014382 0.989177 -0.146024
v 0.019122 0.980785 -0.194151
v 0.023816 0.970031 -0.241810
v 0.028453 0.956940 -0.288887
v 0.033021 0.941544 -0.335268
v 0.037510 0.923880 -0.380841
v 0.041908 0.903989 -0.425496
v 0.046205 0.881921 -0.469127
v 0.050391 0.857729 -0.511627
v 0.054455 0.831470 -0.552895
v 0.058389 0.803208 -0.592831
v 0.062181 0.773010 -0.631339
v 0.065824 0.740951 -0.668325
v 0.069309 0.707107 -0.703702
v 0.072626 0.671559 -0.737383
v 0.075768 0.634393 -0.769288
v 0.078728 0.595699 -0.799340
v 0.081498 0.555570 -0.827466
v 0.084072 0.514103 -0.853598
v 0.086443 0.471397 -0.877675
v 0.088606 0.427555 -0.899636
v 0.090556 0.382683 -0.919431
v 0.092287 0.336890 -0.937010
v 0.093797 0.290285 -0.952332
v 0.095080 0.242980 -0.965360
v 0.096134 0.195090 -0.976062
v 0.096956 0.146730 -0.984413
v 0.097545 0.098017 -0.990393
v 0.097899 0.049068 -0.993986
v 0.098017 0.000000 -0.995185
v 0.097899 -0.049068 -0.993986
v 0.097545 -0.098017 -0.990393
v 0.096956 -0.146730 -0.984413
v 0.096134 -0.195090 -0.976062
v 0.095080 -0.242980 -0.965360
v 0.093797 -0.290285 -0.952332
v 0.092287 -0.336890 -0.937010
v 0.090556 -0.382683 -0.919431
v 0.088606 -0.427555 -0.899636
v 0.086443 -0.471397 -0.877675
v 0.084072 -0.514103 -0.853598
v 0.081498 -0.555570 -0.827466
v 0.078728 -0.595699 -0.799340
v 0.075768 -0.634393 -0.769288
v 0.072626 -0.671559 -0.737383
v 0.069309 -0.707107 -0.703702
v 0.065824 -0.740951 -0.668325
v 0.062181 -0.773010 -0.631339
v 0.058389 -0.803208 -0.592831
v 0.054455 -0.831470 -0.552895
v 0.050391 -0.857729 -0.511627
v 0.046205 -0.881921 -0.469127
v 0.041908 -0.903989 -0.425496
v 0.037510 -0.923880 -0.380841
v 0.033021 -0.941544 -0.335268
v 0.028453 -0.956940 -0.288887
v 0.023816 -0.970031 -0.241810
v 0.019122 -0.980785 -0.194151
v 0.014382 -0.989177 -0.146024
v 0.009607 -0.995185 -0.097545
v 0.004809 -0.998795 -0.048831
v 0.009573 0.998795 -0.048125
v 0.019122 0.995185 -0.096134
v 0.028626 0.989177 -0.143911
v 0.038060 0.980785 -0.191342
v 0.047403 0.970031 -0.238311
v 0.056632 0.956940 -0.284707
v 0.065724 0.941544 -0.330417
v 0.074658 0.923880 -0.375330
v 0.083412 0.903989 -0.419340
v 0.091965 0.881921 -0.462339
v 0.100296 0.857729 -0.504224
v 0.108386 0.831470 -0.544895
v 0.116215 0.803208 -0.584253
v 0.123764 0.773010 -0.622204
v 0.131015 0.740951 -0.658655
v 0.137950 0.707107 -0.693520
v 0.144552 0.671559 -0.726714
v 0.150807 0.634393 -0.758157
v 0.156698 0.595699 -0.787774
v 0.162212 0.555570 -0.815493
v 0.167335 0.514103 -0.841248
v 0.172054 0.471397 -0.864975
v 0.176360 0.427555 -0.886619
v 0.180240 0.382683 -0.906127
v 0.183686 0.336890 -0.923452
v 0.186690 0.290285 -0.938553
v 0.189244 0.242980 -0.951392
v 0.191342 0.195090 -0.961940
v 0.192979 0.146730 -0.970170
v 0.194151 0.098017 -0.976062
v 0.194855 0.049068 -0.979604
v 0.195090 0.000000 -0.980785
v 0.194855 -0.049068 -0.979604
v 0.194151 -0.098017 -0.976062
v 0.192979 -0.146730 -0.970170
v 0.191342 -0.195090 -0.961940
v 0.189244 -0.242980 -0.951392
v 0.186690 -0.290285 -0.938553
v 0.183686 -0.336890 -0.923452
v 0.180240 -0.382683 -0.906127
v 0.176360 -0.427555 -0.886619
v 0.172054 -0.471397 -0.864975
v 0.167335 -0.514103 -0.841248
v 0.162212 -0.555570 -0.815493
v 0.156698 -0.595699 -0.787774
v 0.150807 -0.634393 -0.758157
v 0.144552 -0.671559 -0.726714
v 0.137950 -0.707107 -0.693520
v 0.131015 -0.740951 -0.658655
v 0.123764 -0.773010 -0.622204
v 0.116215 -0.803208 -0.584253
v 0.108386 -0.831470 -0.544895
v 0.100296 -0.857729 -0.504224
v 0.091965 -0.881921 -0.462339
v 0.083412 -0.903989 -0.419340
v 0.074658 -0.923880 -0.375330
v 0.065724 -0.941544 -0.330417
v 0.056632 -0.956940 -0.284707
v 0.047403 -0.970031 -0.238311
v 0.038060 -0.980785 -0.191342
v 0.028626 -0.989177 -0.143911
v 0.019122 -0.995185 -0.096134
v 0.009573 -0.998795 -0.048125
v 0.014244 0.998795 -0.046955
v 0.028453 0.995185 -0.093797
v 0.042594 0.989177 -0.140412
v 0.056632 0.980785 -0.186690
v 0.070533 0.970031 -0.232518
v 0.084265 0.956940 -0.277785
v 0.097794 0.941544 -0.322383
v 0.111087 0.923880 -0.366205
v 0.124113 0.903989 -0.409145
v 0.136839 0.881921 -0.451099
v 0.149236 0.857729 -0.491966
v 0.161274 0.831470 -0.531648
v 0.172922 0.803208 -0.570049
v 0.184155 0.773010 -0.607077
v 0.194943 0.740951 -0.642642
v 0.205262 0.707107 -0.676659
v 0.215087 0.671559 -0.709046
v 0.224393 0.634393 -0.739725
v 0.233159 0.595699 -0.768622
v 0.241363 0.555570 -0.795667
v 0.248985 0.514103 -0.820795
v 0.256008 0.471397 -0.843946
v 0.262414 0.427555 -0.865064
v 0.268188 0.382683 -0.884098
v 0.273316 0.336890 -0.901001
v 0.277785 0.290285 -0.915735
v 0.281585 0.242980 -0.928262
v 0.284707 0.195090 -0.938553
v 0.287143 0.146730 -0.946583
v 0.288887 0.098017 -0.952332
v 0.289935 0.049068 -0.955788
v 0.290285 0.000000 -0.956940
v 0.289935 -0.049068 -0.955788
v 0.288887 -0.098017 -0.952332
v 0.287143 -0.146730 -0.946583
v 0.284707 -0.195090 -0.938553
v 0.281585 -0.242980 -0.928262
v 0.277785 -0.290285 -0.915735
v 0.273316 -0.336890 -0.901001
v 0.268188 -0.382683 -0.884098
v 0.262414 -0.427555 -0.865064
v 0.256008 -0.471397 -0.843946
v 0.248985 -0.514103 -0.820795
v 0.241363 -0.555570 -0.795667
v 0.233159 -0.595699 -0.768622
v 0.224393 -0.634393 -0.739725
v 0.215087 -0.671559 -0.709046
v 0.205262 -0.707107 -0.676659
v 0.194943 -0.740951 -0.642642
v 0.184155 -0.773010 -0.607077
v 0.172922 -0.803208 -0.570049
v 0.161274 -0.831470 -0.531648
v 0.149236 -0.857729 -0.491966
v 0.136839 -0.881921 -0.451099
v 0.124113 -0.903989 -0.409145
v 0.111087 -0.923880 -0.366205
v 0.097794 -0.941544 -0.322383
v 0.084265 -0.956940 -0.277785
v 0.070533 -0.970031 -0.232518
v 0.056632 -0.980785 -0.186690
v 0.042594 -0.989177 -0.140412
v 0.028453 -0.995185 -0.093797
v 0.014244 -0.998795 -0.046955
v 0.018777 0.998795 -0.045333
v 0.037510 0.995185 -0.090556
v 0.056151 0.989177 -0.135561
v 0.074658 0.980785 -0.180240
v 0.092984 0.970031 -0.224484
v 0.111087 0.956940 -0.268188
v 0.128922 0.941544 -0.311246
v 0.146447 0.923880 -0.353553
v 0.163618 0.903989 -0.395009
v 0.180396 0.881921 -0.435514
v 0.196739 0.857729 -0.474969
v 0.212608 0.831470 -0.513280
v 0.227964 0.803208 -0.550354
v 0.242772 0.773010 -0.586103
v 0.256994 0.740951 -0.620440
v 0.270598 0.707107 -0.653281
v 0.283550 0.671559 -0.684550
v 0.295818 0.634393 -0.714169
v 0.307374 0.595699 -0.742067
v 0.318190 0.555570 -0.768178
v 0.328239 0.514103 -0.792438
v 0.337497 0.471397 -0.814789
v 0.345942 0.427555 -0.835177
v 0.353553 0.382683 -0.853553
v 0.360313 0.336890 -0.869873
v 0.366205 0.290285 -0.884098
v 0.371215 0.242980 -0.896192
v 0.375330 0.195090 -0.906127
v 0.378541 0.146730 -0.913880
v 0.380841 0.098017 -0.919431
v 0.382222 0.049068 -0.922767
v 0.382683 0.000000 -0.923880
v 0.382222 -0.049068 -0.922767
v 0.380841 -0.098017 -0.919431
v 0.378541 -0.146730 -0.913880
v 0.375330 -0.195090 -0.906127
v 0.371215 -0.242980 -0.896192
v 0.366205 -0.290285 -0.884098
v 0.360313 -0.336890 -0.869873
v 0.353553 -0.382683 -0.853553
v 0.345942 -0.427555 -0.835177
v 0.337497 -0.471397 -0.814789
v 0.328239 -0.514103 -0.792438
v 0.318190 -0.555570 -0.768178
v 0.307374 -0.595699 -0.742067
v 0.295818 -0.634393 -0.714169
v 0.283550 -0.671559 -0.684550
v 0.270598 -0.707107 -0.653281
v 0.256994 -0.740951 -0.620440
v 0.242772 -0.773010 -0.586103
v 0.227964 -0.803208 -0.550354
v 0.212608 -0.831470 -0.513280
v 0.196739 -0.857729 -0.474969
v 0.180396 -0.881921 -0.435514
v 0.163618 -0.903989 -0.395009
v 0.146447 -0.923880 -0.353553
v 0.128922 -0.941544 -0.311246
v 0.111087 -0.956940 -0.268188
v 0.092984 -0.970031 -0.224484
v 0.074658 -0.980785 -0.180240
v 0.056151 -0.989177 -0.135561
v 0.037510 -0.995185 -0.090556
v 0.018777 -0.998795 -0.045333
v 0.023130 0.998795 -0.043274
v 0.046205 0.995185 -0.086443
v 0.069168 0.989177 -0.129405
v 0.091965 0.980785 -0.172054
v 0.114540 0.970031 -0.214289
v 0.136839 0.956940 -0.256008
v 0.158809 0.941544 -0.297110
v 0.180396 0.923880 -0.337497
v 0.201548 0.903989 -0.377070
v 0.222215 0.881921 -0.415735
v 0.242346 0.857729 -0.453398
v 0.261894 0.831470 -0.489969
v 0.280811 0.803208 -0.525360
v 0.299051 0.773010 -0.559485
v 0.316571 0.740951 -0.592262
v 0.333328 0.707107 -0.623612
v 0.349282 0.671559 -0.653461
v 0.364395 0.634393 -0.681734
v 0.378629 0.595699 -0.708366
v 0.391952 0.555570 -0.733291
v 0.404330 0.514103 -0.756449
v 0.415735 0.471397 -0.777785
v 0.426138 0.427555 -0.797247
v 0.435514 0.382683 -0.814789
v 0.443841 0.336890 -0.830368
v 0.451099 0.290285 -0.843946
v 0.457270 0.242980 -0.855491
v 0.462339 0.195090 -0.864975
v 0.466295 0.146730 -0.872376
v 0.469127 0.098017 -0.877675
v 0.470829 0.049068 -0.880859
v 0.471397 0.000000 -0.881921
v 0.470829 -0.049068 -0.880859
v 0.469127 -0.098017 -0.877675
v 0.466295 -0.146730 -0.872376
v 0.462339 -0.195090 -0.864975
v 0.457270 -0.242980 -0.855491
v 0.451099 -0.290285 -0.843946
v 0.443841 -0.336890 -0.830368
v 0.435514 -0.382683 -0.814789
v 0.426138 -0.427555 -0.797247
v 0.415735 -0.471397 -0.777785
v 0.404330 -0.514103 -0.756449
v 0.391952 -0.555570 -0.733291
v 0.378629 -0.595699 -0.708366
v 0.364395 -0.634393 -0.681734
v 0.349282 -0.671559 -0.653461
v 0.333328 -0.707107 -0.623612
v 0.316571 -0.740951 -0.592262
v 0.299051 -0.773010 -0.559485
v 0.280811 -0.803208 -0.525360
v 0.261894 -0.831470 -0.489969
v 0.242346 -0.857729 -0.453398
v 0.222215 -0.881921 -0.415735
v 0.201548 -0.903989 -0.377070
v 0.180396 -0.923880 -0.337497
v 0.158809 -0.941544 -0.297110
v 0.136839 -0.956940 -0.256008
v 0.114540 -0.970031 -0.214289
v 0.091965 -0.980785 -0.172054
v 0.069168 -0.989177 -0.129405
v 0.046205 -0.995185 -0.086443
v 0.023130 -0.998795 -0.043274
v 0.027261 0.998795 -0.040798
v 0.054455 0.995185 -0.081498
v 0.081519 0.989177 -0.122002
v 0.108386 0.980785 -0.162212
v 0.134993 0.970031 -0.202031
v 0.161274 0.956940 -0.241363
v 0.187166 0.941544 -0.280114
v 0.212608 0.923880 -0.318190
v 0.237537 0.903989 -0.355499
v 0.261894 0.881921 -0.391952
v 0.285620 0.857729 -0.427461
v 0.308658 0.831470 -0.461940
v 0.330953 0.803208 -0.495306
v 0.352450 0.773010 -0.527479
v 0.373098 0.740951 -0.558381
v 0.392847 0.707107 -0.587938
v 0.411650 0.671559 -0.616078
v 0.429462 0.634393 -0.642735
v 0.446238 0.595699 -0.667843
v 0.461940 0.555570 -0.691342
v 0.476528 0.514103 -0.713175
v 0.489969 0.471397 -0.733291
v 0.502230 0.427555 -0.751640
v 0.513280 0.382683 -0.768178
v 0.523094 0.336890 -0.782865
v 0.531648 0.290285 -0.795667
v 0.538920 0.242980 -0.806551
v 0.544895 0.195090 -0.815493
v 0.549557 0.146730 -0.822470
v 0.552895 0.098017 -0.827466
v 0.554901 0.049068 -0.830468
v 0.555570 0.000000 -0.831470
v 0.554901 -0.049068 -0.830468
v 0.552895 -0.098017 -0.827466
v 0.549557 -0.146730 -0.822470
v 0.544895 -0.195090 -0.815493
v 0.538920 -0.242980 -0.806551
v 0.531648 -0.290285 -0.795667
v 0.523094 -0.336890 -0.782865
v 0.513280 -0.382683 -0.768178
v 0.502230 -0.427555 -0.751640
v 0.489969 -0.471397 -0.733291
v 0.476528 -0.514103 -0.713175
v 0.461940 -0.555570 -0.691342
v 0.446238 -0.595699 -0.667843
v 0.429462 -0.634393 -0.642735
v 0.411650 -0.671559 -0.616078
v 0.392847 -0.707107 -0.587938
v 0.373098 -0.740951 -0.558381
v 0.352450 -0.773010 -0.527479
v 0.330953 -0.803208 -0.495306
v 0.308658 -0.831470 -0.461940
v 0.285620 -0.857729 -0.427461
v 0.261894 -0.881921 -0.391952
v 0.237537 -0.903989 -0.355499
v 0.212608 -0.923880 -0.318190
v 0.187166 -0.941544 -0.280114
v 0.161274 -0.956940 -0.241363
v 0.134993 -0.970031 -0.202031
v 0.108386 -0.980785 -0.162212
v 0.081519 -0.989177 -0.122002
v 0.054455 -0.995185 -0.081498
v 0.027261 -0.998795 -0.040798
v 0.031128 0.998795 -0.037930
v 0.062181 0.995185 -0.075768
v 0.093085 0.989177 -0.113424
v 0.123764 0.980785 -0.150807
v 0.154145 0.970031 -0.187826
v 0.184155 0.956940 -0.224393
v 0.213721 0.941544 -0.260419
v 0.242772 0.923880 -0.295818
v 0.271238 0.903989 -0.330505
v 0.299051 0.881921 -0.364395
v 0.326143 0.857729 -0.397407
v 0.352450 0.831470 -0.429462
v 0.377908 0.803208 -0.460482
v 0.402455 0.773010 -0.490393
v 0.426032 0.740951 -0.519122
v 0.448584 0.707107 -0.546601
v 0.470054 0.671559 -0.572763
v 0.490393 0.634393 -0.597545
v 0.509549 0.595699 -0.620888
v 0.527479 0.555570 -0.642735
v 0.544137 0.514103 -0.663033
v 0.559485 0.471397 -0.681734
v 0.573485 0.427555 -0.698793
v 0.586103 0.382683 -0.714168
v 0.597309 0.336890 -0.727823
v 0.607077 0.290285 -0.739725
v 0.615381 0.242980 -0.749844
v 0.622204 0.195090 -0.758157
v 0.627527 0.146730 -0.764644
v 0.631338 0.098017 -0.769288
v 0.633629 0.049068 -0.772079
v 0.634393 0.000000 -0.773010
v 0.633629 -0.049068 -0.772079
v 0.631338 -0.098017 -0.769288
v 0.627527 -0.146730 -0.764644
v 0.622204 -0.195090 -0.758157
v 0.615381 -0.242980 -0.749844
v 0.607077 -0.290285 -0.739725
v 0.597309 -0.336890 -0.727823
v 0.586103 -0.382683 -0.714168
v 0.573485 -0.427555 -0.698793
v 0.559485 -0.471397 -0.681734
v 0.544137 -0.514103 -0.663033
v 0.527479 -0.555570 -0.642735
v 0.509549 -0.595699 -0.620888
v 0.490393 -0.634393 -0.597545
v 0.470054 -0.671559 -0.572763
v 0.448584 -0.707107 -0.546601
v 0.426032 -0.740951 -0.519122
v 0.402455 -0.773010 -0.490393
v 0.377908 -0.803208 -0.460482
v 0.352450 -0.831470 -0.429462
v 0.326143 -0.857729 -0.397407
v 0.299051 -0.881921 -0.364395
v 0.271238 -0.903989 -0.330505
v 0.242772 -0.923880 -0.295818
v 0.213721 -0.941544 -0.260419
v 0.184155 -0.956940 -0.224393
v 0.154145 -0.970031 -0.187826
v 0.123764 -0.980785 -0.150807
v 0.093085 -0.989177 -0.113424
v 0.062181 -0.995185 -0.075768
v 0.031128 -0.998795 -0.037930
v 0.034696 0.998795 -0.034696
v 0.069309 0.995185 -0.069309
v 0.103754 0.989177 -0.103754
v 0.137950 0.980785 -0.137950
v 0.171813 0.970031 -0.171813
v 0.205262 0.956940 -0.205262
v 0.238217 0.941544 -0.238217
v 0.270598 0.923880 -0.270598
v 0.302327 0.903989 -0.302327
v 0.333328 0.881921 -0.333328
v 0.363526 0.857729 -0.363525
v 0.392848 0.831470 -0.392848
v 0.421223 0.803208 -0.421223
v 0.448584 0.773010 -0.448584
v 0.474864 0.740951 -0.474864
v 0.500000 0.707107 -0.500000
v 0.523932 0.671559 -0.523932
v 0.546601 0.634393 -0.546601
v 0.567953 0.595699 -0.567953
v 0.587938 0.555570 -0.587938
v 0.606506 0.514103 -0.606506
v 0.623612 0.471397 -0.623612
v 0.639217 0.427555 -0.639217
v 0.653281 0.382683 -0.653281
v 0.665772 0.336890 -0.665772
v 0.676659 0.290285 -0.676659
v 0.685916 0.242980 -0.685916
v 0.693520 0.195090 -0.693520
v 0.699453 0.146730 -0.699453
v 0.703702 0.098017 -0.703702
v 0.706255 0.049068 -0.706255
v 0.707107 0.000000 -0.707107
v 0.706255 -0.049068 -0.706255
v 0.703702 -0.098017 -0.703702
v 0.699453 -0.146730 -0.699453
v 0.693520 -0.195090 -0.693520
v 0.685916 -0.242980 -0.685916
v 0.676659 -0.290285 -0.676659
v 0.665772 -0.336890 -0.665772
v 0.653281 -0.382683 -0.653281
v 0.639217 -0.427555 -0.639217
v 0.623612 -0.471397 -0.623612
v 0.606506 -0.514103 -0.606506
v 0.587938 -0.555570 -0.587938
v 0.567953 -0.595699 -0.567953
v 0.546601 -0.634393 -0.546601
v 0.523932 -0.671559 -0.523932
v 0.500000 -0.707107 -0.500000
v 0.474864 -0.740951 -0.474864
v 0.448584 -0.773010 -0.448584
v 0.421223 -0.803208 -0.421223
v 0.392848 -0.831470 -0.392848
v 0.363526 -0.857729 -0.363525
v 0.333328 -0.881921 -0.333328
v 0.302327 -0.903989 -0.302327
v 0.270598 -0.923880 -0.270598
v 0.238217 -0.941544 -0.238217
v 0.205262 -0.956940 -0.205262
v 0.171813 -0.970031 -0.171813
v 0.137950 -0.980785 -0.137950
v 0.103754 -0.989177 -0.103754
v 0.069309 -0.995185 -0.069309
v 0.034696 -0.998795 -0.034696
v 0.037930 0.998795 -0.031128
v 0.075768 0.995185 -0.062181
v 0.113424 0.989177 -0.093085
v 0.150807 0.980785 -0.123764
v 0.187826 0.970031 -0.154145
v 0.224393 0.956940 -0.184155
v 0.260419 0.941544 -0.213721
v 0.295818 0.923880 -0.242772
v 0.330505 0.903989 -0.271238
v 0.364395 0.881921 -0.299051
v 0.397407 0.857729 -0.326143
v 0.429462 0.831470 -0.352450
v 0.460482 0.803208 -0.377908
v 0.490393 0.773010 -0.402455
v 0.519122 0.740951 -0.426033
v 0.546601 0.707107 -0.448584
v 0.572763 0.671559 -0.470054
v 0.597545 0.634393 -0.490393
v 0.620888 0.595699 -0.509549
v 0.642735 0.555570 -0.527479
v 0.663033 0.514103 -0.544137
v 0.681734 0.471397 -0.559485
v 0.698793 0.427555 -0.573485
v 0.714168 0.382683 -0.586103
v 0.727823 0.336890 -0.597309
v 0.739725 0.290285 -0.607077
v 0.749844 0.242980 -0.615381
v 0.758157 0.195090 -0.622203
v 0.764644 0.146730 -0.627527
v 0.769288 0.098017 -0.631338
v 0.772079 0.049068 -0.633629
v 0.773010 0.000000 -0.634393
v 0.772079 -0.049068 -0.633629
v 0.769288 -0.098017 -0.631338
v 0.764644 -0.146730 -0.627527
v 0.758157 -0.195090 -0.622203
v 0.749844 -0.242980 -0.615381
v 0.739725 -0.290285 -0.607077
v 0.727823 -0.336890 -0.597309
v 0.714168 -0.382683 -0.586103
v 0.698793 -0.427555 -0.573485
v 0.681734 -0.471397 -0.559485
v 0.663033 -0.514103 -0.544137
v 0.642735 -0.555570 -0.527479
v 0.620888 -0.595699 -0.509549
v 0.597545 -0.634393 -0.490393
v 0.572763 -0.671559 -0.470054
v 0.546601 -0.707107 -0.448584
v 0.519122 -0.740951 -0.426033
v 0.490393 -0.773010 -0.402455
v 0.460482 -0.803208 -0.377908
v 0.429462 -0.831470 -0.352450
v 0.397407 -0.857729 -0.326143
v 0.364395 -0.881921 -0.299051
v 0.330505 -0.903989 -0.271238
v 0.295818 -0.923880 -0.242772
v 0.260419 -0.941544 -0.213721
v 0.224393 -0.956940 -0.184155
v 0.187826 -0.970031 -0.154145
v 0.150807 -0.980785 -0.123764
v 0.113424 -0.989177 -0.093085
v 0.075768 -0.995185 -0.062181
v 0.037930 -0.998795 -0.031128
v 0.040798 0.998795 -0.027261
v 0.081498 0.995185 -0.054455
v 0.122002 0.989177 -0.081519
v 0.162212 0.980785 -0.108386
v 0.202031 0.970031 -0.134993
v 0.241363 0.956940 -0.161274
v 0.280114 0.941544 -0.187166
v 0.318190 0.923880 -0.212607
v 0.355499 0.903989 -0.237537
v 0.391952 0.881921 -0.261894
v 0.427461 0.857729 -0.285620
v 0.461940 0.831470 -0.308658
v 0.495306 0.803208 -0.330953
v 0.527479 0.773010 -0.352450
v 0.558381 0.740951 -0.373098
v 0.587938 0.707107 -0.392847
v 0.616078 0.671559 -0.411650
v 0.642735 0.634393 -0.429462
v 0.667843 0.595699 -0.446238
v 0.691342 0.555570 -0.461940
v 0.713175 0.514103 -0.476528
v 0.733291 0.471397 -0.489969
v 0.751640 0.427555 -0.502230
v 0.768178 0.382683 -0.513280
v 0.782865 0.336890 -0.523094
v 0.795667 0.290285 -0.531648
v 0.806551 0.242980 -0.538920
v 0.815493 0.195090 -0.544895
v 0.822470 0.146730 -0.549557
v 0.827466 0.098017 -0.552895
v 0.830468 0.049068 -0.554901
v 0.831470 0.000000 -0.555570
v 0.830468 -0.049068 -0.554901
v 0.827466 -0.098017 -0.552895
v 0.822470 -0.146730 -0.549557
v 0.815493 -0.195090 -0.544895
v 0.806551 -0.242980 -0.538920
v 0.795667 -0.290285 -0.531648
v 0.782865 -0.336890 -0.523094
v 0.768178 -0.382683 -0.513280
v 0.751640 -0.427555 -0.502230
v 0.733291 -0.471397 -0.489969
v 0.713175 -0.514103 -0.476528
v 0.691342 -0.555570 -0.461940
v 0.667843 -0.595699 -0.446238
v 0.642735 -0.634393 -0.429462
v 0.616078 -0.671559 -0.411650
v 0.587938 -0.707107 -0.392847
v 0.558381 -0.740951 -0.373098
v 0.527479 -0.773010 -0.352450
v 0.495306 -0.803208 -0.330953
v 0.461940 -0.831470 -0.308658
v 0.427461 -0.857729 -0.285620
v 0.391952 -0.881921 -0.261894
v 0.355499 -0.903989 -0.237537
v 0.318190 -0.923880 -0.212607
v 0.280114 -0.941544 -0.187166
v 0.241363 -0.956940 -0.161274
v 0.202031 -0.970031 -0.134993
v 0.162212 -0.980785 -0.108386
v 0.122002 -0.989177 -0.081519
v 0.081498 -0.995185 -0.054455
v 0.040798 -0.998795 -0.027261
v 0.043274 0.998795 -0.023130
v 0.086443 0.995185 -0.046205
v 0.129405 0.989177 -0.069168
v 0.172054 0.980785 -0.091965
v 0.214289 0.970031 -0.114540
v 0.256008 0.956940 -0.136839
v 0.297110 0.941544 -0.158809
v 0.337497 0.923880 -0.180396
v 0.377070 0.903989 -0.201548
v 0.415735 0.881921 -0.222215
v 0.453398 0.857729 -0.242346
v 0.489969 0.831470 -0.261894
v 0.525360 0.803208 -0.280811
v 0.559485 0.773010 -0.299051
v 0.592262 0.740951 -0.316571
v 0.623613 0.707107 -0.333328
v 0.653461 0.671559 -0.349282
v 0.681734 0.634393 -0.364395
v 0.708366 0.595699 -0.378629
v 0.733291 0.555570 -0.391952
v 0.756449 0.514103 -0.404330
v 0.777785 0.471397 -0.415735
v 0.797247 0.427555 -0.426138
v 0.814789 0.382683 -0.435514
v 0.830368 0.336890 -0.443841
v 0.843946 0.290285 -0.451099
v 0.855491 0.242980 -0.457269
v 0.864975 0.195090 -0.462339
v 0.872376 0.146730 -0.466294
v 0.877675 0.098017 -0.469127
v 0.880859 0.049068 -0.470829
v 0.881921 0.000000 -0.471397
v 0.880859 -0.049068 -0.470829
v 0.877675 -0.098017 -0.469127
v 0.872376 -0.146730 -0.466294
v 0.864975 -0.195090 -0.462339
v 0.855491 -0.242980 -0.457269
v 0.843946 -0.290285 -0.451099
v 0.830368 -0.336890 -0.443841
v 0.814789 -0.382683 -0.435514
v 0.797247 -0.427555 -0.426138
v 0.777785 -0.471397 -0.415735
v 0.756449 -0.514103 -0.404330
v 0.733291 -0.555570 -0.391952
v 0.708366 -0.595699 -0.378629
v 0.681734 -0.634393 -0.364395
v 0.653461 -0.671559 -0.349282
v 0.623613 -0.707107 -0.333328
v 0.592262 -0.740951 -0.316571
v 0.559485 -0.773010 -0.299051
v 0.525360 -0.803208 -0.280811
v 0.489969 -0.831470 -0.261894
v 0.453398 -0.857729 -0.242346
v 0.415735 -0.881921 -0.222215
v 0.377070 -0.903989 -0.201548
v 0.337497 -0.923880 -0.180396
v 0.297110 -0.941544 -0.158809
v 0.256008 -0.956940 -0.136839
v 0.214289 -0.970031 -0.114540
v 0.172054 -0.980785 -0.091965
v 0.129405 -0.989177 -0.069168
v 0.086443 -0.995185 -0.046205
v 0.043274 -0.998795 -0.023130
v 0.045333 0.998795 -0.018777
v 0.090556 0.995185 -0.037510
v 0.135561 0.989177 -0.056151
v 0.180240 0.980785 -0.074658
v 0.224484 0.970031 -0.092984
v 0.268188 0.956940 -0.111087
v 0.311246 0.941544 -0.128922
v 0.353553 0.923880 -0.146447
v 0.395009 0.903989 -0.163618
v 0.435514 0.881921 -0.180396
v 0.474969 0.857729 -0.196739
v 0.513280 0.831470 -0.212608
v 0.550354 0.803208 -0.227964
v 0.586103 0.773010 -0.242772
v 0.620440 0.740951 -0.256995
v 0.653281 0.707107 -0.270598
v 0.684550 0.671559 -0.283550
v 0.714168 0.634393 -0.295818
v 0.742067 0.595699 -0.307374
v 0.768178 0.555570 -0.318190
v 0.792438 0.514103 -0.328238
v 0.814789 0.471397 -0.337497
v 0.835177 0.427555 -0.345942
v 0.853553 0.382683 -0.353553
v 0.869873 0.336890 -0.360313
v 0.884098 0.290285 -0.366205
v 0.896192 0.242980 -0.371215
v 0.906127 0.195090 -0.375330
v 0.913880 0.146730 -0.378541
v 0.919431 0.098017 -0.380841
v 0.922767 0.049068 -0.382222
v 0.923879 0.000000 -0.382683
v 0.922767 -0.049068 -0.382222
v 0.919431 -0.098017 -0.380841
v 0.913880 -0.146730 -0.378541
v 0.906127 -0.195090 -0.375330
v 0.896192 -0.242980 -0.371215
v 0.884098 -0.290285 -0.366205
v 0.869873 -0.336890 -0.360313
v 0.853553 -0.382683 -0.353553
v 0.835177 -0.427555 -0.345942
v 0.814789 -0.471397 -0.337497
v 0.792438 -0.514103 -0.328238
v 0.768178 -0.555570 -0.318190
v 0.742067 -0.595699 -0.307374
v 0.714168 -0.634393 -0.295818
v 0.684550 -0.671559 -0.283550
v 0.653281 -0.707107 -0.270598
v 0.620440 -0.740951 -0.256995
v 0.586103 -0.773010 -0.242772
v 0.550354 -0.803208 -0.227964
v 0.513280 -0.831470 -0.212608
v 0.474969 -0.857729 -0.196739
v 0.435514 -0.881921 -0.180396
v 0.395009 -0.903989 -0.163618
v 0.353553 -0.923880 -0.146447
v 0.311246 -0.941544 -0.128922
v 0.268188 -0.956940 -0.111087
v 0.224484 -0.970031 -0.092984
v 0.180240 -0.980785 -0.074658
v 0.135561 -0.989177 -0.056151
v 0.090556 -0.995185 -0.037510
v 0.045333 -0.998795 -0.018777
v 0.046955 0.998795 -0.014244
v 0.093797 0.995185 -0.028453
v 0.140412 0.989177 -0.042594
v 0.186690 0.980785 -0.056632
v 0.232517 0.970031 -0.070533
v 0.277785 0.956940 -0.084265
v 0.322383 0.941544 -0.097794
v 0.366205 0.923880 -0.111087
v 0.409145 0.903989 -0.124113
v 0.451099 0.881921 -0.136839
v 0.491966 0.857729 -0.149236
v 0.531648 0.831470 -0.161274
v 0.570049 0.803208 -0.172922
v 0.607076 0.773010 -0.184155
v 0.642642 0.740951 -0.194943
v 0.676659 0.707107 -0.205262
v 0.709046 0.671559 -0.215087
v 0.739725 0.634393 -0.224393
v 0.768622 0.595699 -0.233159
v 0.795667 0.555570 -0.241363
v 0.820795 0.514103 -0.248985
v 0.843946 0.471397 -0.256008
v 0.865064 0.427555 -0.262414
v 0.884098 0.382683 -0.268188
v 0.901001 0.336890 -0.273316
v 0.915735 0.290285 -0.277785
v 0.928262 0.242980 -0.281585
v 0.938553 0.195090 -0.284707
v 0.946583 0.146730 -0.287143
v 0.952332 0.098017 -0.288887
v 0.955788 0.049068 -0.289935
v 0.956940 0.000000 -0.290285
v 0.955788 -0.049068 -0.289935
v 0.952332 -0.098017 -0.288887
v 0.946583 -0.146730 -0.287143
v 0.938553 -0.195090 -0.284707
v 0.928262 -0.242980 -0.281585
v 0.915735 -0.290285 -0.277785
v 0.901001 -0.336890 -0.273316
v 0.884098 -0.382683 -0.268188
v 0.865064 -0.427555 -0.262414
v 0.843946 -0.471397 -0.256008
v 0.820795 -0.514103 -0.248985
v 0.795667 -0.555570 -0.241363
v 0.768622 -0.595699 -0.233159
v 0.739725 -0.634393 -0.224393
v 0.709046 -0.671559 -0.215087
v 0.676659 -0.707107 -0.205262
v 0.642642 -0.740951 -0.194943
v 0.607076 -0.773010 -0.184155
v 0.570049 -0.803208 -0.172922
v 0.531648 -0.831470 -0.161274
v 0.491966 -0.857729 -0.149236
v 0.451099 -0.881921 -0.136839
v 0.409145 -0.903989 -0.124113
v 0.366205 -0.923880 -0.111087
v 0.322383 -0.941544 -0.097794
v 0.277785 -0.956940 -0.084265
v 0.232517 -0.970031 -0.070533
v 0.186690 -0.980785 -0.056632
v 0.140412 -0.989177 -0.042594
v 0.093797 -0.995185 -0.028453
v 0.046955 -0.998795 -0.014244
v 0.048125 0.998795 -0.009573
v 0.096134 0.995185 -0.019122
v 0.143911 0.989177 -0.028626
v 0.191342 0.980785 -0.038060
v 0.238311 0.970031 -0.047403
v 0.284707 0.956940 -0.056632
v 0.330417 0.941544 -0.065724
v 0.375330 0.923880 -0.074658
v 0.419340 0.903989 -0.083412
v 0.462339 0.881921 -0.091965
v 0.504224 0.857729 -0.100296
v 0.544895 0.831470 -0.108386
v 0.584253 0.803208 -0.116215
v 0.622204 0.773010 -0.123764
v 0.658655 0.740951 -0.131015
v 0.693520 0.707107 -0.137950
v 0.726714 0.671559 -0.144552
v 0.758157 0.634393 -0.150807
v 0.787774 0.595699 -0.156698
v 0.815493 0.555570 -0.162212
v 0.841247 0.514103 -0.167334
v 0.864975 0.471397 -0.172054
v 0.886619 0.427555 -0.176360
v 0.906127 0.382683 -0.180240
v 0.923452 0.336890 -0.183686
v 0.938553 0.290285 -0.186690
v 0.951392 0.242980 -0.189244
v 0.961940 0.195090 -0.191342
v 0.970169 0.146730 -0.192979
v 0.976063 0.098017 -0.194151
v 0.979604 0.049068 -0.194855
v 0.980785 0.000000 -0.195090
v 0.979604 -0.049068 -0.194855
v 0.976063 -0.098017 -0.194151
v 0.970169 -0.146730 -0.192979
v 0.961940 -0.195090 -0.191342
v 0.951392 -0.242980 -0.189244
v 0.938553 -0.290285 -0.186690
v 0.923452 -0.336890 -0.183686
v 0.906127 -0.382683 -0.180240
v 0.886619 -0.427555 -0.176360
v 0.864975 -0.471397 -0.172054
v 0.841247 -0.514103 -0.167334
v 0.815493 -0.555570 -0.162212
v 0.787774 -0.595699 -0.156698
v 0.758157 -0.634393 -0.150807
v 0.726714 -0.671559 -0.144552
v 0.693520 -0.707107 -0.137950
v 0.658655 -0.740951 -0.131015
v 0.622204 -0.773010 -0.123764
v 0.584253 -0.803208 -0.116215
v 0.544895 -0.831470 -0.108386
v 0.504224 -0.857729 -0.100296
v 0.462339 -0.881921 -0.091965
v 0.419340 -0.903989 -0.083412
v 0.375330 -0.923880 -0.074658
v 0.330417 -0.941544 -0.065724
v 0.284707 -0.956940 -0.056632
v 0.238311 -0.970031 -0.047403
v 0.191342 -0.980785 -0.038060
v 0.143911 -0.989177 -0.028626
v 0.096134 -0.995185 -0.019122
v 0.048125 -0.998795 -0.009573
v 0.048831 0.998795 -0.004809
v 0.097545 0.995185 -0.009607
v 0.146024 0.989177 -0.014382
v 0.194151 0.980785 -0.019122
v 0.241810 0.970031 -0.023816
v 0.288887 0.956940 -0.028453
v 0.335268 0.941544 -0.033021
v 0.380841 0.923880 -0.037510
v 0.425496 0.903989 -0.041908
v 0.469127 0.881921 -0.046205
v 0.511627 0.857729 -0.050391
v 0.552895 0.831470 -0.054455
v 0.592831 0.803208 -0.058389
v 0.631338 0.773010 -0.062181
v 0.668325 0.740951 -0.065824
v 0.703702 0.707107 -0.069308
v 0.737383 0.671559 -0.072626
v 0.769288 0.634393 -0.075768
v 0.799340 0.595699 -0.078728
v 0.827466 0.555570 -0.081498
v 0.853598 0.514103 -0.084072
v 0.877674 0.471397 -0.086443
v 0.899636 0.427555 -0.088606
v 0.919431 0.382683 -0.090556
v 0.937010 0.336890 -0.092287
v 0.952332 0.290285 -0.093797
v 0.965360 0.242980 -0.095080
v 0.976062 0.195090 -0.096134
v 0.984413 0.146730 -0.096956
v 0.990393 0.098017 -0.097545
v 0.993986 0.049068 -0.097899
v 0.995185 0.000000 -0.098017
v 0.993986 -0.049068 -0.097899
v 0.990393 -0.098017 -0.097545
v 0.984413 -0.146730 -0.096956
v 0.976062 -0.195090 -0.096134
v 0.965360 -0.242980 -0.095080
v 0.952332 -0.290285 -0.093797
v 0.937010 -0.336890 -0.092287
v 0.919431 -0.382683 -0.090556
v 0.899636 -0.427555 -0.088606
v 0.877674 -0.471397 -0.086443
v 0.853598 -0.514103 -0.084072
v 0.827466 -0.555570 -0.081498
v 0.799340 -0.595699 -0.078728
v 0.769288 -0.634393 -0.075768
v 0.737383 -0.671559 -0.072626
v 0.703702 -0.707107 -0.069308
v 0.668325 -0.740951 -0.065824
v 0.631338 -0.773010 -0.062181
v 0.592831 -0.803208 -0.058389
v 0.552895 -0.831470 -0.054455
v 0.511627 -0.857729 -0.050391
v 0.469127 -0.881921 -0.046205
v 0.425496 -0.903989 -0.041908
v 0.380841 -0.923880 -0.037510
v 0.335268 -0.941544 -0.033021
v 0.288887 -0.956940 -0.028453
v 0.241810 -0.970031 -0.023816
v 0.194151 -0.980785 -0.019122
v 0.146024 -0.989177 -0.014382
v 0.097545 -0.995185 -0.009607
v 0.048831 -0.998795 -0.004809
v 0.049068 0.998795 0.000000
v 0.098017 0.995185 0.000000
v 0.146730 0.989177 -0.000000
v 0.195090 0.980785 -0.000000
v 0.242980 0.970031 0.000000
v 0.290285 0.956940 0.000000
v 0.336890 0.941544 0.000000
v 0.382683 0.923880 0.000000
v 0.427555 0.903989 -0.000000
v 0.471397 0.881921 0.000000
v 0.514103 0.857729 0.000000
v 0.555570 0.831470 -0.000000
v 0.595699 0.803208 0.000000
v 0.634393 0.773010 -0.000000
v 0.671559 0.740951 -0.000000
v 0.707107 0.707107 0.000000
v 0.740951 0.671559 0.000000
v 0.773010 0.634393 -0.000000
v 0.803207 0.595699 0.000000
v 0.831470 0.555570 -0.000000
v 0.857728 0.514103 0.000000
v 0.881921 0.471397 0.000000
v 0.903989 0.427555 0.000000
v 0.923879 0.382683 0.000000
v 0.941544 0.336890 -0.000000
v 0.956940 0.290285 -0.000000
v 0.970031 0.242980 0.000000
v 0.980785 0.195090 0.000000
v 0.989176 0.146730 0.000000
v 0.995185 0.098017 0.000000
v 0.998795 0.049068 0.000000
v 1.000000 0.000000 0.000000
v 0.998795 -0.049068 0.000000
v 0.995185 -0.098017 0.000000
v 0.989176 -0.146730 0.000000
v 0.980785 -0.195090 0.000000
v 0.970031 -0.242980 0.000000
v 0.956940 -0.290285 -0.000000
v 0.941544 -0.336890 -0.000000
v 0.923879 -0.382683 0.000000
v 0.903989 -0.427555 0.000000
v 0.881921 -0.471397 0.000000
v 0.857728 -0.514103 0.000000
v 0.831470 -0.555570 -0.000000
v 0.803207 -0.595699 0.000000
v 0.773010 -0.634393 -0.000000
v 0.740951 -0.671559 0.000000
v 0.707107 -0.707107 0.000000
v 0.671559 -0.740951 -0.000000
v 0.634393 -0.773010 -0.000000
v 0.595699 -0.803208 0.000000
v 0.555570 -0.831470 -0.000000
v 0.514103 -0.857729 0.000000
v 0.471397 -0.881921 0.000000
v 0.427555 -0.903989 -0.000000
v 0.382683 -0.923880 0.000000
v 0.336890 -0.941544 0.000000
v 0.290285 -0.956940 0.000000
v 0.242980 -0.970031 0.000000
v 0.195090 -0.980785 -0.000000
v 0.146730 -0.989177 -0.000000
v 0.098017 -0.995185 0.000000
v 0.049068 -0.998795 0.000000
v 0.048831 0.998795 0.004809
v 0.097545 0.995185 0.009607
v 0.146024 0.989177 0.014382
v 0.194151 0.980785 0.019122
v 0.241810 0.970031 0.023816
v 0.288887 0.956940 0.028453
v 0.335268 0.941544 0.033021
v 0.380841 0.923880 0.037510
v 0.425496 0.903989 0.041908
v 0.469127 0.881921 0.046205
v 0.511627 0.857729 0.050391
v 0.552895 0.831470 0.054455
v 0.592831 0.803208 0.058389
v 0.631338 0.773010 0.062181
v 0.668325 0.740951 0.065824
v 0.703702 0.707107 0.069309
v 0.737383 0.671559 0.072626
v 0.769288 0.634393 0.075768
v 0.799340 0.595699 0.078728
v 0.827466 0.555570 0.081498
v 0.853598 0.514103 0.084072
v 0.877674 0.471397 0.086443
v 0.899636 0.427555 0.088606
v 0.919431 0.382683 0.090556
v 0.937010 0.336890 0.092287
v 0.952332 0.290285 0.093797
v 0.965360 0.242980 0.095080
v 0.976062 0.195090 0.096134
v 0.984413 0.146730 0.096956
v 0.990393 0.098017 0.097545
v 0.993986 0.049068 0.097899
v 0.995185 0.000000 0.098017
v 0.993986 -0.049068 0.097899
v 0.990393 -0.098017 0.097545
v 0.984413 -0.146730 0.096956
v 0.976062 -0.195090 0.096134
v 0.965360 -0.242980 0.095080
v 0.952332 -0.290285 0.093797
v 0.937010 -0.336890 0.092287
v 0.919431 -0.382683 0.090556
v 0.899636 -0.427555 0.088606
v 0.877674 -0.471397 0.086443
v 0.853598 -0.514103 0.084072
v 0.827466 -0.555570 0.081498
v 0.799340 -0.595699 0.078728
v 0.769288 -0.634393 0.075768
v 0.737383 -0.671559 0.072626
v 0.703702 -0.707107 0.069309
v 0.668325 -0.740951 0.065824
v 0.631338 -0.773010 0.062181
v 0.592831 -0.803208 0.058389
v 0.552895 -0.831470 0.054455
v 0.511627 -0.857729 0.050391
v 0.469127 -0.881921 0.046205
v 0.425496 -0.903989 0.041908
v 0.380841 -0.923880 0.037510
v 0.335268 -0.941544 0.033021
v 0.288887 -0.956940 0.028453
v 0.241810 -0.970031 0.023816
v 0.194151 -0.980785 0.019122
v 0.146024 -0.989177 0.014382
v 0.097545 -0.995185 0.009607
v 0.048831 -0.998795 0.004809
v 0.048125 0.998795 0.009573
v 0.096134 0.995185 0.019122
v 0.143911 0.989177 0.028626
v 0.191342 0.980785 0.038060
v 0.238311 0.970031 0.047403
v 0.284707 0.956940 0.056632
v 0.330417 0.941544 0.065724
v 0.375330 0.923880 0.074658
v 0.419340 0.903989 0.083412
v 0.462339 0.881921 0.091965
v 0.504224 0.857729 0.100296
v 0.544895 0.831470 0.108386
v 0.584253 0.803208 0.116215
v 0.622204 0.773010 0.123764
v 0.658655 0.740951 0.131015
v 0.693520 0.707107 0.137950
v 0.726714 0.671559 0.144552
v 0.758157 0.634393 0.150807
v 0.787774 0.595699 0.156698
v 0.815493 0.555570 0.162212
v 0.841247 0.514103 0.167335
v 0.864975 0.471397 0.172054
v 0.886619 0.427555 0.176360
v 0.906127 0.382683 0.180240
v 0.923452 0.336890 0.183686
v 0.938553 0.290285 0.186690
v 0.951392 0.242980 0.189244
v 0.961940 0.195090 0.191342
v 0.970169 0.146730 0.192979
v 0.976062 0.098017 0.194151
v 0.979604 0.049068 0.194855
v 0.980785 0.000000 0.195090
v 0.979604 -0.049068 0.194855
v 0.976062 -0.098017 0.194151
v 0.970169 -0.146730 0.192979
v 0.961940 -0.195090 0.191342
v 0.951392 -0.242980 0.189244
v 0.938553 -0.290285 0.186690
v 0.923452 -0.336890 0.183686
v 0.906127 -0.382683 0.180240
v 0.886619 -0.427555 0.176360
v 0.864975 -0.471397 0.172054
v 0.841247 -0.514103 0.167335
v 0.815493 -0.555570 0.162212
v 0.787774 -0.595699 0.156698
v 0.758157 -0.634393 0.150807
v 0.726714 -0.671559 0.144552
v 0.693520 -0.707107 0.137950
v 0.658655 -0.740951 0.131015
v 0.622204 -0.773010 0.123764
v 0.584253 -0.803208 0.116215
v 0.544895 -0.831470 0.108386
v 0.504224 -0.857729 0.100296
v 0.462339 -0.881921 0.091965
v 0.419340 -0.903989 0.083412
v 0.375330 -0.923880 0.074658
v 0.330417 -0.941544 0.065724
v 0.284707 -0.956940 0.056632
v 0.238311 -0.970031 0.047403
v 0.191342 -0.980785 0.038060
v 0.143911 -0.989177 0.028626
v 0.096134 -0.995185 0.019122
v 0.048125 -0.998795 0.009573
v 0.046955 0.998795 0.014244
v 0.093797 0.995185 0.028453
v 0.140412 0.989177 0.042594
v 0.186690 0.980785 0.056632
v 0.232517 0.970031 0.070533
v 0.277785 0.956940 0.084265
v 0.322383 0.941544 0.097794
v 0.366205 0.923880 0.111087
v 0.409145 0.903989 0.124113
v 0.451098 0.881921 0.136839
v 0.491965 0.857729 0.149236
v 0.531648 0.831470 0.161274
v 0.570049 0.803208 0.172922
v 0.607076 0.773010 0.184155
v 0.642642 0.740951 0.194943
v 0.676659 0.707107 0.205262
v 0.709046 0.671559 0.215087
v 0.739725 0.634393 0.224393
v 0.768622 0.595699 0.233159
v 0.795667 0.555570 0.241363
v 0.820795 0.514103 0.248985
v 0.843946 0.471397 0.256008
v 0.865064 0.427555 0.262414
v 0.884097 0.382683 0.268188
v 0.901001 0.336890 0.273316
v 0.915735 0.290285 0.277785
v 0.928262 0.242980 0.281585
v 0.938553 0.195090 0.284707
v 0.946582 0.146730 0.287143
v 0.952332 0.098017 0.288887
v 0.955788 0.049068 0.289935
v 0.956940 0.000000 0.290285
v 0.955788 -0.049068 0.289935
v 0.952332 -0.098017 0.288887
v 0.946582 -0.146730 0.287143
v 0.938553 -0.195090 0.284707
v 0.928262 -0.242980 0.281585
v 0.915735 -0.290285 0.277785
v 0.901001 -0.336890 0.273316
v 0.884097 -0.382683 0.268188
v 0.865064 -0.427555 0.262414
v 0.843946 -0.471397 0.256008
v 0.820795 -0.514103 0.248985
v 0.795667 -0.555570 0.241363
v 0.768622 -0.595699 0.233159
v 0.739725 -0.634393 0.224393
v 0.709046 -0.671559 0.215087
v 0.676659 -0.707107 0.205262
v 0.642642 -0.740951 0.194943
v 0.607076 -0.773010 0.184155
v 0.570049 -0.803208 0.172922
v 0.531648 -0.831470 0.161274
v 0.491965 -0.857729 0.149236
v 0.451098 -0.881921 0.136839
v 0.409145 -0.903989 0.124113
v 0.366205 -0.923880 0.111087
v 0.322383 -0.941544 0.097794
v 0.277785 -0.956940 0.084265
v 0.232517 -0.970031 0.070533
v 0.186690 -0.980785 0.056632
v 0.140412 -0.989177 0.042594
v 0.093797 -0.995185 0.028453
v 0.046955 -0.998795 0.014244
v 0.045333 0.998795 0.018777
v 0.090556 0.995185 0.037510
v 0.135561 0.989177 0.056151
v 0.180240 0.980785 0.074658
v 0.224484 0.970031 0.092984
v 0.268188 0.956940 0.111087
v 0.311246 0.941544 0.128922
v 0.353553 0.923880 0.146447
v 0.395009 0.903989 0.163618
v 0.435514 0.881921 0.180396
v 0.474969 0.857729 0.196739
v 0.513280 0.831470 0.212608
v 0.550354 0.803208 0.227964
v 0.586103 0.773010 0.242772
v 0.620440 0.740951 0.256994
v 0.653281 0.707107 0.270598
v 0.684549 0.671559 0.283550
v 0.714169 0.634393 0.295818
v 0.742067 0.595699 0.307374
v 0.768178 0.555570 0.318190
v 0.792438 0.514103 0.328239
v 0.814789 0.471397 0.337497
v 0.835177 0.427555 0.345942
v 0.853553 0.382683 0.353553
v 0.869873 0.336890 0.360313
v 0.884098 0.290285 0.366205
v 0.896192 0.242980 0.371215
v 0.906127 0.195090 0.375330
v 0.913880 0.146730 0.378541
v 0.919431 0.098017 0.380841
v 0.922767 0.049068 0.382222
v 0.923879 0.000000 0.382683
v 0.922767 -0.049068 0.382222
v 0.919431 -0.098017 0.380841
v 0.913880 -0.146730 0.378541
v 0.906127 -0.195090 0.375330
v 0.896192 -0.242980 0.371215
v 0.884098 -0.290285 0.366205
v 0.869873 -0.336890 0.360313
v 0.853553 -0.382683 0.353553
v 0.835177 -0.427555 0.345942
v 0.814789 -0.471397 0.337497
v 0.792438 -0.514103 0.328239
v 0.768178 -0.555570 0.318190
v 0.742067 -0.595699 0.307374
v 0.714169 -0.634393 0.295818
v 0.684549 -0.671559 0.283550
v 0.653281 -0.707107 0.270598
v 0.620440 -0.740951 0.256994
v 0.586103 -0.773010 0.242772
v 0.550354 -0.803208 0.227964
v 0.513280 -0.831470 0.212608
v 0.474969 -0.857729 0.196739
v 0.435514 -0.881921 0.180396
v 0.395009 -0.903989 0.163618
v 0.353553 -0.923880 0.146447
v 0.311246 -0.941544 0.128922
v 0.268188 -0.956940 0.111087
v 0.224484 -0.970031 0.092984
v 0.180240 -0.980785 0.074658
v 0.135561 -0.989177 0.056151
v 0.090556 -0.995185 0.037510
v 0.045333 -0.998795 0.018777
v 0.043274 0.998795 0.023130
v 0.086443 0.995185 0.046205
v 0.129405 0.989177 0.069168
v 0.172054 0.980785 0.091965
v 0.214289 0.970031 0.114540
v 0.256008 0.956940 0.136839
v 0.297110 0.941544 0.158809
v 0.337497 0.923880 0.180396
v 0.377070 0.903989 0.201548
v 0.415735 0.881921 0.222215
v 0.453398 0.857729 0.242346
v 0.489969 0.831470 0.261894
v 0.525360 0.803208 0.280811
v 0.559485 0.773010 0.299051
v 0.592262 0.740951 0.316571
v 0.623612 0.707107 0.333328
v 0.653460 0.671559 0.349282
v 0.681734 0.634393 0.364395
v 0.708366 0.595699 0.378629
v 0.733291 0.555570 0.391952
v 0.756449 0.514103 0.404330
v 0.777785 0.471397 0.415735
v 0.797247 0.427555 0.426138
v 0.814789 0.382683 0.435514
v 0.830368 0.336890 0.443841
v 0.843946 0.290285 0.451099
v 0.855491 0.242980 0.457269
v 0.864975 0.195090 0.462339
v 0.872375 0.146730 0.466294
v 0.877674 0.098017 0.469127
v 0.880859 0.049068 0.470829
v 0.881921 0.000000 0.471397
v 0.880859 -0.049068 0.470829
v 0.877674 -0.098017 0.469127
v 0.872375 -0.146730 0.466294
v 0.864975 -0.195090 0.462339
v 0.855491 -0.242980 0.457269
v 0.843946 -0.290285 0.451099
v 0.830368 -0.336890 0.443841
v 0.814789 -0.382683 0.435514
v 0.797247 -0.427555 0.426138
v 0.777785 -0.471397 0.415735
v 0.756449 -0.514103 0.404330
v 0.733291 -0.555570 0.391952
v 0.708366 -0.595699 0.378629
v 0.681734 -0.634393 0.364395
v 0.653460 -0.671559 0.349282
v 0.623612 -0.707107 0.333328
v 0.592262 -0.740951 0.316571
v 0.559485 -0.773010 0.299051
v 0.525360 -0.803208 0.280811
v 0.489969 -0.831470 0.261894
v 0.453398 -0.857729 0.242346
v 0.415735 -0.881921 0.222215
v 0.377070 -0.903989 0.201548
v 0.337497 -0.923880 0.180396
v 0.297110 -0.941544 0.158809
v 0.256008 -0.956940 0.136839
v 0.214289 -0.970031 0.114540
v 0.172054 -0.980785 0.091965
v 0.129405 -0.989177 0.069168
v 0.086443 -0.995185 0.046205
v 0.043274 -0.998795 0.023130
v 0.040798 0.998795 0.027261
v 0.081498 0.995185 0.054455
v 0.122002 0.989177 0.081519
v 0.162212 0.980785 0.108386
v 0.202031 0.970031 0.134993
v 0.241363 0.956940 0.161274
v 0.280114 0.941544 0.187166
v 0.318190 0.923880 0.212607
v 0.355499 0.903989 0.237537
v 0.391952 0.881921 0.261894
v 0.427461 0.857729 0.285620
v 0.461940 0.831470 0.308658
v 0.495306 0.803208 0.330953
v 0.527479 0.773010 0.352450
v 0.558381 0.740951 0.373098
v 0.587938 0.707107 0.392848
v 0.616078 0.671559 0.411650
v 0.642735 0.634393 0.429462
v 0.667842 0.595699 0.446238
v 0.691342 0.555570 0.461940
v 0.713175 0.514103 0.476528
v 0.733290 0.471397 0.489969
v 0.751640 0.427555 0.502230
v 0.768178 0.382683 0.513280
v 0.782865 0.336890 0.523094
v 0.795667 0.290285 0.531648
v 0.806551 0.242980 0.538920
v 0.815493 0.195090 0.544895
v 0.822470 0.146730 0.549557
v 0.827466 0.098017 0.552895
v 0.830468 0.049068 0.554901
v 0.831469 0.000000 0.555570
v 0.830468 -0.049068 0.554901
v 0.827466 -0.098017 0.552895
v 0.822470 -0.146730 0.549557
v 0.815493 -0.195090 0.544895
v 0.806551 -0.242980 0.538920
v 0.795667 -0.290285 0.531648
v 0.782865 -0.336890 0.523094
v 0.768178 -0.382683 0.513280
v 0.751640 -0.427555 0.502230
v 0.733290 -0.471397 0.489969
v 0.713175 -0.514103 0.476528
v 0.691342 -0.555570 0.461940
v 0.667842 -0.595699 0.446238
v 0.642735 -0.634393 0.429462
v 0.616078 -0.671559 0.411650
v 0.587938 -0.707107 0.392848
v 0.558381 -0.740951 0.373098
v 0.527479 -0.773010 0.352450
v 0.495306 -0.803208 0.330953
v 0.461940 -0.831470 0.308658
v 0.427461 -0.857729 0.285620
v 0.391952 -0.881921 0.261894
v 0.355499 -0.903989 0.237537
v 0.318190 -0.923880 0.212607
v 0.280114 -0.941544 0.187166
v 0.241363 -0.956940 0.161274
v 0.202031 -0.970031 0.134993
v 0.162212 -0.980785 0.108386
v 0.122002 -0.989177 0.081519
v 0.081498 -0.995185 0.054455
v 0.040798 -0.998795 0.027261
v 0.037930 0.998795 0.031128
v 0.075768 0.995185 0.062181
v 0.113424 0.989177 0.093085
v 0.150807 0.980785 0.123764
v 0.187826 0.970031 0.154145
v 0.224393 0.956940 0.184155
v 0.260419 0.941544 0.213721
v 0.295818 0.923880 0.242772
v 0.330505 0.903989 0.271238
v 0.364394 0.881921 0.299051
v 0.397407 0.857729 0.326143
v 0.429462 0.831470 0.352450
v 0.460482 0.803208 0.377908
v 0.490393 0.773010 0.402455
v 0.519122 0.740951 0.426032
v 0.546601 0.707107 0.448584
v 0.572763 0.671559 0.470054
v 0.597545 0.634393 0.490393
v 0.620888 0.595699 0.509549
v 0.642735 0.555570 0.527479
v 0.663033 0.514103 0.544137
v 0.681734 0.471397 0.559485
v 0.698793 0.427555 0.573485
v 0.714168 0.382683 0.586103
v 0.727823 0.336890 0.597309
v 0.739725 0.290285 0.607076
v 0.749844 0.242980 0.615381
v 0.758157 0.195090 0.622204
v 0.764643 0.146730 0.627527
v 0.769288 0.098017 0.631338
v 0.772079 0.049068 0.633629
v 0.773010 0.000000 0.634393
v 0.772079 -0.049068 0.633629
v 0.769288 -0.098017 0.631338
v 0.764643 -0.146730 0.627527
v 0.758157 -0.195090 0.622204
v 0.749844 -0.242980 0.615381
v 0.739725 -0.290285 0.607076
v 0.727823 -0.336890 0.597309
v 0.714168 -0.382683 0.586103
v 0.698793 -0.427555 0.573485
v 0.681734 -0.471397 0.559485
v 0.663033 -0.514103 0.544137
v 0.642735 -0.555570 0.527479
v 0.620888 -0.595699 0.509549
v 0.597545 -0.634393 0.490393
v 0.572763 -0.671559 0.470054
v 0.546601 -0.707107 0.448584
v 0.519122 -0.740951 0.426032
v 0.490393 -0.773010 0.402455
v 0.460482 -0.803208 0.377908
v 0.429462 -0.831470 0.352450
v 0.397407 -0.857729 0.326143
v 0.364394 -0.881921 0.299051
v 0.330505 -0.903989 0.271238
v 0.295818 -0.923880 0.242772
v 0.260419 -0.941544 0.213721
v 0.224393 -0.956940 0.184155
v 0.187826 -0.970031 0.154145
v 0.150807 -0.980785 0.123764
v 0.113424 -0.989177 0.093085
v 0.075768 -0.995185 0.062181
v 0.037930 -0.998795 0.031128
v 0.034696 0.998795 0.034696
v 0.069309 0.995185 0.069309
v 0.103754 0.989177 0.103754
v 0.137950 0.980785 0.137950
v 0.171813 0.970031 0.171813
v 0.205262 0.956940 0.205262
v 0.238217 0.941544 0.238217
v 0.270598 0.923880 0.270598
v 0.302327 0.903989 0.302327
v 0.333328 0.881921 0.333328
v 0.363525 0.857729 0.363525
v 0.392848 0.831470 0.392848
v 0.421223 0.803208 0.421223
v 0.448584 0.773010 0.448584
v 0.474864 0.740951 0.474864
v 0.500000 0.707107 0.500000
v 0.523931 0.671559 0.523931
v 0.546601 0.634393 0.546601
v 0.567953 0.595699 0.567953
v 0.587938 0.555570 0.587938
v 0.606506 0.514103 0.606506
v 0.623612 0.471397 0.623612
v 0.639217 0.427555 0.639217
v 0.653281 0.382683 0.653281
v 0.665772 0.336890 0.665772
v 0.676659 0.290285 0.676659
v 0.685915 0.242980 0.685915
v 0.693520 0.195090 0.693520
v 0.699453 0.146730 0.699453
v 0.703702 0.098017 0.703702
v 0.706255 0.049068 0.706255
v 0.707107 0.000000 0.707107
v 0.706255 -0.049068 0.706255
v 0.703702 -0.098017 0.703702
v 0.699453 -0.146730 0.699453
v 0.693520 -0.195090 0.693520
v 0.685915 -0.242980 0.685915
v 0.676659 -0.290285 0.676659
v 0.665772 -0.336890 0.665772
v 0.653281 -0.382683 0.653281
v 0.639217 -0.427555 0.639217
v 0.623612 -0.471397 0.623612
v 0.606506 -0.514103 0.606506
v 0.587938 -0.555570 0.587938
v 0.567953 -0.595699 0.567953
v 0.546601 -0.634393 0.546601
v 0.523931 -0.671559 0.523931
v 0.500000 -0.707107 0.500000
v 0.474864 -0.740951 0.474864
v 0.448584 -0.773010 0.448584
v 0.421223 -0.803208 0.421223
v 0.392848 -0.831470 0.392848
v 0.363525 -0.857729 0.363525
v 0.333328 -0.881921 0.333328
v 0.302327 -0.903989 0.302327
v 0.270598 -0.923880 0.270598
v 0.238217 -0.941544 0.238217
v 0.205262 -0.956940 0.205262
v 0.171813 -0.970031 0.171813
v 0.137950 -0.980785 0.137950
v 0.103754 -0.989177 0.103754
v 0.069309 -0.995185 0.069309
v 0.034696 -0.998795 0.034696
v 0.031128 0.998795 0.037930
v 0.062181 0.995185 0.075768
v 0.093085 0.989177 0.113424
v 0.123764 0.980785 0.150807
v 0.154145 0.970031 0.187826
v 0.184155 0.956940 0.224393
v 0.213721 0.941544 0.260419
v 0.242772 0.923880 0.295818
v 0.271238 0.903989 0.330505
v 0.299051 0.881921 0.364395
v 0.326143 0.857729 0.397407
v 0.352450 0.831470 0.429462
v 0.377907 0.803208 0.460482
v 0.402455 0.773010 0.490393
v 0.426032 0.740951 0.519122
v 0.448584 0.707107 0.546601
v 0.470054 0.671559 0.572763
v 0.490393 0.634393 0.597545
v 0.509549 0.595699 0.620888
v 0.527479 0.555570 0.642735
v 0.544137 0.514103 0.663033
v 0.559485 0.471397 0.681734
v 0.573485 0.427555 0.698793
v 0.586103 0.382683 0.714168
v 0.597309 0.336890 0.727823
v 0.607076 0.290285 0.739725
v 0.615381 0.242980 0.749844
v 0.622203 0.195090 0.758157
v 0.627527 0.146730 0.764643
v 0.631338 0.098017 0.769288
v 0.633629 0.049068 0.772079
v 0.634393 0.000000 0.773010
v 0.633629 -0.049068 0.772079
v 0.631338 -0.098017 0.769288
v 0.627527 -0.146730 0.764643
v 0.622203 -0.195090 0.758157
v 0.615381 -0.242980 0.749844
v 0.607076 -0.290285 0.739725
v 0.597309 -0.336890 0.727823
v 0.586103 -0.382683 0.714168
v 0.573485 -0.427555 0.698793
v 0.559485 -0.471397 0.681734
v 0.544137 -0.514103 0.663033
v 0.527479 -0.555570 0.642735
v 0.509549 -0.595699 0.620888
v 0.490393 -0.634393 0.597545
v 0.470054 -0.671559 0.572763
v 0.448584 -0.707107 0.546601
v 0.426032 -0.740951 0.519122
v 0.402455 -0.773010 0.490393
v 0.377907 -0.803208 0.460482
v 0.352450 -0.831470 0.429462
v 0.326143 -0.857729 0.397407
v 0.299051 -0.881921 0.364395
v 0.271238 -0.903989 0.330505
v 0.242772 -0.923880 0.295818
v 0.213721 -0.941544 0.260419
v 0.184155 -0.956940 0.224393
v 0.154145 -0.970031 0.187826
v 0.123764 -0.980785 0.150807
v 0.093085 -0.989177 0.113424
v 0.062181 -0.995185 0.075768
v 0.031128 -0.998795 0.037930
v 0.027261 0.998795 0.040798
v 0.054455 0.995185 0.081498
v 0.081519 0.989177 0.122002
v 0.108386 0.980785 0.162212
v 0.134992 0.970031 0.202031
v 0.161274 0.956940 0.241363
v 0.187166 0.941544 0.280114
v 0.212607 0.923880 0.318190
v 0.237537 0.903989 0.355499
v 0.261894 0.881921 0.391952
v 0.285620 0.857729 0.427461
v 0.308658 0.831470 0.461940
v 0.330953 0.803208 0.495306
v 0.352450 0.773010 0.527479
v 0.373098 0.740951 0.558381
v 0.392847 0.707107 0.587938
v 0.411650 0.671559 0.616078
v 0.429462 0.634393 0.642735
v 0.446238 0.595699 0.667843
v 0.461940 0.555570 0.691342
v 0.476528 0.514103 0.713175
v 0.489969 0.471397 0.733291
v 0.502230 0.427555 0.751640
v 0.513280 0.382683 0.768178
v 0.523094 0.336890 0.782865
v 0.531647 0.290285 0.795667
v 0.538920 0.242980 0.806551
v 0.544895 0.195090 0.815493
v 0.549557 0.146730 0.822470
v 0.552895 0.098017 0.827466
v 0.554901 0.049068 0.830468
v 0.555570 0.000000 0.831470
v 0.554901 -0.049068 0.830468
v 0.552895 -0.098017 0.827466
v 0.549557 -0.146730 0.822470
v 0.544895 -0.195090 0.815493
v 0.538920 -0.242980 0.806551
v 0.531647 -0.290285 0.795667
v 0.523094 -0.336890 0.782865
v 0.513280 -0.382683 0.768178
v 0.502230 -0.427555 0.751640
v 0.489969 -0.471397 0.733291
v 0.476528 -0.514103 0.713175
v 0.461940 -0.555570 0.691342
v 0.446238 -0.595699 0.667843
v 0.429462 -0.634393 0.642735
v 0.411650 -0.671559 0.616078
v 0.392847 -0.707107 0.587938
v 0.373098 -0.740951 0.558381
v 0.352450 -0.773010 0.527479
v 0.330953 -0.803208 0.495306
v 0.308658 -0.831470 0.461940
v 0.285620 -0.857729 0.427461
v 0.261894 -0.881921 0.391952
v 0.237537 -0.903989 0.355499
v 0.212607 -0.923880 0.318190
v 0.187166 -0.941544 0.280114
v 0.161274 -0.956940 0.241363
v 0.134992 -0.970031 0.202031
v 0.108386 -0.980785 0.162212
v 0.081519 -0.989177 0.122002
v 0.054455 -0.995185 0.081498
v 0.027261 -0.998795 0.040798
v 0.023130 0.998795 0.043274
v 0.046205 0.995185 0.086443
v 0.069168 0.989177 0.129405
v 0.091965 0.980785 0.172054
v 0.114540 0.970031 0.214289
v 0.136839 0.956940 0.256008
v 0.158809 0.941544 0.297110
v 0.180396 0.923880 0.337497
v 0.201548 0.903989 0.377070
v 0.222215 0.881921 0.415735
v 0.242346 0.857729 0.453398
v 0.261894 0.831470 0.489969
v 0.280811 0.803208 0.525360
v 0.299051 0.773010 0.559485
v 0.316571 0.740951 0.592262
v 0.333328 0.707107 0.623612
v 0.349282 0.671559 0.653460
v 0.364395 0.634393 0.681734
v 0.378629 0.595699 0.708366
v 0.391952 0.555570 0.733291
v 0.404330 0.514103 0.756449
v 0.415735 0.471397 0.777785
v 0.426138 0.427555 0.797247
v 0.435514 0.382683 0.814789
v 0.443841 0.336890 0.830367
v 0.451098 0.290285 0.843946
v 0.457269 0.242980 0.855491
v 0.462339 0.195090 0.864975
v 0.466294 0.146730 0.872375
v 0.469127 0.098017 0.877674
v 0.470829 0.049068 0.880859
v 0.471397 0.000000 0.881921
v 0.470829 -0.049068 0.880859
v 0.469127 -0.098017 0.877674
v 0.466294 -0.146730 0.872375
v 0.462339 -0.195090 0.864975
v 0.457269 -0.242980 0.855491
v 0.451098 -0.290285 0.843946
v 0.443841 -0.336890 0.830367
v 0.435514 -0.382683 0.814789
v 0.426138 -0.427555 0.797247
v 0.415735 -0.471397 0.777785
v 0.404330 -0.514103 0.756449
v 0.391952 -0.555570 0.733291
v 0.378629 -0.595699 0.708366
v 0.364395 -0.634393 0.681734
v 0.349282 -0.671559 0.653460
v 0.333328 -0.707107 0.623612
v 0.316571 -0.740951 0.592262
v 0.299051 -0.773010 0.559485
v 0.280811 -0.803208 0.525360
v 0.261894 -0.831470 0.489969
v 0.242346 -0.857729 0.453398
v 0.222215 -0.881921 0.415735
v 0.201548 -0.903989 0.377070
v 0.180396 -0.923880 0.337497
v 0.158809 -0.941544 0.297110
v 0.136839 -0.956940 0.256008
v 0.114540 -0.970031 0.214289
v 0.091965 -0.980785 0.172054
v 0.069168 -0.989177 0.129405
v 0.046205 -0.995185 0.086443
v 0.023130 -0.998795 0.043274
v 0.018777 0.998795 0.045333
v 0.037510 0.995185 0.090556
v 0.056151 0.989177 0.135561
v 0.074658 0.980785 0.180240
v 0.092984 0.970031 0.224484
v 0.111087 0.956940 0.268188
v 0.128922 0.941544 0.311246
v 0.146447 0.923880 0.353553
v 0.163618 0.903989 0.395009
v 0.180396 0.881921 0.435514
v 0.196738 0.857729 0.474969
v 0.212608 0.831470 0.513280
v 0.227964 0.803208 0.550354
v 0.242772 0.773010 0.586103
v 0.256994 0.740951 0.620439
v 0.270598 0.707107 0.653281
v 0.283550 0.671559 0.684549
v 0.295818 0.634393 0.714168
v 0.307374 0.595699 0.742067
v 0.318190 0.555570 0.768178
v 0.328238 0.514103 0.792438
v 0.337497 0.471397 0.814789
v 0.345942 0.427555 0.835177
v 0.353553 0.382683 0.853553
v 0.360313 0.336890 0.869873
v 0.366205 0.290285 0.884097
v 0.371215 0.242980 0.896192
v 0.375330 0.195090 0.906127
v 0.378541 0.146730 0.913879
v 0.380841 0.098017 0.919431
v 0.382222 0.049068 0.922767
v 0.382683 0.000000 0.923879
v 0.382222 -0.049068 0.922767
v 0.380841 -0.098017 0.919431
v 0.378541 -0.146730 0.913879
v 0.375330 -0.195090 0.906127
v 0.371215 -0.242980 0.896192
v 0.366205 -0.290285 0.884097
v 0.360313 -0.336890 0.869873
v 0.353553 -0.382683 0.853553
v 0.345942 -0.427555 0.835177
v 0.337497 -0.471397 0.814789
v 0.328238 -0.514103 0.792438
v 0.318190 -0.555570 0.768178
v 0.307374 -0.595699 0.742067
v 0.295818 -0.634393 0.714168
v 0.283550 -0.671559 0.684549
v 0.270598 -0.707107 0.653281
v 0.256994 -0.740951 0.620439
v 0.242772 -0.773010 0.586103
v 0.227964 -0.803208 0.550354
v 0.212608 -0.831470 0.513280
v 0.196738 -0.857729 0.474969
v 0.180396 -0.881921 0.435514
v 0.163618 -0.903989 0.395009
v 0.146447 -0.923880 0.353553
v 0.128922 -0.941544 0.311246
v 0.111087 -0.956940 0.268188
v 0.092984 -0.970031 0.224484
v 0.074658 -0.980785 0.180240
v 0.056151 -0.989177 0.135561
v 0.037510 -0.995185 0.090556
v 0.018777 -0.998795 0.045333
v 0.014244 0.998795 0.046955
v 0.028453 0.995185 0.093797
v 0.042594 0.989177 0.140412
v 0.056632 0.980785 0.186690
v 0.070533 0.970031 0.232517
v 0.084265 0.956940 0.277785
v 0.097794 0.941544 0.322383
v 0.111087 0.923880 0.366205
v 0.124113 0.903989 0.409145
v 0.136839 0.881921 0.451098
v 0.149236 0.857729 0.491965
v 0.161274 0.831470 0.531648
v 0.172922 0.803208 0.570049
v 0.184155 0.773010 0.607076
v 0.194943 0.740951 0.642642
v 0.205262 0.707107 0.676659
v 0.215087 0.671559 0.709046
v 0.224393 0.634393 0.739725
v 0.233159 0.595699 0.768622
v 0.241363 0.555570 0.795667
v 0.248985 0.514103 0.820795
v 0.256008 0.471397 0.843946
v 0.262414 0.427555 0.865064
v 0.268188 0.382683 0.884097
v 0.273316 0.336890 0.901001
v 0.277785 0.290285 0.915735
v 0.281585 0.242980 0.928262
v 0.284707 0.195090 0.938553
v 0.287143 0.146730 0.946582
v 0.288887 0.098017 0.952332
v 0.289935 0.049068 0.955787
v 0.290284 0.000000 0.956940
v 0.289935 -0.049068 0.955787
v 0.288887 -0.098017 0.952332
v 0.287143 -0.146730 0.946582
v 0.284707 -0.195090 0.938553
v 0.281585 -0.242980 0.928262
v 0.277785 -0.290285 0.915735
v 0.273316 -0.336890 0.901001
v 0.268188 -0.382683 0.884097
v 0.262414 -0.427555 0.865064
v 0.256008 -0.471397 0.843946
v 0.248985 -0.514103 0.820795
v 0.241363 -0.555570 0.795667
v 0.233159 -0.595699 0.768622
v 0.224393 -0.634393 0.739725
v 0.215087 -0.671559 0.709046
v 0.205262 -0.707107 0.676659
v 0.194943 -0.740951 0.642642
v 0.184155 -0.773010 0.607076
v 0.172922 -0.803208 0.570049
v 0.161274 -0.831470 0.531648
v 0.149236 -0.857729 0.491965
v 0.136839 -0.881921 0.451098
v 0.124113 -0.903989 0.409145
v 0.111087 -0.923880 0.366205
v 0.097794 -0.941544 0.322383
v 0.084265 -0.956940 0.277785
v 0.070533 -0.970031 0.232517
v 0.056632 -0.980785 0.186690
v 0.042594 -0.989177 0.140412
v 0.028453 -0.995185 0.093797
v 0.014244 -0.998795 0.046955
v 0.009573 0.998795 0.048125
v 0.019122 0.995185 0.096134
v 0.028626 0.989177 0.143911
v 0.038060 0.980785 0.191342
v 0.047403 0.970031 0.238311
v 0.056632 0.956940 0.284707
v 0.065724 0.941544 0.330417
v 0.074658 0.923880 0.375330
v 0.083412 0.903989 0.419340
v 0.091965 0.881921 0.462339
v 0.100296 0.857729 0.504224
v 0.108386 0.831470 0.544895
v 0.116215 0.803208 0.584253
v 0.123764 0.773010 0.622204
v 0.131015 0.740951 0.658655
v 0.137950 0.707107 0.693520
v 0.144552 0.671559 0.726714
v 0.150807 0.634393 0.758157
v 0.156698 0.595699 0.787774
v 0.162212 0.555570 0.815493
v 0.167334 0.514103 0.841247
v 0.172054 0.471397 0.864975
v 0.176360 0.427555 0.886619
v 0.180240 0.382683 0.906127
v 0.183686 0.336890 0.923452
v 0.186690 0.290285 0.938553
v 0.189243 0.242980 0.951392
v 0.191342 0.195090 0.961940
v 0.192979 0.146730 0.970169
v 0.194151 0.098017 0.976062
v 0.194855 0.049068 0.979604
v 0.195090 0.000000 0.980785
v 0.194855 -0.049068 0.979604
v 0.194151 -0.098017 0.976062
v 0.192979 -0.146730 0.970169
v 0.191342 -0.195090 0.961940
v 0.189243 -0.242980 0.951392
v 0.186690 -0.290285 0.938553
v 0.183686 -0.336890 0.923452
v 0.180240 -0.382683 0.906127
v 0.176360 -0.427555 0.886619
v 0.172054 -0.471397 0.864975
v 0.167334 -0.514103 0.841247
v 0.162212 -0.555570 0.815493
v 0.156698 -0.595699 0.787774
v 0.150807 -0.634393 0.758157
v 0.144552 -0.671559 0.726714
v 0.137950 -0.707107 0.693520
v 0.131015 -0.740951 0.658655
v 0.123764 -0.773010 0.622204
v 0.116215 -0.803208 0.584253
v 0.108386 -0.831470 0.544895
v 0.100296 -0.857729 0.504224
v 0.091965 -0.881921 0.462339
v 0.083412 -0.903989 0.419340
v 0.074658 -0.923880 0.375330
v 0.065724 -0.941544 0.330417
v 0.056632 -0.956940 0.284707
v 0.047403 -0.970031 0.238311
v 0.038060 -0.980785 0.191342
v 0.028626 -0.989177 0.143911
v 0.019122 -0.995185 0.096134
v 0.009573 -0.998795 0.048125
v 0.004809 0.998795 0.048831
v 0.009607 0.995185 0.097545
v 0.014382 0.989177 0.146024
v 0.019122 0.980785 0.194151
v 0.023816 0.970031 0.241810
v 0.028453 0.956940 0.288887
v 0.033021 0.941544 0.335268
v 0.037510 0.923880 0.380841
v 0.041908 0.903989 0.425496
v 0.046205 0.881921 0.469127
v 0.050391 0.857729 0.511627
v 0.054455 0.831470 0.552895
v 0.058389 0.803208 0.592831
v 0.062181 0.773010 0.631338
v 0.065824 0.740951 0.668325
v 0.069308 0.707107 0.703702
v 0.072626 0.671559 0.737383
v 0.075768 0.634393 0.769288
v 0.078728 0.595699 0.799340
v 0.081498 0.555570 0.827466
v 0.084072 0.514103 0.853598
v 0.086443 0.471397 0.877674
v 0.088606 0.427555 0.899636
v 0.090556 0.382683 0.919430
v 0.092288 0.336890 0.937010
v 0.093796 0.290285 0.952332
v 0.095080 0.242980 0.965360
v 0.096134 0.195090 0.976062
v 0.096956 0.146730 0.984413
v 0.097545 0.098017 0.990392
v 0.097899 0.049068 0.993986
v 0.098017 0.000000 0.995185
v 0.097899 -0.049068 0.993986
v 0.097545 -0.098017 0.990392
v 0.096956 -0.146730 0.984413
v 0.096134 -0.195090 0.976062
v 0.095080 -0.242980 0.965360
v 0.093796 -0.290285 0.952332
v 0.092288 -0.336890 0.937010
v 0.090556 -0.382683 0.919430
v 0.088606 -0.427555 0.899636
v 0.086443 -0.471397 0.877674
v 0.084072 -0.514103 0.853598
v 0.081498 -0.555570 0.827466
v 0.078728 -0.595699 0.799340
v 0.075768 -0.634393 0.769288
v 0.072626 -0.671559 0.737383
v 0.069308 -0.707107 0.703702
v 0.065824 -0.740951 0.668325
v 0.062181 -0.773010 0.631338
v 0.058389 -0.803208 0.592831
v 0.054455 -0.831470 0.552895
v 0.050391 -0.857729 0.511627
v 0.046205 -0.881921 0.469127
v 0.041908 -0.903989 0.425496
v 0.037510 -0.923880 0.380841
v 0.033021 -0.941544 0.335268
v 0.028453 -0.956940 0.288887
v 0.023816 -0.970031 0.241810
v 0.019122 -0.980785 0.194151
v 0.014382 -0.989177 0.146024
v 0.009607 -0.995185 0.097545
v 0.004809 -0.998795 0.048831
v -0.000000 0.998795 0.049068
v -0.000000 0.995185 0.098017
v 0.000000 0.989177 0.146730
v 0.000000 0.980785 0.195090
v -0.000000 0.970031 0.242980
v -0.000000 0.956940 0.290285
v -0.000000 0.941544 0.336890
v -0.000000 0.923880 0.382683
v 0.000000 0.903989 0.427555
v -0.000000 0.881921 0.471397
v -0.000000 0.857729 0.514102
v 0.000000 0.831470 0.555571
v -0.000000 0.803208 0.595699
v 0.000000 0.773010 0.634393
v 0.000000 0.740951 0.671559
v -0.000000 0.707107 0.707107
v -0.000000 0.671559 0.740951
v 0.000000 0.634393 0.773010
v -0.000000 0.595699 0.803207
v 0.000000 0.555570 0.831470
v -0.000000 0.514103 0.857728
v -0.000000 0.471397 0.881921
v -0.000000 0.427555 0.903989
v -0.000000 0.382683 0.923879
v 0.000000 0.336890 0.941544
v -0.000000 0.290285 0.956940
v -0.000000 0.242980 0.970031
v -0.000000 0.195090 0.980785
v 0.000000 0.146730 0.989176
v -0.000000 0.098017 0.995184
v -0.000000 0.049068 0.998795
v -0.000000 0.000000 1.000000
v -0.000000 -0.049068 0.998795
v -0.000000 -0.098017 0.995184
v 0.000000 -0.146730 0.989176
v -0.000000 -0.195090 0.980785
v -0.000000 -0.242980 0.970031
v -0.000000 -0.290285 0.956940
v 0.000000 -0.336890 0.941544
v -0.000000 -0.382683 0.923879
v -0.000000 -0.427555 0.903989
v -0.000000 -0.471397 0.881921
v -0.000000 -0.514103 0.857728
v 0.000000 -0.555570 0.831470
v -0.000000 -0.595699 0.803207
v 0.000000 -0.634393 0.773010
v -0.000000 -0.671559 0.740951
v -0.000000 -0.707107 0.707107
v 0.000000 -0.740951 0.671559
v 0.000000 -0.773010 0.634393
v -0.000000 -0.803208 0.595699
v 0.000000 -0.831470 0.555571
v -0.000000 -0.857729 0.514102
v -0.000000 -0.881921 0.471397
v 0.000000 -0.903989 0.427555
v -0.000000 -0.923880 0.382683
v -0.000000 -0.941544 0.336890
v -0.000000 -0.956940 0.290285
v -0.000000 -0.970031 0.242980
v 0.000000 -0.980785 0.195090
v 0.000000 -0.989177 0.146730
v -0.000000 -0.995185 0.098017
v -0.000000 -0.998795 0.049068
v 0.000000 1.000000 0.000000
v -0.004809 0.998795 0.048831
v -0.009607 0.995185 0.097545
v -0.014382 0.989177 0.146024
v -0.019122 0.980785 0.194151
v -0.023816 0.970031 0.241810
v -0.028453 0.956940 0.288887
v -0.033021 0.941544 0.335268
v -0.037510 0.923880 0.380840
v -0.041908 0.903989 0.425496
v -0.046205 0.881921 0.469127
v -0.050391 0.857729 0.511627
v -0.054455 0.831470 0.552895
v -0.058389 0.803208 0.592831
v -0.062181 0.773010 0.631338
v -0.065824 0.740951 0.668325
v -0.069309 0.707107 0.703702
v -0.072626 0.671559 0.737383
v -0.075768 0.634393 0.769288
v -0.078728 0.595699 0.799340
v -0.081498 0.555570 0.827466
v -0.084072 0.514103 0.853598
v -0.086443 0.471397 0.877674
v -0.088606 0.427555 0.899636
v -0.090556 0.382683 0.919430
v -0.092287 0.336890 0.937010
v -0.093797 0.290285 0.952332
v -0.095080 0.242980 0.965360
v -0.096134 0.195090 0.976062
v -0.096956 0.146730 0.984413
v -0.097545 0.098017 0.990392
v -0.097899 0.049068 0.993986
v -0.098017 0.000000 0.995184
v -0.097899 -0.049068 0.993986
v -0.097545 -0.098017 0.990392
v -0.096956 -0.146730 0.984413
v -0.096134 -0.195090 0.976062
v -0.095080 -0.242980 0.965360
v -0.093797 -0.290285 0.952332
v -0.092287 -0.336890 0.937010
v -0.090556 -0.382683 0.919430
v -0.088606 -0.427555 0.899636
v -0.086443 -0.471397 0.877674
v -0.084072 -0.514103 0.853598
v -0.081498 -0.555570 0.827466
v -0.078728 -0.595699 0.799340
v -0.075768 -0.634393 0.769288
v -0.072626 -0.671559 0.737383
v -0.069309 -0.707107 0.703702
v -0.065824 -0.740951 0.668325
v -0.062181 -0.773010 0.631338
v -0.058389 -0.803208 0.592831
v -0.054455 -0.831470 0.552895
v -0.050391 -0.857729 0.511627
v -0.046205 -0.881921 0.469127
v -0.041908 -0.903989 0.425496
v -0.037510 -0.923880 0.380840
v -0.033021 -0.941544 0.335268
v -0.028453 -0.956940 0.288887
v -0.023816 -0.970031 0.241810
v -0.019122 -0.980785 0.194151
v -0.014382 -0.989177 0.146024
v -0.009607 -0.995185 0.097545
v -0.004809 -0.998795 0.048831
v -0.009573 0.998795 0.048125
v -0.019122 0.995185 0.096134
v -0.028626 0.989177 0.143911
v -0.038060 0.980785 0.191342
v -0.047403 0.970031 0.238311
v -0.056632 0.956940 0.284707
v -0.065724 0.941544 0.330417
v -0.074658 0.923880 0.375330
v -0.083412 0.903989 0.419340
v -0.091965 0.881921 0.462339
v -0.100296 0.857729 0.504224
v -0.108386 0.831470 0.544895
v -0.116215 0.803208 0.584253
v -0.123764 0.773010 0.622204
v -0.131015 0.740951 0.658655
v -0.137950 0.707107 0.693520
v -0.144552 0.671559 0.726714
v -0.150807 0.634393 0.758157
v -0.156698 0.595699 0.787774
v -0.162212 0.555570 0.815493
v -0.167335 0.514103 0.841247
v -0.172054 0.471397 0.864975
v -0.176360 0.427555 0.886619
v -0.180240 0.382683 0.906127
v -0.183686 0.336890 0.923452
v -0.186690 0.290285 0.938553
v -0.189244 0.242980 0.951392
v -0.191342 0.195090 0.961940
v -0.192979 0.146730 0.970169
v -0.194151 0.098017 0.976062
v -0.194855 0.049068 0.979604
v -0.195090 0.000000 0.980785
v -0.194855 -0.049068 0.979604
v -0.194151 -0.098017 0.976062
v -0.192979 -0.146730 0.970169
v -0.191342 -0.195090 0.961940
v -0.189244 -0.242980 0.951392
v -0.186690 -0.290285 0.938553
v -0.183686 -0.336890 0.923452
v -0.180240 -0.382683 0.906127
v -0.176360 -0.427555 0.886619
v -0.172054 -0.471397 0.864975
v -0.167335 -0.514103 0.841247
v -0.162212 -0.555570 0.815493
v -0.156698 -0.595699 0.787774
v -0.150807 -0.634393 0.758157
v -0.144552 -0.671559 0.726714
v -0.137950 -0.707107 0.693520
v -0.131015 -0.740951 0.658655
v -0.123764 -0.773010 0.622204
v -0.116215 -0.803208 0.584253
v -0.108386 -0.831470 0.544895
v -0.100296 -0.857729 0.504224
v -0.091965 -0.881921 0.462339
v -0.083412 -0.903989 0.419340
v -0.074658 -0.923880 0.375330
v -0.065724 -0.941544 0.330417
v -0.056632 -0.956940 0.284707
v -0.047403 -0.970031 0.238311
v -0.038060 -0.980785 0.191342
v -0.028626 -0.989177 0.143911
v -0.019122 -0.995185 0.096134
v -0.009573 -0.998795 0.048125
v -0.014244 0.998795 0.046955
v -0.028453 0.995185 0.093797
v -0.042594 0.989177 0.140412
v -0.056632 0.980785 0.186690
v -0.070533 0.970031 0.232517
v -0.084265 0.956940 0.277785
v -0.097794 0.941544 0.322383
v -0.111087 0.923880 0.366205
v -0.124113 0.903989 0.409145
v -0.136839 0.881921 0.451098
v -0.149236 0.857729 0.491965
v -0.161274 0.831470 0.531648
v -0.172922 0.803208 0.570048
v -0.184155 0.773010 0.607076
v -0.194943 0.740951 0.642642
v -0.205262 0.707107 0.676659
v -0.215087 0.671559 0.709046
v -0.224393 0.634393 0.739725
v -0.233159 0.595699 0.768621
v -0.241363 0.555570 0.795667
v -0.248985 0.514103 0.820795
v -0.256008 0.471397 0.843946
v -0.262414 0.427555 0.865064
v -0.268188 0.382683 0.884097
v -0.273316 0.336890 0.901001
v -0.277785 0.290285 0.915735
v -0.281585 0.242980 0.928261
v -0.284707 0.195090 0.938553
v -0.287143 0.146730 0.946582
v -0.288887 0.098017 0.952332
v -0.289935 0.049068 0.955787
v -0.290285 0.000000 0.956940
v -0.289935 -0.049068 0.955787
v -0.288887 -0.098017 0.952332
v -0.287143 -0.146730 0.946582
v -0.284707 -0.195090 0.938553
v -0.281585 -0.242980 0.928261
v -0.277785 -0.290285 0.915735
v -0.273316 -0.336890 0.901001
v -0.268188 -0.382683 0.884097
v -0.262414 -0.427555 0.865064
v -0.256008 -0.471397 0.843946
v -0.248985 -0.514103 0.820795
v -0.241363 -0.555570 0.795667
v -0.233159 -0.595699 0.768621
v -0.224393 -0.634393 0.739725
v -0.215087 -0.671559 0.709046
v -0.205262 -0.707107 0.676659
v -0.194943 -0.740951 0.642642
v -0.184155 -0.773010 0.607076
v -0.172922 -0.803208 0.570048
v -0.161274 -0.831470 0.531648
v -0.149236 -0.857729 0.491965
v -0.136839 -0.881921 0.451098
v -0.124113 -0.903989 0.409145
v -0.111087 -0.923880 0.366205
v -0.097794 -0.941544 0.322383
v -0.084265 -0.956940 0.277785
v -0.070533 -0.970031 0.232517
v -0.056632 -0.980785 0.186690
v -0.042594 -0.989177 0.140412
v -0.028453 -0.995185 0.093797
v -0.014244 -0.998795 0.046955
v -0.018777 0.998795 0.045333
v -0.037510 0.995185 0.090556
v -0.056151 0.989177 0.135561
v -0.074658 0.980785 0.180240
v -0.092984 0.970031 0.224484
v -0.111087 0.956940 0.268188
v -0.128922 0.941544 0.311246
v -0.146447 0.923880 0.353553
v -0.163618 0.903989 0.395010
v -0.180396 0.881921 0.435514
v -0.196739 0.857729 0.474969
v -0.212608 0.831470 0.513280
v -0.227964 0.803208 0.550354
v -0.242772 0.773010 0.586103
v -0.256994 0.740951 0.620439
v -0.270598 0.707107 0.653281
v -0.283550 0.671559 0.684549
v -0.295818 0.634393 0.714168
v -0.307374 0.595699 0.742067
v -0.318190 0.555570 0.768178
v -0.328238 0.514103 0.792438
v -0.337497 0.471397 0.814789
v -0.345942 0.427555 0.835177
v -0.353553 0.382683 0.853553
v -0.360313 0.336890 0.869873
v -0.366205 0.290285 0.884097
v -0.371215 0.242980 0.896191
v -0.375330 0.195090 0.906127
v -0.378541 0.146730 0.913879
v -0.380841 0.098017 0.919430
v -0.382222 0.049068 0.922766
v -0.382684 0.000000 0.923879
v -0.382222 -0.049068 0.922766
v -0.380841 -0.098017 0.919430
v -0.378541 -0.146730 0.913879
v -0.375330 -0.195090 0.906127
v -0.371215 -0.242980 0.896191
v -0.366205 -0.290285 0.884097
v -0.360313 -0.336890 0.869873
v -0.353553 -0.382683 0.853553
v -0.345942 -0.427555 0.835177
v -0.337497 -0.471397 0.814789
v -0.328238 -0.514103 0.792438
v -0.318190 -0.555570 0.768178
v -0.307374 -0.595699 0.742067
v -0.295818 -0.634393 0.714168
v -0.283550 -0.671559 0.684549
v -0.270598 -0.707107 0.653281
v -0.256994 -0.740951 0.620439
v -0.242772 -0.773010 0.586103
v -0.227964 -0.803208 0.550354
v -0.212608 -0.831470 0.513280
v -0.196739 -0.857729 0.474969
v -0.180396 -0.881921 0.435514
v -0.163618 -0.903989 0.395010
v -0.146447 -0.923880 0.353553
v -0.128922 -0.941544 0.311246
v -0.111087 -0.956940 0.268188
v -0.092984 -0.970031 0.224484
v -0.074658 -0.980785 0.180240
v -0.056151 -0.989177 0.135561
v -0.037510 -0.995185 0.090556
v -0.018777 -0.998795 0.045333
v -0.023130 0.998795 0.043274
v -0.046205 0.995185 0.086443
v -0.069168 0.989177 0.129405
v -0.091965 0.980785 0.172054
v -0.114540 0.970031 0.214289
v -0.136839 0.956940 0.256008
v -0.158809 0.941544 0.297110
v -0.180396 0.923880 0.337496
v -0.201548 0.903989 0.377070
v -0.222215 0.881921 0.415735
v -0.242346 0.857729 0.453398
v -0.261894 0.831470 0.489970
v -0.280811 0.803208 0.525360
v -0.299051 0.773010 0.559485
v -0.316571 0.740951 0.592262
v -0.333328 0.707107 0.623612
v -0.349282 0.671559 0.653460
v -0.364394 0.634393 0.681734
v -0.378629 0.595699 0.708365
v -0.391952 0.555570 0.733291
v -0.404330 0.514103 0.756449
v -0.415735 0.471397 0.777785
v -0.426138 0.427555 0.797247
v -0.435514 0.382683 0.814789
v -0.443841 0.336890 0.830368
v -0.451099 0.290285 0.843946
v -0.457269 0.242980 0.855491
v -0.462339 0.195090 0.864975
v -0.466294 0.146730 0.872375
v -0.469127 0.098017 0.877674
v -0.470829 0.049068 0.880859
v -0.471397 0.000000 0.881921
v -0.470829 -0.049068 0.880859
v -0.469127 -0.098017 0.877674
v -0.466294 -0.146730 0.872375
v -0.462339 -0.195090 0.864975
v -0.457269 -0.242980 0.855491
v -0.451099 -0.290285 0.843946
v -0.443841 -0.336890 0.830368
v -0.435514 -0.382683 0.814789
v -0.426138 -0.427555 0.797247
v -0.415735 -0.471397 0.777785
v -0.404330 -0.514103 0.756449
v -0.391952 -0.555570 0.733291
v -0.378629 -0.595699 0.708365
v -0.364394 -0.634393 0.681734
v -0.349282 -0.671559 0.653460
v -0.333328 -0.707107 0.623612
v -0.316571 -0.740951 0.592262
v -0.299051 -0.773010 0.559485
v -0.280811 -0.803208 0.525360
v -0.261894 -0.831470 0.489970
v -0.242346 -0.857729 0.453398
v -0.222215 -0.881921 0.415735
v -0.201548 -0.903989 0.377070
v -0.180396 -0.923880 0.337496
v -0.158809 -0.941544 0.297110
v -0.136839 -0.956940 0.256008
v -0.114540 -0.970031 0.214289
v -0.091965 -0.980785 0.172054
v -0.069168 -0.989177 0.129405
v -0.046205 -0.995185 0.086443
v -0.023130 -0.998795 0.043274
v -0.027261 0.998795 0.040798
v -0.054455 0.995185 0.081498
v -0.081519 0.989177 0.122002
v -0.108386 0.980785 0.162212
v -0.134993 0.970031 0.202031
v -0.161274 0.956940 0.241363
v -0.187166 0.941544 0.280114
v -0.212607 0.923880 0.318189
v -0.237537 0.903989 0.355499
v -0.261894 0.881921 0.391952
v -0.285620 0.857729 0.427460
v -0.308658 0.831470 0.461940
v -0.330953 0.803208 0.495306
v -0.352450 0.773010 0.527479
v -0.373098 0.740951 0.558381
v -0.392848 0.707107 0.587938
v -0.411650 0.671559 0.616078
v -0.429461 0.634393 0.642735
v -0.446238 0.595699 0.667842
v -0.461940 0.555570 0.691342
v -0.476528 0.514103 0.713175
v -0.489969 0.471397 0.733290
v -0.502230 0.427555 0.751640
v -0.513280 0.382683 0.768177
v -0.523094 0.336890 0.782865
v -0.531648 0.290285 0.795667
v -0.538920 0.242980 0.806551
v -0.544895 0.195090 0.815493
v -0.549557 0.146730 0.822469
v -0.552895 0.098017 0.827466
v -0.554901 0.049068 0.830468
v -0.555570 0.000000 0.831469
v -0.554901 -0.049068 0.830468
v -0.552895 -0.098017 0.827466
v -0.549557 -0.146730 0.822469
v -0.544895 -0.195090 0.815493
v -0.538920 -0.242980 0.806551
v -0.531648 -0.290285 0.795667
v -0.523094 -0.336890 0.782865
v -0.513280 -0.382683 0.768177
v -0.502230 -0.427555 0.751640
v -0.489969 -0.471397 0.733290
v -0.476528 -0.514103 0.713175
v -0.461940 -0.555570 0.691342
v -0.446238 -0.595699 0.667842
v -0.429461 -0.634393 0.642735
v -0.411650 -0.671559 0.616078
v -0.392848 -0.707107 0.587938
v -0.373098 -0.740951 0.558381
v -0.352450 -0.773010 0.527479
v -0.330953 -0.803208 0.495306
v -0.308658 -0.831470 0.461940
v -0.285620 -0.857729 0.427460
v -0.261894 -0.881921 0.391952
v -0.237537 -0.903989 0.355499
v -0.212607 -0.923880 0.318189
v -0.187166 -0.941544 0.280114
v -0.161274 -0.956940 0.241363
v -0.134993 -0.970031 0.202031
v -0.108386 -0.980785 0.162212
v -0.081519 -0.989177 0.122002
v -0.054455 -0.995185 0.081498
v -0.027261 -0.998795 0.040798
v -0.031128 0.998795 0.037930
v -0.062181 0.995185 0.075768
v -0.093085 0.989177 0.113424
v -0.123764 0.980785 0.150807
v -0.154145 0.970031 0.187826
v -0.184155 0.956940 0.224393
v -0.213721 0.941544 0.260419
v -0.242772 0.923880 0.295818
v -0.271238 0.903989 0.330505
v -0.299051 0.881921 0.364394
v -0.326143 0.857729 0.397406
v -0.352450 0.831470 0.429462
v -0.377908 0.803208 0.460482
v -0.402455 0.773010 0.490393
v -0.426032 0.740951 0.519122
v -0.448584 0.707107 0.546601
v -0.470054 0.671559 0.572763
v -0.490392 0.634393 0.597545
v -0.509549 0.595699 0.620888
v -0.527479 0.555570 0.642735
v -0.544137 0.514103 0.663033
v -0.559485 0.471397 0.681734
v -0.573485 0.427555 0.698793
v -0.586103 0.382683 0.714168
v -0.597309 0.336890 0.727823
v -0.607077 0.290285 0.739725
v -0.615381 0.242980 0.749844
v -0.622204 0.195090 0.758157
v -0.627526 0.146730 0.764643
v -0.631338 0.098017 0.769288
v -0.633629 0.049068 0.772079
v -0.634393 0.000000 0.773010
v -0.633629 -0.049068 0.772079
v -0.631338 -0.098017 0.769288
v -0.627526 -0.146730 0.764643
v -0.622204 -0.195090 0.758157
v -0.615381 -0.242980 0.749844
v -0.607077 -0.290285 0.739725
v -0.597309 -0.336890 0.727823
v -0.586103 -0.382683 0.714168
v -0.573485 -0.427555 0.698793
v -0.559485 -0.471397 0.681734
v -0.544137 -0.514103 0.663033
v -0.527479 -0.555570 0.642735
v -0.509549 -0.595699 0.620888
v -0.490392 -0.634393 0.597545
v -0.470054 -0.671559 0.572763
v -0.448584 -0.707107 0.546601
v -0.426032 -0.740951 0.519122
v -0.402455 -0.773010 0.490393
v -0.377908 -0.803208 0.460482
v -0.352450 -0.831470 0.429462
v -0.326143 -0.857729 0.397406
v -0.299051 -0.881921 0.364394
v -0.271238 -0.903989 0.330505
v -0.242772 -0.923880 0.295818
v -0.213721 -0.941544 0.260419
v -0.184155 -0.956940 0.224393
v -0.154145 -0.970031 0.187826
v -0.123764 -0.980785 0.150807
v -0.093085 -0.989177 0.113424
v -0.062181 -0.995185 0.075768
v -0.031128 -0.998795 0.037930
v -0.034696 0.998795 0.034696
v -0.069309 0.995185 0.069309
v -0.103754 0.989177 0.103754
v -0.137950 0.980785 0.137950
v -0.171813 0.970031 0.171813
v -0.205262 0.956940 0.205262
v -0.238217 0.941544 0.238217
v -0.270598 0.923880 0.270598
v -0.302327 0.903989 0.302327
v -0.333328 0.881921 0.333328
v -0.363525 0.857729 0.363525
v -0.392848 0.831470 0.392848
v -0.421223 0.803208 0.421223
v -0.448584 0.773010 0.448584
v -0.474864 0.740951 0.474864
v -0.500000 0.707107 0.500000
v -0.523931 0.671559 0.523931
v -0.546601 0.634393 0.546601
v -0.567953 0.595699 0.567953
v -0.587938 0.555570 0.587938
v -0.606506 0.514103 0.606506
v -0.623612 0.471397 0.623612
v -0.639217 0.427555 0.639217
v -0.653281 0.382683 0.653281
v -0.665772 0.336890 0.665772
v -0.676659 0.290285 0.676659
v -0.685915 0.242980 0.685915
v -0.693520 0.195090 0.693520
v -0.699453 0.146730 0.699453
v -0.703702 0.098017 0.703702
v -0.706255 0.049068 0.706255
v -0.707107 0.000000 0.707106
v -0.706255 -0.049068 0.706255
v -0.703702 -0.098017 0.703702
v -0.699453 -0.146730 0.699453
v -0.693520 -0.195090 0.693520
v -0.685915 -0.242980 0.685915
v -0.676659 -0.290285 0.676659
v -0.665772 -0.336890 0.665772
v -0.653281 -0.382683 0.653281
v -0.639217 -0.427555 0.639217
v -0.623612 -0.471397 0.623612
v -0.606506 -0.514103 0.606506
v -0.587938 -0.555570 0.587938
v -0.567953 -0.595699 0.567953
v -0.546601 -0.634393 0.546601
v -0.523931 -0.671559 0.523931
v -0.500000 -0.707107 0.500000
v -0.474864 -0.740951 0.474864
v -0.448584 -0.773010 0.448584
v -0.421223 -0.803208 0.421223
v -0.392848 -0.831470 0.392848
v -0.363525 -0.857729 0.363525
v -0.333328 -0.881921 0.333328
v -0.302327 -0.903989 0.302327
v -0.270598 -0.923880 0.270598
v -0.238217 -0.941544 0.238217
v -0.205262 -0.956940 0.205262
v -0.171813 -0.970031 0.171813
v -0.137950 -0.980785 0.137950
v -0.103754 -0.989177 0.103754
v -0.069309 -0.995185 0.069309
v -0.034696 -0.998795 0.034696
v -0.037930 0.998795 0.031128
v -0.075768 0.995185 0.062181
v -0.113424 0.989177 0.093085
v -0.150807 0.980785 0.123764
v -0.187826 0.970031 0.154145
v -0.224393 0.956940 0.184155
v -0.260419 0.941544 0.213721
v -0.295818 0.923880 0.242772
v -0.330505 0.903989 0.271238
v -0.364394 0.881921 0.299051
v -0.397407 0.857729 0.326143
v -0.429462 0.831470 0.352450
v -0.460482 0.803208 0.377907
v -0.490393 0.773010 0.402455
v -0.519122 0.740951 0.426032
v -0.546601 0.707107 0.448584
v -0.572763 0.671559 0.470054
v -0.597545 0.634393 0.490393
v -0.620888 0.595699 0.509549
v -0.642735 0.555570 0.527479
v -0.663033 0.514103 0.544137
v -0.681734 0.471397 0.559485
v -0.698793 0.427555 0.573485
v -0.714168 0.382683 0.586103
v -0.727823 0.336890 0.597309
v -0.739725 0.290285 0.607076
v -0.749844 0.242980 0.615381
v -0.758157 0.195090 0.622203
v -0.764643 0.146730 0.627526
v -0.769288 0.098017 0.631338
v -0.772079 0.049068 0.633629
v -0.773010 0.000000 0.634393
v -0.772079 -0.049068 0.633629
v -0.769288 -0.098017 0.631338
v -0.764643 -0.146730 0.627526
v -0.758157 -0.195090 0.622203
v -0.749844 -0.242980 0.615381
v -0.739725 -0.290285 0.607076
v -0.727823 -0.336890 0.597309
v -0.714168 -0.382683 0.586103
v -0.698793 -0.427555 0.573485
v -0.681734 -0.471397 0.559485
v -0.663033 -0.514103 0.544137
v -0.642735 -0.555570 0.527479
v -0.620888 -0.595699 0.509549
v -0.597545 -0.634393 0.490393
v -0.572763 -0.671559 0.470054
v -0.546601 -0.707107 0.448584
v -0.519122 -0.740951 0.426032
v -0.490393 -0.773010 0.402455
v -0.460482 -0.803208 0.377907
v -0.429462 -0.831470 0.352450
v -0.397407 -0.857729 0.326143
v -0.364394 -0.881921 0.299051
v -0.330505 -0.903989 0.271238
v -0.295818 -0.923880 0.242772
v -0.260419 -0.941544 0.213721
v -0.224393 -0.956940 0.184155
v -0.187826 -0.970031 0.154145
v -0.150807 -0.980785 0.123764
v -0.113424 -0.989177 0.093085
v -0.075768 -0.995185 0.062181
v -0.037930 -0.998795 0.031128
v -0.040798 0.998795 0.027261
v -0.081498 0.995185 0.054455
v -0.122002 0.989177 0.081519
v -0.162212 0.980785 0.108386
v -0.202031 0.970031 0.134992
v -0.241363 0.956940 0.161274
v -0.280114 0.941544 0.187166
v -0.318189 0.923880 0.212607
v -0.355499 0.903989 0.237537
v -0.391952 0.881921 0.261894
v -0.427460 0.857729 0.285620
v -0.461940 0.831470 0.308659
v -0.495306 0.803208 0.330953
v -0.527479 0.773010 0.352450
v -0.558381 0.740951 0.373098
v -0.587938 0.707107 0.392847
v -0.616078 0.671559 0.411650
v -0.642734 0.634393 0.429462
v -0.667842 0.595699 0.446238
v -0.691342 0.555570 0.461940
v -0.713175 0.514103 0.476528
v -0.733290 0.471397 0.489969
v -0.751640 0.427555 0.502230
v -0.768177 0.382683 0.513280
v -0.782865 0.336890 0.523094
v -0.795667 0.290285 0.531647
v -0.806551 0.242980 0.538920
v -0.815493 0.195090 0.544895
v -0.822470 0.146730 0.549556
v -0.827466 0.098017 0.552895
v -0.830468 0.049068 0.554901
v -0.831470 0.000000 0.555570
v -0.830468 -0.049068 0.554901
v -0.827466 -0.098017 0.552895
v -0.822470 -0.146730 0.549556
v -0.815493 -0.195090 0.544895
v -0.806551 -0.242980 0.538920
v -0.795667 -0.290285 0.531647
v -0.782865 -0.336890 0.523094
v -0.768177 -0.382683 0.513280
v -0.751640 -0.427555 0.502230
v -0.733290 -0.471397 0.489969
v -0.713175 -0.514103 0.476528
v -0.691342 -0.555570 0.461940
v -0.667842 -0.595699 0.446238
v -0.642734 -0.634393 0.429462
v -0.616078 -0.671559 0.411650
v -0.587938 -0.707107 0.392847
v -0.558381 -0.740951 0.373098
v -0.527479 -0.773010 0.352450
v -0.495306 -0.803208 0.330953
v -0.461940 -0.831470 0.308659
v -0.427460 -0.857729 0.285620
v -0.391952 -0.881921 0.261894
v -0.355499 -0.903989 0.237537
v -0.318189 -0.923880 0.212607
v -0.280114 -0.941544 0.187166
v -0.241363 -0.956940 0.161274
v -0.202031 -0.970031 0.134992
v -0.162212 -0.980785 0.108386
v -0.122002 -0.989177 0.081519
v -0.081498 -0.995185 0.054455
v -0.040798 -0.998795 0.027261
v -0.043274 0.998795 0.023130
v -0.086443 0.995185 0.046205
v -0.129405 0.989177 0.069168
v -0.172054 0.980785 0.091965
v -0.214289 0.970031 0.114540
v -0.256008 0.956940 0.136839
v -0.297110 0.941544 0.158809
v -0.337496 0.923880 0.180396
v -0.377070 0.903989 0.201548
v -0.415735 0.881921 0.222215
v -0.453398 0.857729 0.242346
v -0.489969 0.831470 0.261894
v -0.525360 0.803208 0.280810
v -0.559485 0.773010 0.299051
v -0.592262 0.740951 0.316571
v -0.623612 0.707107 0.333328
v -0.653460 0.671559 0.349282
v -0.681734 0.634393 0.364395
v -0.708365 0.595699 0.378629
v -0.733291 0.555570 0.391952
v -0.756449 0.514103 0.404330
v -0.777785 0.471397 0.415735
v -0.797247 0.427555 0.426138
v -0.814789 0.382683 0.435513
v -0.830367 0.336890 0.443841
v -0.843946 0.290285 0.451098
v -0.855491 0.242980 0.457269
v -0.864975 0.195090 0.462339
v -0.872375 0.146730 0.466294
v -0.877674 0.098017 0.469127
v -0.880859 0.049068 0.470829
v -0.881921 0.000000 0.471396
v -0.880859 -0.049068 0.470829
v -0.877674 -0.098017 0.469127
v -0.872375 -0.146730 0.466294
v -0.864975 -0.195090 0.462339
v -0.855491 -0.242980 0.457269
v -0.843946 -0.290285 0.451098
v -0.830367 -0.336890 0.443841
v -0.814789 -0.382683 0.435513
v -0.797247 -0.427555 0.426138
v -0.777785 -0.471397 0.415735
v -0.756449 -0.514103 0.404330
v -0.733291 -0.555570 0.391952
v -0.708365 -0.595699 0.378629
v -0.681734 -0.634393 0.364395
v -0.653460 -0.671559 0.349282
v -0.623612 -0.707107 0.333328
v -0.592262 -0.740951 0.316571
v -0.559485 -0.773010 0.299051
v -0.525360 -0.803208 0.280810
v -0.489969 -0.831470 0.261894
v -0.453398 -0.857729 0.242346
v -0.415735 -0.881921 0.222215
v -0.377070 -0.903989 0.201548
v -0.337496 -0.923880 0.180396
v -0.297110 -0.941544 0.158809
v -0.256008 -0.956940 0.136839
v -0.214289 -0.970031 0.114540
v -0.172054 -0.980785 0.091965
v -0.129405 -0.989177 0.069168
v -0.086443 -0.995185 0.046205
v -0.043274 -0.998795 0.023130
v 0.000000 -1.000000 0.000000
v -0.045333 0.998795 0.018777
v -0.090556 0.995185 0.037509
v -0.135561 0.989177 0.056151
v -0.180240 0.980785 0.074658
v -0.224484 0.970031 0.092984
v -0.268188 0.956940 0.111087
v -0.311246 0.941544 0.128922
v -0.353553 0.923880 0.146446
v -0.395010 0.903989 0.163618
v -0.435514 0.881921 0.180396
v -0.474969 0.857729 0.196738
v -0.513280 0.831470 0.212608
v -0.550354 0.803208 0.227964
v -0.586103 0.773010 0.242772
v -0.620439 0.740951 0.256994
v -0.653281 0.707107 0.270598
v -0.684549 0.671559 0.283550
v -0.714168 0.634393 0.295818
v -0.742067 0.595699 0.307374
v -0.768178 0.555570 0.318190
v -0.792438 0.514103 0.328238
v -0.814789 0.471397 0.337496
v -0.835177 0.427555 0.345942
v -0.853553 0.382683 0.353553
v -0.869873 0.336890 0.360313
v -0.884098 0.290285 0.366205
v -0.896191 0.242980 0.371214
v -0.906127 0.195090 0.375330
v -0.913879 0.146730 0.378541
v -0.919431 0.098017 0.380840
v -0.922766 0.049068 0.382222
v -0.923879 0.000000 0.382683
v -0.922766 -0.049068 0.382222
v -0.919431 -0.098017 0.380840
v -0.913879 -0.146730 0.378541
v -0.906127 -0.195090 0.375330
v -0.896191 -0.242980 0.371214
v -0.884098 -0.290285 0.366205
v -0.869873 -0.336890 0.360313
v -0.853553 -0.382683 0.353553
v -0.835177 -0.427555 0.345942
v -0.814789 -0.471397 0.337496
v -0.792438 -0.514103 0.328238
v -0.768178 -0.555570 0.318190
v -0.742067 -0.595699 0.307374
v -0.714168 -0.634393 0.295818
v -0.684549 -0.671559 0.283550
v -0.653281 -0.707107 0.270598
v -0.620439 -0.740951 0.256994
v -0.586103 -0.773010 0.242772
v -0.550354 -0.803208 0.227964
v -0.513280 -0.831470 0.212608
v -0.474969 -0.857729 0.196738
v -0.435514 -0.881921 0.180396
v -0.395010 -0.903989 0.163618
v -0.353553 -0.923880 0.146446
v -0.311246 -0.941544 0.128922
v -0.268188 -0.956940 0.111087
v -0.224484 -0.970031 0.092984
v -0.180240 -0.980785 0.074658
v -0.135561 -0.989177 0.056151
v -0.090556 -0.995185 0.037509
v -0.045333 -0.998795 0.018777
v -0.046955 0.998795 0.014244
v -0.093796 0.995185 0.028453
v -0.140412 0.989177 0.042594
v -0.186690 0.980785 0.056632
v -0.232517 0.970031 0.070533
v -0.277785 0.956940 0.084265
v -0.322383 0.941544 0.097794
v -0.366205 0.923880 0.111087
v -0.409145 0.903989 0.124113
v -0.451098 0.881921 0.136839
v -0.491965 0.857729 0.149236
v -0.531648 0.831470 0.161274
v -0.570048 0.803208 0.172922
v -0.607076 0.773010 0.184155
v -0.642642 0.740951 0.194943
v -0.676659 0.707107 0.205262
v -0.709046 0.671559 0.215087
v -0.739725 0.634393 0.224393
v -0.768621 0.595699 0.233159
v -0.795667 0.555570 0.241363
v -0.820795 0.514103 0.248985
v -0.843946 0.471397 0.256008
v -0.865064 0.427555 0.262414
v -0.884097 0.382683 0.268188
v -0.901001 0.336890 0.273316
v -0.915735 0.290285 0.277785
v -0.928261 0.242980 0.281585
v -0.938553 0.195090 0.284707
v -0.946582 0.146730 0.287142
v -0.952332 0.098017 0.288887
v -0.955787 0.049068 0.289935
v -0.956940 0.000000 0.290284
v -0.955787 -0.049068 0.289935
v -0.952332 -0.098017 0.288887
v -0.946582 -0.146730 0.287142
v -0.938553 -0.195090 0.284707
v -0.928261 -0.242980 0.281585
v -0.915735 -0.290285 0.277785
v -0.901001 -0.336890 0.273316
v -0.884097 -0.382683 0.268188
v -0.865064 -0.427555 0.262414
v -0.843946 -0.471397 0.256008
v -0.820795 -0.514103 0.248985
v -0.795667 -0.555570 0.241363
v -0.768621 -0.595699 0.233159
v -0.739725 -0.634393 0.224393
v -0.709046 -0.671559 0.215087
v -0.676659 -0.707107 0.205262
v -0.642642 -0.740951 0.194943
v -0.607076 -0.773010 0.184155
v -0.570048 -0.803208 0.172922
v -0.531648 -0.831470 0.161274
v -0.491965 -0.857729 0.149236
v -0.451098 -0.881921 0.136839
v -0.409145 -0.903989 0.124113
v -0.366205 -0.923880 0.111087
v -0.322383 -0.941544 0.097794
v -0.277785 -0.956940 0.084265
v -0.232517 -0.970031 0.070533
v -0.186690 -0.980785 0.056632
v -0.140412 -0.989177 0.042594
v -0.093796 -0.995185 0.028453
v -0.046955 -0.998795 0.014244
v -0.048125 0.998795 0.009573
v -0.096134 0.995185 0.019122
v -0.143911 0.989177 0.028626
v -0.191342 0.980785 0.038060
v -0.238311 0.970031 0.047403
v -0.284707 0.956940 0.056632
v -0.330417 0.941544 0.065724
v -0.375330 0.923880 0.074658
v -0.419340 0.903989 0.083412
v -0.462339 0.881921 0.091965
v -0.504224 0.857729 0.100296
v -0.544895 0.831470 0.108386
v -0.584253 0.803208 0.116215
v -0.622204 0.773010 0.123764
v -0.658655 0.740951 0.131015
v -0.693520 0.707107 0.137949
v -0.726714 0.671559 0.144552
v -0.758157 0.634393 0.150807
v -0.787774 0.595699 0.156698
v -0.815493 0.555570 0.162212
v -0.841247 0.514103 0.167334
v -0.864975 0.471397 0.172054
v -0.886619 0.427555 0.176360
v -0.906127 0.382683 0.180240
v -0.923452 0.336890 0.183686
v -0.938553 0.290285 0.186690
v -0.951392 0.242980 0.189243
v -0.961940 0.195090 0.191342
v -0.970169 0.146730 0.192978
v -0.976062 0.098017 0.194151
v -0.979603 0.049068 0.194855
v -0.980785 0.000000 0.195090
v -0.979603 -0.049068 0.194855
v -0.976062 -0.098017 0.194151
v -0.970169 -0.146730 0.192978
v -0.961940 -0.195090 0.191342
v -0.951392 -0.242980 0.189243
v -0.938553 -0.290285 0.186690
v -0.923452 -0.336890 0.183686
v -0.906127 -0.382683 0.180240
v -0.886619 -0.427555 0.176360
v -0.864975 -0.471397 0.172054
v -0.841247 -0.514103 0.167334
v -0.815493 -0.555570 0.162212
v -0.787774 -0.595699 0.156698
v -0.758157 -0.634393 0.150807
v -0.726714 -0.671559 0.144552
v -0.693520 -0.707107 0.137949
v -0.658655 -0.740951 0.131015
v -0.622204 -0.773010 0.123764
v -0.584253 -0.803208 0.116215
v -0.544895 -0.831470 0.108386
v -0.504224 -0.857729 0.100296
v -0.462339 -0.881921 0.091965
v -0.419340 -0.903989 0.083412
v -0.375330 -0.923880 0.074658
v -0.330417 -0.941544 0.065724
v -0.284707 -0.956940 0.056632
v -0.238311 -0.970031 0.047403
v -0.191342 -0.980785 0.038060
v -0.143911 -0.989177 0.028626
v -0.096134 -0.995185 0.019122
v -0.048125 -0.998795 0.009573
v -0.048831 0.998795 0.004809
v -0.097545 0.995185 0.009607
v -0.146024 0.989177 0.014382
v -0.194151 0.980785 0.019122
v -0.241810 0.970031 0.023816
v -0.288887 0.956940 0.028453
v -0.335268 0.941544 0.033021
v -0.380840 0.923880 0.037509
v -0.425496 0.903989 0.041908
v -0.469127 0.881921 0.046205
v -0.511627 0.857729 0.050391
v -0.552895 0.831470 0.054455
v -0.592831 0.803208 0.058389
v -0.631338 0.773010 0.062181
v -0.668325 0.740951 0.065824
v -0.703702 0.707107 0.069308
v -0.737383 0.671559 0.072626
v -0.769288 0.634393 0.075768
v -0.799339 0.595699 0.078728
v -0.827466 0.555570 0.081498
v -0.853598 0.514103 0.084072
v -0.877674 0.471397 0.086443
v -0.899636 0.427555 0.088606
v -0.919430 0.382683 0.090556
v -0.937010 0.336890 0.092288
v -0.952332 0.290285 0.093796
v -0.965359 0.242980 0.095079
v -0.976062 0.195090 0.096134
v -0.984412 0.146730 0.096956
v -0.990392 0.098017 0.097545
v -0.993986 0.049068 0.097899
v -0.995184 0.000000 0.098017
v -0.993986 -0.049068 0.097899
v -0.990392 -0.098017 0.097545
v -0.984412 -0.146730 0.096956
v -0.976062 -0.195090 0.096134
v -0.965359 -0.242980 0.095079
v -0.952332 -0.290285 0.093796
v -0.937010 -0.336890 0.092288
v -0.919430 -0.382683 0.090556
v -0.899636 -0.427555 0.088606
v -0.877674 -0.471397 0.086443
v -0.853598 -0.514103 0.084072
v -0.827466 -0.555570 0.081498
v -0.799339 -0.595699 0.078728
v -0.769288 -0.634393 0.075768
v -0.737383 -0.671559 0.072626
v -0.703702 -0.707107 0.069308
v -0.668325 -0.740951 0.065824
v -0.631338 -0.773010 0.062181
v -0.592831 -0.803208 0.058389
v -0.552895 -0.831470 0.054455
v -0.511627 -0.857729 0.050391
v -0.469127 -0.881921 0.046205
v -0.425496 -0.903989 0.041908
v -0.380840 -0.923880 0.037509
v -0.335268 -0.941544 0.033021
v -0.288887 -0.956940 0.028453
v -0.241810 -0.970031 0.023816
v -0.194151 -0.980785 0.019122
v -0.146024 -0.989177 0.014382
v -0.097545 -0.995185 0.009607
v -0.048831 -0.998795 0.004809
v -0.049068 0.998795 -0.000000
v -0.098017 0.995185 -0.000000
v -0.146730 0.989177 0.000000
v -0.195090 0.980785 0.000000
v -0.242980 0.970031 -0.000000
v -0.290285 0.956940 -0.000000
v -0.336890 0.941544 -0.000000
v -0.382683 0.923880 -0.000000
v -0.427555 0.903989 -0.000000
v -0.471396 0.881921 -0.000000
v -0.514102 0.857729 -0.000000
v -0.555571 0.831470 0.000000
v -0.595699 0.803208 -0.000000
v -0.634393 0.773010 0.000000
v -0.671559 0.740951 -0.000000
v -0.707107 0.707107 -0.000000
v -0.740951 0.671559 -0.000000
v -0.773010 0.634393 0.000000
v -0.803207 0.595699 -0.000000
v -0.831470 0.555570 0.000000
v -0.857728 0.514103 -0.000000
v -0.881921 0.471397 -0.000000
v -0.903989 0.427555 -0.000000
v -0.923879 0.382683 -0.000000
v -0.941544 0.336890 0.000000
v -0.956940 0.290285 -0.000000
v -0.970030 0.242980 -0.000000
v -0.980785 0.195090 -0.000000
v -0.989175 0.146730 -0.000000
v -0.995184 0.098017 -0.000000
v -0.998795 0.049068 -0.000000
v -1.000000 0.000000 -0.000000
v -0.998795 -0.049068 -0.000000
v -0.995184 -0.098017 -0.000000
v -0.989175 -0.146730 -0.000000
v -0.980785 -0.195090 -0.000000
v -0.970030 -0.242980 -0.000000
v -0.956940 -0.290285 -0.000000
v -0.941544 -0.336890 0.000000
v -0.923879 -0.382683 -0.000000
v -0.903989 -0.427555 -0.000000
v -0.881921 -0.471397 -0.000000
v -0.857728 -0.514103 -0.000000
v -0.831470 -0.555570 0.000000
v -0.803207 -0.595699 -0.000000
v -0.773010 -0.634393 0.000000
v -0.740951 -0.671559 -0.000000
v -0.707107 -0.707107 -0.000000
v -0.671559 -0.740951 -0.000000
v -0.634393 -0.773010 0.000000
v -0.595699 -0.803208 -0.000000
v -0.555571 -0.831470 0.000000
v -0.514102 -0.857729 -0.000000
v -0.471396 -0.881921 -0.000000
v -0.427555 -0.903989 -0.000000
v -0.382683 -0.923880 -0.000000
v -0.336890 -0.941544 -0.000000
v -0.290285 -0.956940 -0.000000
v -0.242980 -0.970031 -0.000000
v -0.195090 -0.980785 0.000000
v -0.146730 -0.989177 0.000000
v -0.098017 -0.995185 -0.000000
v -0.049068 -0.998795 -0.000000
v -0.048831 0.998795 -0.004809
v -0.097545 0.995185 -0.009607
v -0.146024 0.989177 -0.014382
v -0.194151 0.980785 -0.019122
v -0.241810 0.970031 -0.023816
v -0.288887 0.956940 -0.028453
v -0.335268 0.941544 -0.033021
v -0.380840 0.923880 -0.037510
v -0.425496 0.903989 -0.041908
v -0.469127 0.881921 -0.046205
v -0.511627 0.857729 -0.050391
v -0.552895 0.831470 -0.054455
v -0.592830 0.803208 -0.058389
v -0.631338 0.773010 -0.062181
v -0.668325 0.740951 -0.065824
v -0.703702 0.707107 -0.069309
v -0.737383 0.671559 -0.072626
v -0.769288 0.634393 -0.075768
v -0.799339 0.595699 -0.078728
v -0.827466 0.555570 -0.081498
v -0.853598 0.514103 -0.084072
v -0.877674 0.471397 -0.086443
v -0.899636 0.427555 -0.088606
v -0.919430 0.382683 -0.090556
v -0.937010 0.336890 -0.092287
v -0.952332 0.290285 -0.093797
v -0.965359 0.242980 -0.095080
v -0.976062 0.195090 -0.096134
v -0.984412 0.146730 -0.096956
v -0.990392 0.098017 -0.097545
v -0.993986 0.049068 -0.097899
v -0.995184 0.000000 -0.098017
v -0.993986 -0.049068 -0.097899
v -0.990392 -0.098017 -0.097545
v -0.984412 -0.146730 -0.096956
v -0.976062 -0.195090 -0.096134
v -0.965359 -0.242980 -0.095080
v -0.952332 -0.290285 -0.093797
v -0.937010 -0.336890 -0.092287
v -0.919430 -0.382683 -0.090556
v -0.899636 -0.427555 -0.088606
v -0.877674 -0.471397 -0.086443
v -0.853598 -0.514103 -0.084072
v -0.827466 -0.555570 -0.081498
v -0.799339 -0.595699 -0.078728
v -0.769288 -0.634393 -0.075768
v -0.737383 -0.671559 -0.072626
v -0.703702 -0.707107 -0.069309
v -0.668325 -0.740951 -0.065824
v -0.631338 -0.773010 -0.062181
v -0.592830 -0.803208 -0.058389
v -0.552895 -0.831470 -0.054455
v -0.511627 -0.857729 -0.050391
v -0.469127 -0.881921 -0.046205
v -0.425496 -0.903989 -0.041908
v -0.380840 -0.923880 -0.037510
v -0.335268 -0.941544 -0.033021
v -0.288887 -0.956940 -0.028453
v -0.241810 -0.970031 -0.023816
v -0.194151 -0.980785 -0.019122
v -0.146024 -0.989177 -0.014382
v -0.097545 -0.995185 -0.009607
v -0.048831 -0.998795 -0.004809
v -0.048125 0.998795 -0.009573
v -0.096134 0.995185 -0.019122
v -0.143911 0.989177 -0.028626
v -0.191342 0.980785 -0.038060
v -0.238311 0.970031 -0.047403
v -0.284707 0.956940 -0.056632
v -0.330416 0.941544 -0.065724
v -0.375330 0.923880 -0.074658
v -0.419340 0.903989 -0.083412
v -0.462339 0.881921 -0.091965
v -0.504224 0.857729 -0.100296
v -0.544896 0.831470 -0.108386
v -0.584253 0.803208 -0.116215
v -0.622204 0.773010 -0.123764
v -0.658655 0.740951 -0.131015
v -0.693520 0.707107 -0.137950
v -0.726714 0.671559 -0.144552
v -0.758157 0.634393 -0.150807
v -0.787774 0.595699 -0.156698
v -0.815493 0.555570 -0.162212
v -0.841247 0.514103 -0.167335
v -0.864975 0.471397 -0.172054
v -0.886619 0.427555 -0.176360
v -0.906127 0.382683 -0.180240
v -0.923452 0.336890 -0.183686
v -0.938553 0.290285 -0.186690
v -0.951392 0.242980 -0.189244
v -0.961940 0.195090 -0.191342
v -0.970169 0.146730 -0.192979
v -0.976062 0.098017 -0.194151
v -0.979603 0.049068 -0.194855
v -0.980785 0.000000 -0.195091
v -0.979603 -0.049068 -0.194855
v -0.976062 -0.098017 -0.194151
v -0.970169 -0.146730 -0.192979
v -0.961940 -0.195090 -0.191342
v -0.951392 -0.242980 -0.189244
v -0.938553 -0.290285 -0.186690
v -0.923452 -0.336890 -0.183686
v -0.906127 -0.382683 -0.180240
v -0.886619 -0.427555 -0.176360
v -0.864975 -0.471397 -0.172054
v -0.841247 -0.514103 -0.167335
v -0.815493 -0.555570 -0.162212
v -0.787774 -0.595699 -0.156698
v -0.758157 -0.634393 -0.150807
v -0.726714 -0.671559 -0.144552
v -0.693520 -0.707107 -0.137950
v -0.658655 -0.740951 -0.131015
v -0.622204 -0.773010 -0.123764
v -0.584253 -0.803208 -0.116215
v -0.544896 -0.831470 -0.108386
v -0.504224 -0.857729 -0.100296
v -0.462339 -0.881921 -0.091965
v -0.419340 -0.903989 -0.083412
v -0.375330 -0.923880 -0.074658
v -0.330416 -0.941544 -0.065724
v -0.284707 -0.956940 -0.056632
v -0.238311 -0.970031 -0.047403
v -0.191342 -0.980785 -0.038060
v -0.143911 -0.989177 -0.028626
v -0.096134 -0.995185 -0.019122
v -0.048125 -0.998795 -0.009573
v -0.046955 0.998795 -0.014244
v -0.093796 0.995185 -0.028453
v -0.140412 0.989177 -0.042594
v -0.186690 0.980785 -0.056632
v -0.232517 0.970031 -0.070533
v -0.277785 0.956940 -0.084265
v -0.322383 0.941544 -0.097794
v -0.366205 0.923880 -0.111087
v -0.409145 0.903989 -0.124113
v -0.451098 0.881921 -0.136839
v -0.491965 0.857729 -0.149236
v -0.531648 0.831470 -0.161274
v -0.570048 0.803208 -0.172922
v -0.607076 0.773010 -0.184155
v -0.642642 0.740951 -0.194943
v -0.676659 0.707107 -0.205262
v -0.709046 0.671559 -0.215087
v -0.739725 0.634393 -0.224393
v -0.768621 0.595699 -0.233159
v -0.795667 0.555570 -0.241363
v -0.820795 0.514103 -0.248985
v -0.843946 0.471397 -0.256008
v -0.865064 0.427555 -0.262414
v -0.884097 0.382683 -0.268188
v -0.901001 0.336890 -0.273316
v -0.915735 0.290285 -0.277785
v -0.928261 0.242980 -0.281585
v -0.938553 0.195090 -0.284707
v -0.946582 0.146730 -0.287143
v -0.952332 0.098017 -0.288887
v -0.955787 0.049068 -0.289935
v -0.956940 0.000000 -0.290285
v -0.955787 -0.049068 -0.289935
v -0.952332 -0.098017 -0.288887
v -0.946582 -0.146730 -0.287143
v -0.938553 -0.195090 -0.284707
v -0.928261 -0.242980 -0.281585
v -0.915735 -0.290285 -0.277785
v -0.901001 -0.336890 -0.273316
v -0.884097 -0.382683 -0.268188
v -0.865064 -0.427555 -0.262414
v -0.843946 -0.471397 -0.256008
v -0.820795 -0.514103 -0.248985
v -0.795667 -0.555570 -0.241363
v -0.768621 -0.595699 -0.233159
v -0.739725 -0.634393 -0.224393
v -0.709046 -0.671559 -0.215087
v -0.676659 -0.707107 -0.205262
v -0.642642 -0.740951 -0.194943
v -0.607076 -0.773010 -0.184155
v -0.570048 -0.803208 -0.172922
v -0.531648 -0.831470 -0.161274
v -0.491965 -0.857729 -0.149236
v -0.451098 -0.881921 -0.136839
v -0.409145 -0.903989 -0.124113
v -0.366205 -0.923880 -0.111087
v -0.322383 -0.941544 -0.097794
v -0.277785 -0.956940 -0.084265
v -0.232517 -0.970031 -0.070533
v -0.186690 -0.980785 -0.056632
v -0.140412 -0.989177 -0.042594
v -0.093796 -0.995185 -0.028453
v -0.046955 -0.998795 -0.014244
v -0.045333 0.998795 -0.018777
v -0.090556 0.995185 -0.037510
v -0.135561 0.989177 -0.056151
v -0.180240 0.980785 -0.074658
v -0.224484 0.970031 -0.092984
v -0.268188 0.956940 -0.111087
v -0.311245 0.941544 -0.128922
v -0.353553 0.923880 -0.146446
v -0.395010 0.903989 -0.163618
v -0.435514 0.881921 -0.180396
v -0.474968 0.857729 -0.196738
v -0.513280 0.831470 -0.212608
v -0.550354 0.803208 -0.227964
v -0.586103 0.773010 -0.242772
v -0.620439 0.740951 -0.256994
v -0.653281 0.707107 -0.270598
v -0.684549 0.671559 -0.283550
v -0.714168 0.634393 -0.295818
v -0.742067 0.595699 -0.307374
v -0.768178 0.555570 -0.318190
v -0.792437 0.514103 -0.328238
v -0.814789 0.471397 -0.337497
v -0.835177 0.427555 -0.345942
v -0.853553 0.382683 -0.353553
v -0.869873 0.336890 -0.360313
v -0.884098 0.290285 -0.366205
v -0.896191 0.242980 -0.371215
v -0.906127 0.195090 -0.375330
v -0.913879 0.146730 -0.378541
v -0.919430 0.098017 -0.380841
v -0.922766 0.049068 -0.382222
v -0.923879 0.000000 -0.382684
v -0.922766 -0.049068 -0.382222
v -0.919430 -0.098017 -0.380841
v -0.913879 -0.146730 -0.378541
v -0.906127 -0.195090 -0.375330
v -0.896191 -0.242980 -0.371215
v -0.884098 -0.290285 -0.366205
v -0.869873 -0.336890 -0.360313
v -0.853553 -0.382683 -0.353553
v -0.835177 -0.427555 -0.345942
v -0.814789 -0.471397 -0.337497
v -0.792437 -0.514103 -0.328238
v -0.768178 -0.555570 -0.318190
v -0.742067 -0.595699 -0.307374
v -0.714168 -0.634393 -0.295818
v -0.684549 -0.671559 -0.283550
v -0.653281 -0.707107 -0.270598
v -0.620439 -0.740951 -0.256994
v -0.586103 -0.773010 -0.242772
v -0.550354 -0.803208 -0.227964
v -0.513280 -0.831470 -0.212608
v -0.474968 -0.857729 -0.196738
v -0.435514 -0.881921 -0.180396
v -0.395010 -0.903989 -0.163618
v -0.353553 -0.923880 -0.146446
v -0.311245 -0.941544 -0.128922
v -0.268188 -0.956940 -0.111087
v -0.224484 -0.970031 -0.092984
v -0.180240 -0.980785 -0.074658
v -0.135561 -0.989177 -0.056151
v -0.090556 -0.995185 -0.037510
v -0.045333 -0.998795 -0.018777
v -0.043274 0.998795 -0.023130
v -0.086443 0.995185 -0.046205
v -0.129405 0.989177 -0.069168
v -0.172054 0.980785 -0.091965
v -0.214289 0.970031 -0.114540
v -0.256008 0.956940 -0.136839
v -0.297110 0.941544 -0.158809
v -0.337496 0.923880 -0.180396
v -0.377070 0.903989 -0.201548
v -0.415735 0.881921 -0.222215
v -0.453398 0.857729 -0.242346
v -0.489970 0.831470 -0.261894
v -0.525360 0.803208 -0.280811
v -0.559485 0.773010 -0.299051
v -0.592262 0.740951 -0.316571
v -0.623612 0.707107 -0.333328
v -0.653460 0.671559 -0.349282
v -0.681734 0.634393 -0.364394
v -0.708365 0.595699 -0.378629
v -0.733291 0.555570 -0.391952
v -0.756449 0.514103 -0.404330
v -0.777785 0.471397 -0.415735
v -0.797247 0.427555 -0.426138
v -0.814788 0.382683 -0.435514
v -0.830368 0.336890 -0.443841
v -0.843946 0.290285 -0.451099
v -0.855490 0.242980 -0.457269
v -0.864975 0.195090 -0.462339
v -0.872375 0.146730 -0.466294
v -0.877674 0.098017 -0.469127
v -0.880858 0.049068 -0.470829
v -0.881921 0.000000 -0.471397
v -0.880858 -0.049068 -0.470829
v -0.877674 -0.098017 -0.469127
v -0.872375 -0.146730 -0.466294
v -0.864975 -0.195090 -0.462339
v -0.855490 -0.242980 -0.457269
v -0.843946 -0.290285 -0.451099
v -0.830368 -0.336890 -0.443841
v -0.814788 -0.382683 -0.435514
v -0.797247 -0.427555 -0.426138
v -0.777785 -0.471397 -0.415735
v -0.756449 -0.514103 -0.404330
v -0.733291 -0.555570 -0.391952
v -0.708365 -0.595699 -0.378629
v -0.681734 -0.634393 -0.364394
v -0.653460 -0.671559 -0.349282
v -0.623612 -0.707107 -0.333328
v -0.592262 -0.740951 -0.316571
v -0.559485 -0.773010 -0.299051
v -0.525360 -0.803208 -0.280811
v -0.489970 -0.831470 -0.261894
v -0.453398 -0.857729 -0.242346
v -0.415735 -0.881921 -0.222215
v -0.377070 -0.903989 -0.201548
v -0.337496 -0.923880 -0.180396
v -0.297110 -0.941544 -0.158809
v -0.256008 -0.956940 -0.136839
v -0.214289 -0.970031 -0.114540
v -0.172054 -0.980785 -0.091965
v -0.129405 -0.989177 -0.069168
v -0.086443 -0.995185 -0.046205
v -0.043274 -0.998795 -0.023130
v -0.040798 0.998795 -0.027261
v -0.081498 0.995185 -0.054455
v -0.122002 0.989177 -0.081519
v -0.162212 0.980785 -0.108386
v -0.202030 0.970031 -0.134992
v -0.241363 0.956940 -0.161274
v -0.280114 0.941544 -0.187166
v -0.318189 0.923880 -0.212607
v -0.355499 0.903989 -0.237537
v -0.391952 0.881921 -0.261894
v -0.427460 0.857729 -0.285620
v -0.461940 0.831470 -0.308659
v -0.495306 0.803208 -0.330953
v -0.527479 0.773010 -0.352450
v -0.558381 0.740951 -0.373098
v -0.587938 0.707107 -0.392847
v -0.616078 0.671559 -0.411650
v -0.642735 0.634393 -0.429461
v -0.667842 0.595699 -0.446238
v -0.691342 0.555570 -0.461940
v -0.713175 0.514103 -0.476528
v -0.733290 0.471397 -0.489969
v -0.751640 0.427555 -0.502230
v -0.768177 0.382683 -0.513280
v -0.782865 0.336890 -0.523094
v -0.795667 0.290285 -0.531648
v -0.806551 0.242980 -0.538920
v -0.815493 0.195090 -0.544895
v -0.822469 0.146730 -0.549557
v -0.827465 0.098017 -0.552895
v -0.830468 0.049068 -0.554901
v -0.831469 0.000000 -0.555570
v -0.830468 -0.049068 -0.554901
v -0.827465 -0.098017 -0.552895
v -0.822469 -0.146730 -0.549557
v -0.815493 -0.195090 -0.544895
v -0.806551 -0.242980 -0.538920
v -0.795667 -0.290285 -0.531648
v -0.782865 -0.336890 -0.523094
v -0.768177 -0.382683 -0.513280
v -0.751640 -0.427555 -0.502230
v -0.733290 -0.471397 -0.489969
v -0.713175 -0.514103 -0.476528
v -0.691342 -0.555570 -0.461940
v -0.667842 -0.595699 -0.446238
v -0.642735 -0.634393 -0.429461
v -0.616078 -0.671559 -0.411650
v -0.587938 -0.707107 -0.392847
v -0.558381 -0.740951 -0.373098
v -0.527479 -0.773010 -0.352450
v -0.495306 -0.803208 -0.330953
v -0.461940 -0.831470 -0.308659
v -0.427460 -0.857729 -0.285620
v -0.391952 -0.881921 -0.261894
v -0.355499 -0.903989 -0.237537
v -0.318189 -0.923880 -0.212607
v -0.280114 -0.941544 -0.187166
v -0.241363 -0.956940 -0.161274
v -0.202030 -0.970031 -0.134992
v -0.162212 -0.980785 -0.108386
v -0.122002 -0.989177 -0.081519
v -0.081498 -0.995185 -0.054455
v -0.040798 -0.998795 -0.027261
v -0.037930 0.998795 -0.031128
v -0.075768 0.995185 -0.062181
v -0.113424 0.989177 -0.093085
v -0.150807 0.980785 -0.123764
v -0.187826 0.970031 -0.154145
v -0.224393 0.956940 -0.184155
v -0.260419 0.941544 -0.213721
v -0.295818 0.923880 -0.242772
v -0.330505 0.903989 -0.271238
v -0.364394 0.881921 -0.299051
v -0.397406 0.857729 -0.326143
v -0.429462 0.831470 -0.352450
v -0.460481 0.803208 -0.377908
v -0.490393 0.773010 -0.402455
v -0.519122 0.740951 -0.426032
v -0.546601 0.707107 -0.448584
v -0.572763 0.671559 -0.470054
v -0.597545 0.634393 -0.490392
v -0.620887 0.595699 -0.509549
v -0.642735 0.555570 -0.527479
v -0.663033 0.514103 -0.544137
v -0.681734 0.471397 -0.559485
v -0.698793 0.427555 -0.573485
v -0.714168 0.382683 -0.586103
v -0.727823 0.336890 -0.597309
v -0.739725 0.290285 -0.607077
v -0.749843 0.242980 -0.615381
v -0.758157 0.195090 -0.622204
v -0.764643 0.146730 -0.627526
v -0.769288 0.098017 -0.631338
v -0.772079 0.049068 -0.633629
v -0.773010 0.000000 -0.634393
v -0.772079 -0.049068 -0.633629
v -0.769288 -0.098017 -0.631338
v -0.764643 -0.146730 -0.627526
v -0.758157 -0.195090 -0.622204
v -0.749843 -0.242980 -0.615381
v -0.739725 -0.290285 -0.607077
v -0.727823 -0.336890 -0.597309
v -0.714168 -0.382683 -0.586103
v -0.698793 -0.427555 -0.573485
v -0.681734 -0.471397 -0.559485
v -0.663033 -0.514103 -0.544137
v -0.642735 -0.555570 -0.527479
v -0.620887 -0.595699 -0.509549
v -0.597545 -0.634393 -0.490392
v -0.572763 -0.671559 -0.470054
v -0.546601 -0.707107 -0.448584
v -0.519122 -0.740951 -0.426032
v -0.490393 -0.773010 -0.402455
v -0.460481 -0.803208 -0.377908
v -0.429462 -0.831470 -0.352450
v -0.397406 -0.857729 -0.326143
v -0.364394 -0.881921 -0.299051
v -0.330505 -0.903989 -0.271238
v -0.295818 -0.923880 -0.242772
v -0.260419 -0.941544 -0.213721
v -0.224393 -0.956940 -0.184155
v -0.187826 -0.970031 -0.154145
v -0.150807 -0.980785 -0.123764
v -0.113424 -0.989177 -0.093085
v -0.075768 -0.995185 -0.062181
v -0.037930 -0.998795 -0.031128
v -0.034696 0.998795 -0.034696
v -0.069309 0.995185 -0.069309
v -0.103754 0.989177 -0.103754
v -0.137950 0.980785 -0.137950
v -0.171813 0.970031 -0.171813
v -0.205262 0.956940 -0.205262
v -0.238217 0.941544 -0.238217
v -0.270598 0.923880 -0.270598
v -0.302327 0.903989 -0.302327
v -0.333328 0.881921 -0.333328
v -0.363525 0.857729 -0.363525
v -0.392848 0.831470 -0.392848
v -0.421223 0.803208 -0.421223
v -0.448584 0.773010 -0.448584
v -0.474864 0.740951 -0.474864
v -0.500000 0.707107 -0.500000
v -0.523931 0.671559 -0.523931
v -0.546601 0.634393 -0.546601
v -0.567953 0.595699 -0.567953
v -0.587938 0.555570 -0.587938
v -0.606505 0.514103 -0.606505
v -0.623612 0.471397 -0.623612
v -0.639217 0.427555 -0.639217
v -0.653281 0.382683 -0.653281
v -0.665772 0.336890 -0.665772
v -0.676659 0.290285 -0.676659
v -0.685915 0.242980 -0.685915
v -0.693520 0.195090 -0.693520
v -0.699452 0.146730 -0.699453
v -0.703702 0.098017 -0.703702
v -0.706255 0.049068 -0.706255
v -0.707106 0.000000 -0.707107
v -0.706255 -0.049068 -0.706255
v -0.703702 -0.098017 -0.703702
v -0.699452 -0.146730 -0.699453
v -0.693520 -0.195090 -0.693520
v -0.685915 -0.242980 -0.685915
v -0.676659 -0.290285 -0.676659
v -0.665772 -0.336890 -0.665772
v -0.653281 -0.382683 -0.653281
v -0.639217 -0.427555 -0.639217
v -0.623612 -0.471397 -0.623612
v -0.606505 -0.514103 -0.606505
v -0.587938 -0.555570 -0.587938
v -0.567953 -0.595699 -0.567953
v -0.546601 -0.634393 -0.546601
v -0.523931 -0.671559 -0.523931
v -0.500000 -0.707107 -0.500000
v -0.474864 -0.740951 -0.474864
v -0.448584 -0.773010 -0.448584
v -0.421223 -0.803208 -0.421223
v -0.392848 -0.831470 -0.392848
v -0.363525 -0.857729 -0.363525
v -0.333328 -0.881921 -0.333328
v -0.302327 -0.903989 -0.302327
v -0.270598 -0.923880 -0.270598
v -0.238217 -0.941544 -0.238217
v -0.205262 -0.956940 -0.205262
v -0.171813 -0.970031 -0.171813
v -0.137950 -0.980785 -0.137950
v -0.103754 -0.989177 -0.103754
v -0.069309 -0.995185 -0.069309
v -0.034696 -0.998795 -0.034696
v -0.031128 0.998795 -0.037930
v -0.062181 0.995185 -0.075768
v -0.093085 0.989177 -0.113424
v -0.123764 0.980785 -0.150807
v -0.154145 0.970031 -0.187826
v -0.184155 0.956940 -0.224393
v -0.213721 0.941544 -0.260419
v -0.242772 0.923880 -0.295818
v -0.271238 0.903989 -0.330505
v -0.299051 0.881921 -0.364394
v -0.326143 0.857729 -0.397406
v -0.352450 0.831470 -0.429462
v -0.377907 0.803208 -0.460482
v -0.402455 0.773010 -0.490393
v -0.426032 0.740951 -0.519122
v -0.448584 0.707107 -0.546601
v -0.470054 0.671559 -0.572763
v -0.490393 0.634393 -0.597545
v -0.509549 0.595699 -0.620887
v -0.527479 0.555570 -0.642735
v -0.544137 0.514103 -0.663033
v -0.559485 0.471397 -0.681734
v -0.573485 0.427555 -0.698793
v -0.586102 0.382683 -0.714168
v -0.597309 0.336890 -0.727823
v -0.607076 0.290285 -0.739725
v -0.615381 0.242980 -0.749844
v -0.622203 0.195090 -0.758157
v -0.627526 0.146730 -0.764643
v -0.631338 0.098017 -0.769288
v -0.633629 0.049068 -0.772079
v -0.634393 0.000000 -0.773010
v -0.633629 -0.049068 -0.772079
v -0.631338 -0.098017 -0.769288
v -0.627526 -0.146730 -0.764643
v -0.622203 -0.195090 -0.758157
v -0.615381 -0.242980 -0.749844
v -0.607076 -0.290285 -0.739725
v -0.597309 -0.336890 -0.727823
v -0.586102 -0.382683 -0.714168
v -0.573485 -0.427555 -0.698793
v -0.559485 -0.471397 -0.681734
v -0.544137 -0.514103 -0.663033
v -0.527479 -0.555570 -0.642735
v -0.509549 -0.595699 -0.620887
v -0.490393 -0.634393 -0.597545
v -0.470054 -0.671559 -0.572763
v -0.448584 -0.707107 -0.546601
v -0.426032 -0.740951 -0.519122
v -0.402455 -0.773010 -0.490393
v -0.377907 -0.803208 -0.460482
v -0.352450 -0.831470 -0.429462
v -0.326143 -0.857729 -0.397406
v -0.299051 -0.881921 -0.364394
v -0.271238 -0.903989 -0.330505
v -0.242772 -0.923880 -0.295818
v -0.213721 -0.941544 -0.260419
v -0.184155 -0.956940 -0.224393
v -0.154145 -0.970031 -0.187826
v -0.123764 -0.980785 -0.150807
v -0.093085 -0.989177 -0.113424
v -0.062181 -0.995185 -0.075768
v -0.031128 -0.998795 -0.037930
v -0.027261 0.998795 -0.040798
v -0.054455 0.995185 -0.081498
v -0.081519 0.989177 -0.122002
v -0.108386 0.980785 -0.162212
v -0.134992 0.970031 -0.202030
v -0.161274 0.956940 -0.241363
v -0.187166 0.941544 -0.280114
v -0.212607 0.923880 -0.318189
v -0.237537 0.903989 -0.355499
v -0.261894 0.881921 -0.391952
v -0.285620 0.857729 -0.427460
v -0.308659 0.831470 -0.461940
v -0.330952 0.803208 -0.495306
v -0.352450 0.773010 -0.527479
v -0.373098 0.740951 -0.558381
v -0.392847 0.707107 -0.587938
v -0.411650 0.671559 -0.616078
v -0.429461 0.634393 -0.642734
v -0.446238 0.595699 -0.667842
v -0.461940 0.555570 -0.691342
v -0.476528 0.514103 -0.713175
v -0.489969 0.471397 -0.733290
v -0.502230 0.427555 -0.751640
v -0.513280 0.382683 -0.768177
v -0.523094 0.336890 -0.782865
v -0.531647 0.290285 -0.795667
v -0.538920 0.242980 -0.806551
v -0.544895 0.195090 -0.815493
v -0.549556 0.146730 -0.822469
v -0.552895 0.098017 -0.827466
v -0.554901 0.049068 -0.830468
v -0.555570 0.000000 -0.831469
v -0.554901 -0.049068 -0.830468
v -0.552895 -0.098017 -0.827466
v -0.549556 -0.146730 -0.822469
v -0.544895 -0.195090 -0.815493
v -0.538920 -0.242980 -0.806551
v -0.531647 -0.290285 -0.795667
v -0.523094 -0.336890 -0.782865
v -0.513280 -0.382683 -0.768177
v -0.502230 -0.427555 -0.751640
v -0.489969 -0.471397 -0.733290
v -0.476528 -0.514103 -0.713175
v -0.461940 -0.555570 -0.691342
v -0.446238 -0.595699 -0.667842
v -0.429461 -0.634393 -0.642734
v -0.411650 -0.671559 -0.616078
v -0.392847 -0.707107 -0.587938
v -0.373098 -0.740951 -0.558381
v -0.352450 -0.773010 -0.527479
v -0.330952 -0.803208 -0.495306
v -0.308659 -0.831470 -0.461940
v -0.285620 -0.857729 -0.427460
v -0.261894 -0.881921 -0.391952
v -0.237537 -0.903989 -0.355499
v -0.212607 -0.923880 -0.318189
v -0.187166 -0.941544 -0.280114
v -0.161274 -0.956940 -0.241363
v -0.134992 -0.970031 -0.202030
v -0.108386 -0.980785 -0.162212
v -0.081519 -0.989177 -0.122002
v -0.054455 -0.995185 -0.081498
v -0.027261 -0.998795 -0.040798
v -0.023130 0.998795 -0.043274
v -0.046205 0.995185 -0.086443
v -0.069168 0.989177 -0.129405
v -0.091965 0.980785 -0.172054
v -0.114540 0.970031 -0.214289
v -0.136839 0.956940 -0.256008
v -0.158809 0.941544 -0.297110
v -0.180396 0.923880 -0.337496
v -0.201548 0.903989 -0.377070
v -0.222215 0.881921 -0.415735
v -0.242346 0.857729 -0.453398
v -0.261894 0.831470 -0.489970
v -0.280810 0.803208 -0.525360
v -0.299051 0.773010 -0.559485
v -0.316571 0.740951 -0.592262
v -0.333328 0.707107 -0.623612
v -0.349282 0.671559 -0.653460
v -0.364395 0.634393 -0.681734
v -0.378629 0.595699 -0.708365
v -0.391952 0.555570 -0.733291
v -0.404330 0.514103 -0.756449
v -0.415735 0.471397 -0.777785
v -0.426138 0.427555 -0.797247
v -0.435513 0.382683 -0.814789
v -0.443841 0.336890 -0.830367
v -0.451098 0.290285 -0.843946
v -0.457269 0.242980 -0.855490
v -0.462339 0.195090 -0.864975
v -0.466294 0.146730 -0.872375
v -0.469127 0.098017 -0.877674
v -0.470829 0.049068 -0.880859
v -0.471396 0.000000 -0.881921
v -0.470829 -0.049068 -0.880859
v -0.469127 -0.098017 -0.877674
v -0.466294 -0.146730 -0.872375
v -0.462339 -0.195090 -0.864975
v -0.457269 -0.242980 -0.855490
v -0.451098 -0.290285 -0.843946
v -0.443841 -0.336890 -0.830367
v -0.435513 -0.382683 -0.814789
v -0.426138 -0.427555 -0.797247
v -0.415735 -0.471397 -0.777785
v -0.404330 -0.514103 -0.756449
v -0.391952 -0.555570 -0.733291
v -0.378629 -0.595699 -0.708365
v -0.364395 -0.634393 -0.681734
v -0.349282 -0.671559 -0.653460
v -0.333328 -0.707107 -0.623612
v -0.316571 -0.740951 -0.592262
v -0.299051 -0.773010 -0.559485
v -0.280810 -0.803208 -0.525360
v -0.261894 -0.831470 -0.489970
v -0.242346 -0.857729 -0.453398
v -0.222215 -0.881921 -0.415735
v -0.201548 -0.903989 -0.377070
v -0.180396 -0.923880 -0.337496
v -0.158809 -0.941544 -0.297110
v -0.136839 -0.956940 -0.256008
v -0.114540 -0.970031 -0.214289
v -0.091965 -0.980785 -0.172054
v -0.069168 -0.989177 -0.129405
v -0.046205 -0.995185 -0.086443
v -0.023130 -0.998795 -0.043274
v -0.018777 0.998795 -0.045333
v -0.037509 0.995185 -0.090556
v -0.056151 0.989177 -0.135561
v -0.074658 0.980785 -0.180240
v -0.092984 0.970031 -0.224484
v -0.111087 0.956940 -0.268188
v -0.128922 0.941544 -0.311246
v -0.146446 0.923880 -0.353553
v -0.163618 0.903989 -0.395010
v -0.180396 0.881921 -0.435514
v -0.196738 0.857729 -0.474968
v -0.212608 0.831470 -0.513280
v -0.227964 0.803208 -0.550354
v -0.242772 0.773010 -0.586103
v -0.256994 0.740951 -0.620439
v -0.270598 0.707107 -0.653281
v -0.283549 0.671559 -0.684549
v -0.295818 0.634393 -0.714168
v -0.307374 0.595699 -0.742066
v -0.318190 0.555570 -0.768178
v -0.328238 0.514103 -0.792438
v -0.337496 0.471397 -0.814789
v -0.345942 0.427555 -0.835177
v -0.353553 0.382683 -0.853553
v -0.360313 0.336890 -0.869873
v -0.366205 0.290285 -0.884098
v -0.371214 0.242980 -0.896191
v -0.375330 0.195090 -0.906127
v -0.378541 0.146730 -0.913879
v -0.380840 0.098017 -0.919430
v -0.382222 0.049068 -0.922766
v -0.382683 0.000000 -0.923879
v -0.382222 -0.049068 -0.922766
v -0.380840 -0.098017 -0.919430
v -0.378541 -0.146730 -0.913879
v -0.375330 -0.195090 -0.906127
v -0.371214 -0.242980 -0.896191
v -0.366205 -0.290285 -0.884098
v -0.360313 -0.336890 -0.869873
v -0.353553 -0.382683 -0.853553
v -0.345942 -0.427555 -0.835177
v -0.337496 -0.471397 -0.814789
v -0.328238 -0.514103 -0.792438
v -0.318190 -0.555570 -0.768178
v -0.307374 -0.595699 -0.742066
v -0.295818 -0.634393 -0.714168
v -0.283549 -0.671559 -0.684549
v -0.270598 -0.707107 -0.653281
v -0.256994 -0.740951 -0.620439
v -0.242772 -0.773010 -0.586103
v -0.227964 -0.803208 -0.550354
v -0.212608 -0.831470 -0.513280
v -0.196738 -0.857729 -0.474968
v -0.180396 -0.881921 -0.435514
v -0.163618 -0.903989 -0.395010
v -0.146446 -0.923880 -0.353553
v -0.128922 -0.941544 -0.311246
v -0.111087 -0.956940 -0.268188
v -0.092984 -0.970031 -0.224484
v -0.074658 -0.980785 -0.180240
v -0.056151 -0.989177 -0.135561
v -0.037509 -0.995185 -0.090556
v -0.018777 -0.998795 -0.045333
v -0.014244 0.998795 -0.046955
v -0.028453 0.995185 -0.093796
v -0.042594 0.989177 -0.140412
v -0.056632 0.980785 -0.186690
v -0.070533 0.970031 -0.232517
v -0.084265 0.956940 -0.277785
v -0.097794 0.941544 -0.322383
v -0.111087 0.923880 -0.366205
v -0.124113 0.903989 -0.409145
v -0.136839 0.881921 -0.451098
v -0.149236 0.857729 -0.491965
v -0.161274 0.831470 -0.531648
v -0.172922 0.803208 -0.570048
v -0.184155 0.773010 -0.607076
v -0.194943 0.740951 -0.642642
v -0.205262 0.707107 -0.676659
v -0.215087 0.671559 -0.709046
v -0.224393 0.634393 -0.739724
v -0.233159 0.595699 -0.768621
v -0.241363 0.555570 -0.795667
v -0.248985 0.514103 -0.820795
v -0.256008 0.471397 -0.843946
v -0.262414 0.427555 -0.865064
v -0.268188 0.382683 -0.884097
v -0.273316 0.336890 -0.901001
v -0.277785 0.290285 -0.915735
v -0.281585 0.242980 -0.928261
v -0.284707 0.195090 -0.938553
v -0.287142 0.146730 -0.946582
v -0.288887 0.098017 -0.952332
v -0.289935 0.049068 -0.955787
v -0.290284 0.000000 -0.956940
v -0.289935 -0.049068 -0.955787
v -0.288887 -0.098017 -0.952332
v -0.287142 -0.146730 -0.946582
v -0.284707 -0.195090 -0.938553
v -0.281585 -0.242980 -0.928261
v -0.277785 -0.290285 -0.915735
v -0.273316 -0.336890 -0.901001
v -0.268188 -0.382683 -0.884097
v -0.262414 -0.427555 -0.865064
v -0.256008 -0.471397 -0.843946
v -0.248985 -0.514103 -0.820795
v -0.241363 -0.555570 -0.795667
v -0.233159 -0.595699 -0.768621
v -0.224393 -0.634393 -0.739724
v -0.215087 -0.671559 -0.709046
v -0.205262 -0.707107 -0.676659
v -0.194943 -0.740951 -0.642642
v -0.184155 -0.773010 -0.607076
v -0.172922 -0.803208 -0.570048
v -0.161274 -0.831470 -0.531648
v -0.149236 -0.857729 -0.491965
v -0.136839 -0.881921 -0.451098
v -0.124113 -0.903989 -0.409145
v -0.111087 -0.923880 -0.366205
v -0.097794 -0.941544 -0.322383
v -0.084265 -0.956940 -0.277785
v -0.070533 -0.970031 -0.232517
v -0.056632 -0.980785 -0.186690
v -0.042594 -0.989177 -0.140412
v -0.028453 -0.995185 -0.093796
v -0.014244 -0.998795 -0.046955
v -0.009573 0.998795 -0.048125
v -0.019122 0.995185 -0.096134
v -0.028626 0.989177 -0.143911
v -0.038060 0.980785 -0.191342
v -0.047403 0.970031 -0.238311
v -0.056632 0.956940 -0.284707
v -0.065724 0.941544 -0.330416
v -0.074658 0.923880 -0.375330
v -0.083412 0.903989 -0.419340
v -0.091965 0.881921 -0.462339
v -0.100296 0.857729 -0.504224
v -0.108386 0.831470 -0.544896
v -0.116215 0.803208 -0.584253
v -0.123764 0.773010 -0.622204
v -0.131014 0.740951 -0.658655
v -0.137950 0.707107 -0.693520
v -0.144552 0.671559 -0.726713
v -0.150807 0.634393 -0.758157
v -0.156698 0.595699 -0.787773
v -0.162212 0.555570 -0.815493
v -0.167334 0.514103 -0.841247
v -0.172054 0.471397 -0.864975
v -0.176360 0.427555 -0.886619
v -0.180240 0.382683 -0.906127
v -0.183686 0.336890 -0.923452
v -0.186690 0.290285 -0.938553
v -0.189243 0.242980 -0.951391
v -0.191342 0.195090 -0.961940
v -0.192978 0.146730 -0.970168
v -0.194151 0.098017 -0.976062
v -0.194855 0.049068 -0.979603
v -0.195090 0.000000 -0.980785
v -0.194855 -0.049068 -0.979603
v -0.194151 -0.098017 -0.976062
v -0.192978 -0.146730 -0.970168
v -0.191342 -0.195090 -0.961940
v -0.189243 -0.242980 -0.951391
v -0.186690 -0.290285 -0.938553
v -0.183686 -0.336890 -0.923452
v -0.180240 -0.382683 -0.906127
v -0.176360 -0.427555 -0.886619
v -0.172054 -0.471397 -0.864975
v -0.167334 -0.514103 -0.841247
v -0.162212 -0.555570 -0.815493
v -0.156698 -0.595699 -0.787773
v -0.150807 -0.634393 -0.758157
v -0.144552 -0.671559 -0.726713
v -0.137950 -0.707107 -0.693520
v -0.131014 -0.740951 -0.658655
v -0.123764 -0.773010 -0.622204
v -0.116215 -0.803208 -0.584253
v -0.108386 -0.831470 -0.544896
v -0.100296 -0.857729 -0.504224
v -0.091965 -0.881921 -0.462339
v -0.083412 -0.903989 -0.419340
v -0.074658 -0.923880 -0.375330
v -0.065724 -0.941544 -0.330416
v -0.056632 -0.956940 -0.284707
v -0.047403 -0.970031 -0.238311
v -0.038060 -0.980785 -0.191342
v -0.028626 -0.989177 -0.143911
v -0.019122 -0.995185 -0.096134
v -0.009573 -0.998795 -0.048125
v -0.004809 0.998795 -0.048831
v -0.009607 0.995185 -0.097545
v -0.014382 0.989177 -0.146024
v -0.019122 0.980785 -0.194151
v -0.023816 0.970031 -0.241810
v -0.028453 0.956940 -0.288887
v -0.033021 0.941544 -0.335267
v -0.037509 0.923880 -0.380840
v -0.041908 0.903989 -0.425496
v -0.046205 0.881921 -0.469127
v -0.050391 0.857729 -0.511627
v -0.054455 0.831470 -0.552896
v -0.058389 0.803208 -0.592830
v -0.062181 0.773010 -0.631338
v -0.065824 0.740951 -0.668325
v -0.069308 0.707107 -0.703702
v -0.072626 0.671559 -0.737383
v -0.075768 0.634393 -0.769288
v -0.078728 0.595699 -0.799339
v -0.081499 0.555570 -0.827466
v -0.084072 0.514103 -0.853598
v -0.086443 0.471397 -0.877674
v -0.088606 0.427555 -0.899636
v -0.090556 0.382683 -0.919430
v -0.092288 0.336890 -0.937010
v -0.093796 0.290285 -0.952332
v -0.095079 0.242980 -0.965359
v -0.096134 0.195090 -0.976062
v -0.096956 0.146730 -0.984412
v -0.097545 0.098017 -0.990392
v -0.097899 0.049068 -0.993985
v -0.098017 0.000000 -0.995184
v -0.097899 -0.049068 -0.993985
v -0.097545 -0.098017 -0.990392
v -0.096956 -0.146730 -0.984412
v -0.096134 -0.195090 -0.976062
v -0.095079 -0.242980 -0.965359
v -0.093796 -0.290285 -0.952332
v -0.092288 -0.336890 -0.937010
v -0.090556 -0.382683 -0.919430
v -0.088606 -0.427555 -0.899636
v -0.086443 -0.471397 -0.877674
v -0.084072 -0.514103 -0.853598
v -0.081499 -0.555570 -0.827466
v -0.078728 -0.595699 -0.799339
v -0.075768 -0.634393 -0.769288
v -0.072626 -0.671559 -0.737383
v -0.069308 -0.707107 -0.703702
v -0.065824 -0.740951 -0.668325
v -0.062181 -0.773010 -0.631338
v -0.058389 -0.803208 -0.592830
v -0.054455 -0.831470 -0.552896
v -0.050391 -0.857729 -0.511627
v -0.046205 -0.881921 -0.469127
v -0.041908 -0.903989 -0.425496
v -0.037509 -0.923880 -0.380840
v -0.033021 -0.941544 -0.335267
v -0.028453 -0.956940 -0.288887
v -0.023816 -0.970031 -0.241810
v -0.019122 -0.980785 -0.194151
v -0.014382 -0.989177 -0.146024
v -0.009607 -0.995185 -0.097545
v -0.004809 -0.998795 -0.048831
v 0.000000 0.998795 -0.049068
v 0.000000 0.995185 -0.098017
v 0.000000 0.989177 -0.146730
v 0.000000 0.970031 -0.242980
v 0.000000 0.941544 -0.336890
v 0.000000 0.923880 -0.382683
v 0.000000 0.903989 -0.427555
v 0.000000 0.881921 -0.471396
v 0.000000 0.857729 -0.514102
v -0.000000 0.831470 -0.555571
v -0.000000 0.773010 -0.634393
v -0.000000 0.634393 -0.773010
v 0.000000 0.195090 -0.980785
v 0.000000 -0.049068 -0.998795
v 0.000000 -0.195090 -0.980785
v -0.000000 -0.336890 -0.941544
v -0.000000 -0.634393 -0.773010
v -0.000000 -0.831470 -0.555571
v 0.000000 -0.970031 -0.242980
v 0.000000 -0.989177 -0.146730
v 0.000000 -0.995185 -0.098017
v 0.000000 -0.998795 -0.049068
vn -0.0000 0.9806 -0.1958
vn -0.0000 0.9567 -0.2910
vn -0.0000 0.8028 -0.5962
vn -0.0000 0.7406 -0.6720
vn -0.0000 0.7067 -0.7075
vn -0.0000 0.6712 -0.7413
vn -0.0000 0.5953 -0.8035
vn -0.0000 0.5552 -0.8317
vn -0.0000 0.5138 -0.8579
vn -0.0000 0.4711 -0.8821
vn -0.0000 0.4273 -0.9041
vn -0.0000 0.3824 -0.9240
vn -0.0000 0.3366 -0.9416
vn -0.0000 0.2901 -0.9570
vn -0.0000 0.2428 -0.9701
vn -0.0000 0.1466 -0.9892
vn -0.0000 0.0979 -0.9952
vn -0.0000 0.0490 -0.9988
vn -0.0000 -0.0000 -1.0000
vn -0.0000 -0.0979 -0.9952
vn -0.0000 -0.1466 -0.9892
vn -0.0000 -0.2428 -0.9701
vn -0.0000 -0.2901 -0.9570
vn -0.0000 -0.3824 -0.9240
vn -0.0000 -0.4273 -0.9041
vn -0.0000 -0.4711 -0.8821
vn -0.0000 -0.5138 -0.8579
vn -0.0000 -0.5552 -0.8317
vn -0.0000 -0.5953 -0.8035
vn -0.0000 -0.6712 -0.7413
vn -0.0000 -0.7067 -0.7075
vn -0.0000 -0.7406 -0.6720
vn -0.0000 -0.7726 -0.6349
vn -0.0000 -0.8028 -0.5962
vn -0.0000 -0.8574 -0.5147
vn -0.0000 -0.8816 -0.4720
vn -0.0000 -0.9037 -0.4282
vn -0.0000 -0.9236 -0.3833
vn -0.0000 -0.9413 -0.3376
vn -0.0000 -0.9567 -0.2910
vn -0.0000 -0.9806 -0.1958
vn 0.0049 0.9988 -0.0496
vn 0.0097 0.9951 -0.0983
vn 0.0145 0.9891 -0.1468
vn 0.0192 0.9806 -0.1949
vn 0.0239 0.9699 -0.2425
vn 0.0285 0.9567 -0.2896
vn 0.0331 0.9413 -0.3359
vn 0.0376 0.9236 -0.3815
vn 0.0420 0.9037 -0.4261
vn 0.0463 0.8816 -0.4697
vn 0.0504 0.8574 -0.5122
vn 0.0545 0.8311 -0.5534
vn 0.0584 0.8028 -0.5933
vn 0.0622 0.7726 -0.6318
vn 0.0659 0.7406 -0.6687
vn 0.0693 0.7067 -0.7041
vn 0.0727 0.6712 -0.7377
vn 0.0758 0.6340 -0.7696
vn 0.0788 0.5953 -0.7996
vn 0.0815 0.5552 -0.8277
vn 0.0841 0.5138 -0.8538
vn 0.0865 0.4711 -0.8778
vn 0.0886 0.4273 -0.8998
vn 0.0906 0.3824 -0.9195
vn 0.0923 0.3366 -0.9371
vn 0.0938 0.2901 -0.9524
vn 0.0951 0.2428 -0.9654
vn 0.0961 0.1949 -0.9761
vn 0.0970 0.1466 -0.9844
vn 0.0975 0.0979 -0.9904
vn 0.0979 0.0490 -0.9940
vn 0.0980 -0.0000 -0.9952
vn 0.0979 -0.0490 -0.9940
vn 0.0975 -0.0979 -0.9904
vn 0.0970 -0.1466 -0.9844
vn 0.0961 -0.1949 -0.9761
vn 0.0951 -0.2428 -0.9654
vn 0.0938 -0.2901 -0.9524
vn 0.0923 -0.3366 -0.9371
vn 0.0906 -0.3824 -0.9195
vn 0.0886 -0.4273 -0.8998
vn 0.0865 -0.4711 -0.8778
vn 0.0841 -0.5138 -0.8538
vn 0.0815 -0.5552 -0.8277
vn 0.0788 -0.5953 -0.7996
vn 0.0758 -0.6340 -0.7696
vn 0.0727 -0.6712 -0.7377
vn 0.0693 -0.7067 -0.7041
vn 0.0659 -0.7406 -0.6687
vn 0.0622 -0.7726 -0.6318
vn 0.0584 -0.8028 -0.5933
vn 0.0545 -0.8311 -0.5534
vn 0.0504 -0.8574 -0.5122
vn 0.0463 -0.8816 -0.4697
vn 0.0420 -0.9037 -0.4261
vn 0.0376 -0.9236 -0.3815
vn 0.0331 -0.9413 -0.3359
vn 0.0285 -0.9567 -0.2896
vn 0.0239 -0.9699 -0.2425
vn 0.0192 -0.9806 -0.1949
vn 0.0145 -0.9891 -0.1468
vn 0.0097 -0.9951 -0.0983
vn 0.0049 -0.9988 -0.0496
vn 0.0097 0.9988 -0.0489
vn 0.0193 0.9951 -0.0969
vn 0.0288 0.9891 -0.1446
vn 0.0382 0.9806 -0.1921
vn 0.0475 0.9699 -0.2390
vn 0.0568 0.9567 -0.2854
vn 0.0659 0.9413 -0.3311
vn 0.0748 0.9236 -0.3760
vn 0.0835 0.9037 -0.4200
vn 0.0921 0.8816 -0.4629
vn 0.1004 0.8574 -0.5048
vn 0.1085 0.8311 -0.5454
vn 0.1163 0.8028 -0.5847
vn 0.1239 0.7726 -0.6227
vn 0.1311 0.7406 -0.6591
vn 0.1380 0.7067 -0.6939
vn 0.1446 0.6712 -0.7271
vn 0.1509 0.6340 -0.7585
vn 0.1568 0.5953 -0.7880
vn 0.1623 0.5552 -0.8157
vn 0.1674 0.5138 -0.8414
vn 0.1721 0.4711 -0.8651
vn 0.1764 0.4273 -0.8868
vn 0.1803 0.3824 -0.9062
vn 0.1837 0.3366 -0.9235
vn 0.1867 0.2901 -0.9386
vn 0.1893 0.2428 -0.9514
vn 0.1913 0.1949 -0.9620
vn 0.1930 0.1466 -0.9702
vn 0.1942 0.0979 -0.9761
vn 0.1949 0.0490 -0.9796
vn 0.1951 -0.0000 -0.9808
vn 0.1949 -0.0490 -0.9796
vn 0.1942 -0.0979 -0.9761
vn 0.1930 -0.1466 -0.9702
vn 0.1913 -0.1949 -0.9620
vn 0.1893 -0.2428 -0.9514
vn 0.1867 -0.2901 -0.9386
vn 0.1837 -0.3366 -0.9235
vn 0.1803 -0.3824 -0.9062
vn 0.1764 -0.4273 -0.8868
vn 0.1721 -0.4711 -0.8651
vn 0.1674 -0.5138 -0.8414
vn 0.1623 -0.5552 -0.8157
vn 0.1568 -0.5953 -0.7880
vn 0.1509 -0.6340 -0.7585
vn 0.1446 -0.6712 -0.7271
vn 0.1380 -0.7067 -0.6939
vn 0.1311 -0.7406 -0.6591
vn 0.1239 -0.7726 -0.6227
vn 0.1163 -0.8028 -0.5847
vn 0.1085 -0.8311 -0.5454
vn 0.1004 -0.8574 -0.5048
vn 0.0921 -0.8816 -0.4629
vn 0.0835 -0.9037 -0.4200
vn 0.0748 -0.9236 -0.3760
vn 0.0659 -0.9413 -0.3311
vn 0.0568 -0.9567 -0.2854
vn 0.0475 -0.9699 -0.2390
vn 0.0382 -0.9806 -0.1921
vn 0.0288 -0.9891 -0.1446
vn 0.0193 -0.9951 -0.0969
vn 0.0097 -0.9988 -0.0489
vn 0.0145 0.9988 -0.0477
vn 0.0287 0.9951 -0.0945
vn 0.0428 0.9891 -0.1411
vn 0.0568 0.9806 -0.1874
vn 0.0707 0.9699 -0.2332
vn 0.0845 0.9567 -0.2785
vn 0.0980 0.9413 -0.3230
vn 0.1113 0.9236 -0.3668
vn 0.1243 0.9037 -0.4097
vn 0.1370 0.8816 -0.4517
vn 0.1494 0.8574 -0.4925
vn 0.1614 0.8311 -0.5322
vn 0.1731 0.8028 -0.5705
vn 0.1843 0.7726 -0.6075
vn 0.1951 0.7406 -0.6430
vn 0.2054 0.7067 -0.6770
vn 0.2152 0.6712 -0.7094
vn 0.2245 0.6340 -0.7400
vn 0.2332 0.5953 -0.7689
vn 0.2414 0.5552 -0.7959
vn 0.2490 0.5138 -0.8210
vn 0.2561 0.4711 -0.8441
vn 0.2625 0.4273 -0.8652
vn 0.2682 0.3824 -0.8842
vn 0.2733 0.3366 -0.9011
vn 0.2778 0.2901 -0.9158
vn 0.2816 0.2428 -0.9283
vn 0.2847 0.1949 -0.9386
vn 0.2871 0.1466 -0.9466
vn 0.2889 0.0979 -0.9523
vn 0.2899 0.0490 -0.9558
vn 0.2903 -0.0000 -0.9569
vn 0.2899 -0.0490 -0.9558
vn 0.2889 -0.0979 -0.9523
vn 0.2871 -0.1466 -0.9466
vn 0.2847 -0.1949 -0.9386
vn 0.2816 -0.2428 -0.9283
vn 0.2778 -0.2901 -0.9158
vn 0.2733 -0.3366 -0.9011
vn 0.2682 -0.3824 -0.8842
vn 0.2625 -0.4273 -0.8652
vn 0.2561 -0.4711 -0.8441
vn 0.2490 -0.5138 -0.8210
vn 0.2414 -0.5552 -0.7959
vn 0.2332 -0.5953 -0.7689
vn 0.2245 -0.6340 -0.7400
vn 0.2152 -0.6712 -0.7094
vn 0.2054 -0.7067 -0.6770
vn 0.1951 -0.7406 -0.6430
vn 0.1843 -0.7726 -0.6075
vn 0.1731 -0.8028 -0.5705
vn 0.1614 -0.8311 -0.5322
vn 0.1494 -0.8574 -0.4925
vn 0.1370 -0.8816 -0.4517
vn 0.1243 -0.9037 -0.4097
vn 0.1113 -0.9236 -0.3668
vn 0.0980 -0.9413 -0.3230
vn 0.0845 -0.9567 -0.2785
vn 0.0707 -0.9699 -0.2332
vn 0.0568 -0.9806 -0.1874
vn 0.0428 -0.9891 -0.1411
vn 0.0287 -0.9951 -0.0945
vn 0.0145 -0.9988 -0.0477
vn 0.0191 0.9988 -0.0460
vn 0.0378 0.9951 -0.0913
vn 0.0564 0.9891 -0.1363
vn 0.0749 0.9806 -0.1809
vn 0.0933 0.9699 -0.2251
vn 0.1114 0.9567 -0.2688
vn 0.1292 0.9413 -0.3119
vn 0.1467 0.9236 -0.3542
vn 0.1639 0.9037 -0.3956
vn 0.1806 0.8816 -0.4361
vn 0.1970 0.8574 -0.4755
vn 0.2128 0.8311 -0.5138
vn 0.2282 0.8028 -0.5508
vn 0.2429 0.7726 -0.5865
vn 0.2572 0.7406 -0.6208
vn 0.2707 0.7067 -0.6536
vn 0.2837 0.6712 -0.6849
vn 0.2959 0.6340 -0.7145
vn 0.3075 0.5953 -0.7423
vn 0.3183 0.5552 -0.7684
vn 0.3283 0.5138 -0.7926
vn 0.3376 0.4711 -0.8149
vn 0.3460 0.4273 -0.8353
vn 0.3536 0.3824 -0.8537
vn 0.3603 0.3366 -0.8700
vn 0.3662 0.2901 -0.8842
vn 0.3712 0.2428 -0.8962
vn 0.3753 0.1949 -0.9062
vn 0.3785 0.1466 -0.9139
vn 0.3808 0.0979 -0.9194
vn 0.3822 0.0490 -0.9228
vn 0.3827 -0.0000 -0.9239
vn 0.3822 -0.0490 -0.9228
vn 0.3808 -0.0979 -0.9194
vn 0.3785 -0.1466 -0.9139
vn 0.3753 -0.1949 -0.9062
vn 0.3712 -0.2428 -0.8962
vn 0.3662 -0.2901 -0.8842
vn 0.3603 -0.3366 -0.8700
vn 0.3536 -0.3824 -0.8537
vn 0.3460 -0.4273 -0.8353
vn 0.3376 -0.4711 -0.8149
vn 0.3283 -0.5138 -0.7926
vn 0.3183 -0.5552 -0.7684
vn 0.3075 -0.5953 -0.7423
vn 0.2959 -0.6340 -0.7145
vn 0.2837 -0.6712 -0.6849
vn 0.2707 -0.7067 -0.6536
vn 0.2572 -0.7406 -0.6208
vn 0.2429 -0.7726 -0.5865
vn 0.2282 -0.8028 -0.5508
vn 0.2128 -0.8311 -0.5138
vn 0.1970 -0.8574 -0.4755
vn 0.1806 -0.8816 -0.4361
vn 0.1639 -0.9037 -0.3956
vn 0.1467 -0.9236 -0.3542
vn 0.1292 -0.9413 -0.3119
vn 0.1114 -0.9567 -0.2688
vn 0.0933 -0.9699 -0.2252
vn 0.0749 -0.9806 -0.1809
vn 0.0564 -0.9891 -0.1363
vn 0.0378 -0.9951 -0.0913
vn 0.0191 -0.9988 -0.0460
vn 0.0235 0.9988 -0.0439
vn 0.0466 0.9951 -0.0871
vn 0.0695 0.9891 -0.1301
vn 0.0923 0.9806 -0.1727
vn 0.1149 0.9699 -0.2149
vn 0.1372 0.9567 -0.2566
vn 0.1591 0.9413 -0.2977
vn 0.1807 0.9236 -0.3381
vn 0.2018 0.9037 -0.3776
vn 0.2225 0.8816 -0.4163
vn 0.2426 0.8574 -0.4539
vn 0.2621 0.8311 -0.4904
vn 0.2810 0.8028 -0.5258
vn 0.2993 0.7726 -0.5599
vn 0.3168 0.7406 -0.5926
vn 0.3335 0.7067 -0.6239
vn 0.3494 0.6712 -0.6538
vn 0.3645 0.6340 -0.6820
vn 0.3788 0.5953 -0.7086
vn 0.3921 0.5552 -0.7335
vn 0.4044 0.5138 -0.7566
vn 0.4158 0.4711 -0.7779
vn 0.4262 0.4273 -0.7974
vn 0.4356 0.3824 -0.8149
vn 0.4439 0.3366 -0.8304
vn 0.4511 0.2901 -0.8440
vn 0.4573 0.2428 -0.8555
vn 0.4624 0.1949 -0.8650
vn 0.4663 0.1466 -0.8724
vn 0.4691 0.0979 -0.8777
vn 0.4708 0.0490 -0.8809
vn 0.4714 -0.0000 -0.8819
vn 0.4708 -0.0490 -0.8809
vn 0.4691 -0.0979 -0.8777
vn 0.4663 -0.1466 -0.8724
vn 0.4624 -0.1949 -0.8650
vn 0.4573 -0.2428 -0.8555
vn 0.4511 -0.2901 -0.8440
vn 0.4439 -0.3366 -0.8304
vn 0.4356 -0.3824 -0.8149
vn 0.4262 -0.4273 -0.7974
vn 0.4158 -0.4711 -0.7779
vn 0.4044 -0.5138 -0.7566
vn 0.3921 -0.5552 -0.7335
vn 0.3788 -0.5953 -0.7086
vn 0.3645 -0.6340 -0.6820
vn 0.3494 -0.6712 -0.6538
vn 0.3335 -0.7067 -0.6239
vn 0.3168 -0.7406 -0.5926
vn 0.2993 -0.7726 -0.5599
vn 0.2810 -0.8028 -0.5258
vn 0.2621 -0.8311 -0.4904
vn 0.2426 -0.8574 -0.4539
vn 0.2225 -0.8816 -0.4163
vn 0.2018 -0.9037 -0.3776
vn 0.1807 -0.9236 -0.3381
vn 0.1591 -0.9413 -0.2977
vn 0.1372 -0.9567 -0.2566
vn 0.1149 -0.9699 -0.2149
vn 0.0923 -0.9806 -0.1727
vn 0.0695 -0.9891 -0.1301
vn 0.0466 -0.9951 -0.0871
vn 0.0235 -0.9988 -0.0439
vn 0.0277 0.9988 -0.0414
vn 0.0549 0.9951 -0.0821
vn 0.0819 0.9891 -0.1226
vn 0.1088 0.9806 -0.1628
vn 0.1354 0.9699 -0.2026
vn 0.1617 0.9567 -0.2419
vn 0.1875 0.9413 -0.2807
vn 0.2130 0.9236 -0.3187
vn 0.2379 0.9037 -0.3560
vn 0.2622 0.8816 -0.3924
vn 0.2859 0.8574 -0.4279
vn 0.3090 0.8311 -0.4624
vn 0.3312 0.8028 -0.4957
vn 0.3527 0.7726 -0.5279
vn 0.3733 0.7406 -0.5587
vn 0.3931 0.7067 -0.5883
vn 0.4118 0.6712 -0.6164
vn 0.4296 0.6340 -0.6430
vn 0.4464 0.5953 -0.6681
vn 0.4621 0.5552 -0.6915
vn 0.4766 0.5138 -0.7133
vn 0.4901 0.4711 -0.7334
vn 0.5023 0.4273 -0.7518
vn 0.5133 0.3824 -0.7683
vn 0.5231 0.3366 -0.7829
vn 0.5317 0.2901 -0.7957
vn 0.5389 0.2428 -0.8066
vn 0.5449 0.1949 -0.8155
vn 0.5496 0.1466 -0.8225
vn 0.5529 0.0979 -0.8275
vn 0.5549 0.0490 -0.8305
vn 0.5556 -0.0000 -0.8315
vn 0.5549 -0.0490 -0.8305
vn 0.5529 -0.0979 -0.8275
vn 0.5496 -0.1466 -0.8225
vn 0.5449 -0.1949 -0.8155
vn 0.5389 -0.2428 -0.8066
vn 0.5317 -0.2901 -0.7957
vn 0.5231 -0.3366 -0.7829
vn 0.5133 -0.3824 -0.7683
vn 0.5023 -0.4273 -0.7518
vn 0.4901 -0.4711 -0.7334
vn 0.4766 -0.5138 -0.7133
vn 0.4621 -0.5552 -0.6915
vn 0.4464 -0.5953 -0.6681
vn 0.4296 -0.6340 -0.6430
vn 0.4118 -0.6712 -0.6164
vn 0.3931 -0.7067 -0.5883
vn 0.3733 -0.7406 -0.5587
vn 0.3527 -0.7726 -0.5279
vn 0.3312 -0.8028 -0.4957
vn 0.3090 -0.8311 -0.4624
vn 0.2859 -0.8574 -0.4279
vn 0.2622 -0.8816 -0.3924
vn 0.2379 -0.9037 -0.3560
vn 0.2130 -0.9236 -0.3187
vn 0.1875 -0.9413 -0.2807
vn 0.1617 -0.9567 -0.2419
vn 0.1354 -0.9699 -0.2026
vn 0.1088 -0.9806 -0.1628
vn 0.0819 -0.9891 -0.1226
vn 0.0549 -0.9951 -0.0821
vn 0.0277 -0.9988 -0.0414
vn 0.0316 0.9988 -0.0385
vn 0.0627 0.9951 -0.0764
vn 0.0936 0.9891 -0.1140
vn 0.1242 0.9806 -0.1514
vn 0.1546 0.9699 -0.1884
vn 0.1846 0.9567 -0.2249
vn 0.2142 0.9413 -0.2609
vn 0.2432 0.9236 -0.2963
vn 0.2716 0.9037 -0.3310
vn 0.2994 0.8816 -0.3649
vn 0.3265 0.8574 -0.3978
vn 0.3528 0.8311 -0.4299
vn 0.3782 0.8028 -0.4609
vn 0.4027 0.7726 -0.4907
vn 0.4263 0.7406 -0.5194
vn 0.4488 0.7067 -0.5469
vn 0.4703 0.6712 -0.5730
vn 0.4906 0.6340 -0.5978
vn 0.5097 0.5953 -0.6211
vn 0.5276 0.5552 -0.6429
vn 0.5443 0.5138 -0.6632
vn 0.5596 0.4711 -0.6819
vn 0.5736 0.4273 -0.6989
vn 0.5862 0.3824 -0.7143
vn 0.5974 0.3366 -0.7279
vn 0.6071 0.2901 -0.7398
vn 0.6154 0.2428 -0.7499
vn 0.6222 0.1949 -0.7582
vn 0.6275 0.1466 -0.7647
vn 0.6313 0.0979 -0.7693
vn 0.6336 0.0490 -0.7721
vn 0.6344 -0.0000 -0.7730
vn 0.6336 -0.0490 -0.7721
vn 0.6313 -0.0979 -0.7693
vn 0.6275 -0.1466 -0.7647
vn 0.6222 -0.1949 -0.7582
vn 0.6154 -0.2428 -0.7499
vn 0.6071 -0.2901 -0.7398
vn 0.5974 -0.3366 -0.7279
vn 0.5862 -0.3824 -0.7143
vn 0.5736 -0.4273 -0.6989
vn 0.5596 -0.4711 -0.6819
vn 0.5443 -0.5138 -0.6632
vn 0.5276 -0.5552 -0.6429
vn 0.5097 -0.5953 -0.6211
vn 0.4906 -0.6340 -0.5978
vn 0.4703 -0.6712 -0.5730
vn 0.4488 -0.7067 -0.5469
vn 0.4263 -0.7406 -0.5194
vn 0.4027 -0.7726 -0.4907
vn 0.3782 -0.8028 -0.4609
vn 0.3528 -0.8311 -0.4299
vn 0.3265 -0.8574 -0.3978
vn 0.2994 -0.8816 -0.3649
vn 0.2716 -0.9037 -0.3310
vn 0.2432 -0.9236 -0.2963
vn 0.2142 -0.9413 -0.2609
vn 0.1846 -0.9567 -0.2249
vn 0.1546 -0.9699 -0.1884
vn 0.1242 -0.9806 -0.1514
vn 0.0936 -0.9891 -0.1140
vn 0.0627 -0.9951 -0.0764
vn 0.0316 -0.9988 -0.0385
vn 0.0352 0.9988 -0.0352
vn 0.0698 0.9951 -0.0698
vn 0.1043 0.9891 -0.1043
vn 0.1385 0.9806 -0.1385
vn 0.1723 0.9699 -0.1723
vn 0.2058 0.9567 -0.2058
vn 0.2387 0.9413 -0.2387
vn 0.2711 0.9236 -0.2711
vn 0.3028 0.9037 -0.3028
vn 0.3337 0.8816 -0.3337
vn 0.3639 0.8574 -0.3639
vn 0.3932 0.8311 -0.3932
vn 0.4216 0.8028 -0.4216
vn 0.4489 0.7726 -0.4489
vn 0.4752 0.7406 -0.4752
vn 0.5003 0.7067 -0.5003
vn 0.5242 0.6712 -0.5242
vn 0.5468 0.6340 -0.5468
vn 0.5681 0.5953 -0.5681
vn 0.5881 0.5552 -0.5881
vn 0.6066 0.5138 -0.6066
vn 0.6237 0.4711 -0.6237
vn 0.6393 0.4273 -0.6393
vn 0.6534 0.3824 -0.6534
vn 0.6658 0.3366 -0.6658
vn 0.6767 0.2901 -0.6767
vn 0.6859 0.2428 -0.6859
vn 0.6935 0.1949 -0.6935
vn 0.6995 0.1466 -0.6995
vn 0.7037 0.0979 -0.7037
vn 0.7063 0.0490 -0.7063
vn 0.7071 -0.0000 -0.7071
vn 0.7063 -0.0490 -0.7063
vn 0.7037 -0.0979 -0.7037
vn 0.6995 -0.1466 -0.6995
vn 0.6935 -0.1949 -0.6935
vn 0.6859 -0.2428 -0.6859
vn 0.6767 -0.2901 -0.6767
vn 0.6658 -0.3366 -0.6658
vn 0.6534 -0.3824 -0.6534
vn 0.6393 -0.4273 -0.6393
vn 0.6237 -0.4711 -0.6237
vn 0.6066 -0.5138 -0.6066
vn 0.5881 -0.5552 -0.5881
vn 0.5681 -0.5953 -0.5681
vn 0.5468 -0.6340 -0.5468
vn 0.5242 -0.6712 -0.5242
vn 0.5003 -0.7067 -0.5003
vn 0.4752 -0.7406 -0.4752
vn 0.4489 -0.7726 -0.4489
vn 0.4216 -0.8028 -0.4216
vn 0.3932 -0.8311 -0.3932
vn 0.3639 -0.8574 -0.3639
vn 0.3337 -0.8816 -0.3337
vn 0.3028 -0.9037 -0.3028
vn 0.2711 -0.9236 -0.2711
vn 0.2387 -0.9413 -0.2387
vn 0.2058 -0.9567 -0.2058
vn 0.1723 -0.9699 -0.1723
vn 0.1385 -0.9806 -0.1385
vn 0.1043 -0.9891 -0.1043
vn 0.0698 -0.9951 -0.0698
vn 0.0352 -0.9988 -0.0352
vn 0.0385 0.9988 -0.0316
vn 0.0764 0.9951 -0.0627
vn 0.1140 0.9891 -0.0936
vn 0.1514 0.9806 -0.1242
vn 0.1884 0.9699 -0.1546
vn 0.2249 0.9567 -0.1846
vn 0.2609 0.9413 -0.2142
vn 0.2963 0.9236 -0.2432
vn 0.3310 0.9037 -0.2716
vn 0.3649 0.8816 -0.2994
vn 0.3978 0.8574 -0.3265
vn 0.4299 0.8311 -0.3528
vn 0.4609 0.8028 -0.3782
vn 0.4907 0.7726 -0.4027
vn 0.5194 0.7406 -0.4263
vn 0.5469 0.7067 -0.4488
vn 0.5730 0.6712 -0.4703
vn 0.5978 0.6340 -0.4906
vn 0.6211 0.5953 -0.5097
vn 0.6429 0.5552 -0.5276
vn 0.6632 0.5138 -0.5443
vn 0.6819 0.4711 -0.5596
vn 0.6989 0.4273 -0.5736
vn 0.7143 0.3824 -0.5862
vn 0.7279 0.3366 -0.5974
vn 0.7398 0.2901 -0.6071
vn 0.7499 0.2428 -0.6154
vn 0.7582 0.1949 -0.6222
vn 0.7647 0.1466 -0.6275
vn 0.7693 0.0979 -0.6313
vn 0.7721 0.0490 -0.6336
vn 0.7730 -0.0000 -0.6344
vn 0.7721 -0.0490 -0.6336
vn 0.7693 -0.0979 -0.6313
vn 0.7647 -0.1466 -0.6275
vn 0.7582 -0.1949 -0.6222
vn 0.7499 -0.2428 -0.6154
vn 0.7398 -0.2901 -0.6071
vn 0.7279 -0.3366 -0.5974
vn 0.7143 -0.3824 -0.5862
vn 0.6989 -0.4273 -0.5736
vn 0.6819 -0.4711 -0.5596
vn 0.6632 -0.5138 -0.5443
vn 0.6429 -0.5552 -0.5276
vn 0.6211 -0.5953 -0.5097
vn 0.5978 -0.6340 -0.4906
vn 0.5730 -0.6712 -0.4703
vn 0.5469 -0.7067 -0.4488
vn 0.5194 -0.7406 -0.4263
vn 0.4907 -0.7726 -0.4027
vn 0.4609 -0.8028 -0.3782
vn 0.4299 -0.8311 -0.3528
vn 0.3978 -0.8574 -0.3265
vn 0.3649 -0.8816 -0.2994
vn 0.3310 -0.9037 -0.2716
vn 0.2963 -0.9236 -0.2432
vn 0.2609 -0.9413 -0.2142
vn 0.2249 -0.9567 -0.1846
vn 0.1884 -0.9699 -0.1546
vn 0.1514 -0.9806 -0.1242
vn 0.1140 -0.9891 -0.0936
vn 0.0764 -0.9951 -0.0627
vn 0.0385 -0.9988 -0.0316
vn 0.0414 0.9988 -0.0277
vn 0.0821 0.9951 -0.0549
vn 0.1226 0.9891 -0.0819
vn 0.1628 0.9806 -0.1088
vn 0.2026 0.9699 -0.1354
vn 0.2419 0.9567 -0.1617
vn 0.2807 0.9413 -0.1875
vn 0.3187 0.9236 -0.2130
vn 0.3560 0.9037 -0.2379
vn 0.3924 0.8816 -0.2622
vn 0.4279 0.8574 -0.2859
vn 0.4624 0.8311 -0.3090
vn 0.4957 0.8028 -0.3312
vn 0.5279 0.7726 -0.3527
vn 0.5587 0.7406 -0.3733
vn 0.5883 0.7067 -0.3931
vn 0.6164 0.6712 -0.4118
vn 0.6430 0.6340 -0.4296
vn 0.6681 0.5953 -0.4464
vn 0.6915 0.5552 -0.4621
vn 0.7133 0.5138 -0.4766
vn 0.7334 0.4711 -0.4901
vn 0.7518 0.4273 -0.5023
vn 0.7683 0.3824 -0.5133
vn 0.7829 0.3366 -0.5231
vn 0.7957 0.2901 -0.5317
vn 0.8066 0.2428 -0.5389
vn 0.8155 0.1949 -0.5449
vn 0.8225 0.1466 -0.5496
vn 0.8275 0.0979 -0.5529
vn 0.8305 0.0490 -0.5549
vn 0.8315 -0.0000 -0.5556
vn 0.8305 -0.0490 -0.5549
vn 0.8275 -0.0979 -0.5529
vn 0.8225 -0.1466 -0.5496
vn 0.8155 -0.1949 -0.5449
vn 0.8066 -0.2428 -0.5389
vn 0.7957 -0.2901 -0.5317
vn 0.7829 -0.3366 -0.5231
vn 0.7683 -0.3824 -0.5133
vn 0.7518 -0.4273 -0.5023
vn 0.7334 -0.4711 -0.4901
vn 0.7133 -0.5138 -0.4766
vn 0.6915 -0.5552 -0.4621
vn 0.6681 -0.5953 -0.4464
vn 0.6430 -0.6340 -0.4296
vn 0.6164 -0.6712 -0.4118
vn 0.5883 -0.7067 -0.3931
vn 0.5587 -0.7406 -0.3733
vn 0.5279 -0.7726 -0.3527
vn 0.4957 -0.8028 -0.3312
vn 0.4624 -0.8311 -0.3090
vn 0.4279 -0.8574 -0.2859
vn 0.3924 -0.8816 -0.2622
vn 0.3560 -0.9037 -0.2379
vn 0.3187 -0.9236 -0.2130
vn 0.2807 -0.9413 -0.1875
vn 0.2419 -0.9567 -0.1617
vn 0.2026 -0.9699 -0.1354
vn 0.1628 -0.9806 -0.1088
vn 0.1226 -0.9891 -0.0819
vn 0.0821 -0.9951 -0.0549
vn 0.0414 -0.9988 -0.0277
vn 0.0439 0.9988 -0.0235
vn 0.0871 0.9951 -0.0466
vn 0.1301 0.9891 -0.0695
vn 0.1727 0.9806 -0.0923
vn 0.2149 0.9699 -0.1149
vn 0.2566 0.9567 -0.1372
vn 0.2977 0.9413 -0.1591
vn 0.3381 0.9236 -0.1807
vn 0.3776 0.9037 -0.2018
vn 0.4163 0.8816 -0.2225
vn 0.4539 0.8574 -0.2426
vn 0.4904 0.8311 -0.2621
vn 0.5258 0.8028 -0.2810
vn 0.5599 0.7726 -0.2993
vn 0.5926 0.7406 -0.3168
vn 0.6240 0.7067 -0.3335
vn 0.6538 0.6712 -0.3494
vn 0.6820 0.6340 -0.3645
vn 0.7086 0.5953 -0.3788
vn 0.7335 0.5552 -0.3921
vn 0.7566 0.5138 -0.4044
vn 0.7779 0.4711 -0.4158
vn 0.7974 0.4273 -0.4262
vn 0.8149 0.3824 -0.4356
vn 0.8304 0.3366 -0.4439
vn 0.8440 0.2901 -0.4511
vn 0.8555 0.2428 -0.4573
vn 0.8650 0.1949 -0.4624
vn 0.8724 0.1466 -0.4663
vn 0.8777 0.0979 -0.4691
vn 0.8809 0.0490 -0.4708
vn 0.8819 -0.0000 -0.4714
vn 0.8809 -0.0490 -0.4708
vn 0.8777 -0.0979 -0.4691
vn 0.8724 -0.1466 -0.4663
vn 0.8650 -0.1949 -0.4624
vn 0.8555 -0.2428 -0.4573
vn 0.8440 -0.2901 -0.4511
vn 0.8304 -0.3366 -0.4439
vn 0.8149 -0.3824 -0.4356
vn 0.7974 -0.4273 -0.4262
vn 0.7779 -0.4711 -0.4158
vn 0.7566 -0.5138 -0.4044
vn 0.7335 -0.5552 -0.3921
vn 0.7086 -0.5953 -0.3788
vn 0.6820 -0.6340 -0.3645
vn 0.6538 -0.6712 -0.3494
vn 0.6240 -0.7067 -0.3335
vn 0.5926 -0.7406 -0.3168
vn 0.5599 -0.7726 -0.2993
vn 0.5258 -0.8028 -0.2810
vn 0.4904 -0.8311 -0.2621
vn 0.4539 -0.8574 -0.2426
vn 0.4163 -0.8816 -0.2225
vn 0.3776 -0.9037 -0.2018
vn 0.3381 -0.9236 -0.1807
vn 0.2977 -0.9413 -0.1591
vn 0.2566 -0.9567 -0.1372
vn 0.2149 -0.9699 -0.1149
vn 0.1727 -0.9806 -0.0923
vn 0.1301 -0.9891 -0.0695
vn 0.0871 -0.9951 -0.0466
vn 0.0439 -0.9988 -0.0235
vn 0.0460 0.9988 -0.0191
vn 0.0913 0.9951 -0.0378
vn 0.1363 0.9891 -0.0564
vn 0.1809 0.9806 -0.0749
vn 0.2252 0.9699 -0.0933
vn 0.2688 0.9567 -0.1114
vn 0.3119 0.9413 -0.1292
vn 0.3542 0.9236 -0.1467
vn 0.3956 0.9037 -0.1639
vn 0.4361 0.8816 -0.1806
vn 0.4755 0.8574 -0.1970
vn 0.5138 0.8311 -0.2128
vn 0.5508 0.8028 -0.2282
vn 0.5865 0.7726 -0.2429
vn 0.6208 0.7406 -0.2572
vn 0.6536 0.7067 -0.2707
vn 0.6849 0.6712 -0.2837
vn 0.7145 0.6340 -0.2959
vn 0.7423 0.5953 -0.3075
vn 0.7684 0.5552 -0.3183
vn 0.7926 0.5138 -0.3283
vn 0.8149 0.4711 -0.3376
vn 0.8353 0.4273 -0.3460
vn 0.8537 0.3824 -0.3536
vn 0.8700 0.3366 -0.3603
vn 0.8842 0.2901 -0.3662
vn 0.8962 0.2428 -0.3712
vn 0.9062 0.1949 -0.3753
vn 0.9139 0.1466 -0.3785
vn 0.9194 0.0979 -0.3808
vn 0.9228 0.0490 -0.3822
vn 0.9239 -0.0000 -0.3827
vn 0.9228 -0.0490 -0.3822
vn 0.9194 -0.0979 -0.3808
vn 0.9139 -0.1466 -0.3785
vn 0.9062 -0.1949 -0.3753
vn 0.8962 -0.2428 -0.3712
vn 0.8842 -0.2901 -0.3662
vn 0.8700 -0.3366 -0.3603
vn 0.8537 -0.3824 -0.3536
vn 0.8353 -0.4273 -0.3460
vn 0.8149 -0.4711 -0.3376
vn 0.7926 -0.5138 -0.3283
vn 0.7684 -0.5552 -0.3183
vn 0.7423 -0.5953 -0.3075
vn 0.7145 -0.6340 -0.2959
vn 0.6849 -0.6712 -0.2837
vn 0.6536 -0.7067 -0.2707
vn 0.6208 -0.7406 -0.2572
vn 0.5865 -0.7726 -0.2429
vn 0.5508 -0.8028 -0.2282
vn 0.5138 -0.8311 -0.2128
vn 0.4755 -0.8574 -0.1970
vn 0.4361 -0.8816 -0.1806
vn 0.3956 -0.9037 -0.1639
vn 0.3542 -0.9236 -0.1467
vn 0.3119 -0.9413 -0.1292
vn 0.2688 -0.9567 -0.1114
vn 0.2252 -0.9699 -0.0933
vn 0.1809 -0.9806 -0.0749
vn 0.1363 -0.9891 -0.0564
vn 0.0913 -0.9951 -0.0378
vn 0.0460 -0.9988 -0.0191
vn 0.0477 0.9988 -0.0145
vn 0.0945 0.9951 -0.0287
vn 0.1411 0.9891 -0.0428
vn 0.1874 0.9806 -0.0568
vn 0.2332 0.9699 -0.0707
vn 0.2785 0.9567 -0.0845
vn 0.3230 0.9413 -0.0980
vn 0.3668 0.9236 -0.1113
vn 0.4097 0.9037 -0.1243
vn 0.4517 0.8816 -0.1370
vn 0.4925 0.8574 -0.1494
vn 0.5322 0.8311 -0.1614
vn 0.5705 0.8028 -0.1731
vn 0.6075 0.7726 -0.1843
vn 0.6430 0.7406 -0.1951
vn 0.6770 0.7067 -0.2054
vn 0.7094 0.6712 -0.2152
vn 0.7400 0.6340 -0.2245
vn 0.7689 0.5953 -0.2332
vn 0.7959 0.5552 -0.2414
vn 0.8210 0.5138 -0.2490
vn 0.8441 0.4711 -0.2561
vn 0.8652 0.4273 -0.2625
vn 0.8842 0.3824 -0.2682
vn 0.9011 0.3366 -0.2733
vn 0.9158 0.2901 -0.2778
vn 0.9283 0.2428 -0.2816
vn 0.9386 0.1949 -0.2847
vn 0.9466 0.1466 -0.2871
vn 0.9523 0.0979 -0.2889
vn 0.9558 0.0490 -0.2899
vn 0.9569 -0.0000 -0.2903
vn 0.9558 -0.0490 -0.2899
vn 0.9523 -0.0979 -0.2889
vn 0.9466 -0.1466 -0.2871
vn 0.9386 -0.1949 -0.2847
vn 0.9283 -0.2428 -0.2816
vn 0.9158 -0.2901 -0.2778
vn 0.9011 -0.3366 -0.2733
vn 0.8842 -0.3824 -0.2682
vn 0.8652 -0.4273 -0.2625
vn 0.8441 -0.4711 -0.2561
vn 0.8210 -0.5138 -0.2490
vn 0.7959 -0.5552 -0.2414
vn 0.7689 -0.5953 -0.2332
vn 0.7400 -0.6340 -0.2245
vn 0.7094 -0.6712 -0.2152
vn 0.6770 -0.7067 -0.2054
vn 0.6430 -0.7406 -0.1951
vn 0.6075 -0.7726 -0.1843
vn 0.5705 -0.8028 -0.1731
vn 0.5322 -0.8311 -0.1614
vn 0.4925 -0.8574 -0.1494
vn 0.4517 -0.8816 -0.1370
vn 0.4097 -0.9037 -0.1243
vn 0.3668 -0.9236 -0.1113
vn 0.3230 -0.9413 -0.0980
vn 0.2785 -0.9567 -0.0845
vn 0.2332 -0.9699 -0.0707
vn 0.1874 -0.9806 -0.0568
vn 0.1411 -0.9891 -0.0428
vn 0.0945 -0.9951 -0.0287
vn 0.0477 -0.9988 -0.0145
vn 0.0489 0.9988 -0.0097
vn 0.0969 0.9951 -0.0193
vn 0.1446 0.9891 -0.0288
vn 0.1921 0.9806 -0.0382
vn 0.2390 0.9699 -0.0475
vn 0.2854 0.9567 -0.0568
vn 0.3311 0.9413 -0.0659
vn 0.3760 0.9236 -0.0748
vn 0.4200 0.9037 -0.0835
vn 0.4629 0.8816 -0.0921
vn 0.5048 0.8574 -0.1004
vn 0.5454 0.8311 -0.1085
vn 0.5847 0.8028 -0.1163
vn 0.6227 0.7726 -0.1239
vn 0.6591 0.7406 -0.1311
vn 0.6939 0.7067 -0.1380
vn 0.7271 0.6712 -0.1446
vn 0.7585 0.6340 -0.1509
vn 0.7880 0.5953 -0.1568
vn 0.8157 0.5552 -0.1623
vn 0.8414 0.5138 -0.1674
vn 0.8651 0.4711 -0.1721
vn 0.8868 0.4273 -0.1764
vn 0.9062 0.3824 -0.1803
vn 0.9235 0.3366 -0.1837
vn 0.9386 0.2901 -0.1867
vn 0.9514 0.2428 -0.1893
vn 0.9620 0.1949 -0.1913
vn 0.9702 0.1466 -0.1930
vn 0.9761 0.0979 -0.1942
vn 0.9796 0.0490 -0.1949
vn 0.9808 -0.0000 -0.1951
vn 0.9796 -0.0490 -0.1949
vn 0.9761 -0.0979 -0.1942
vn 0.9702 -0.1466 -0.1930
vn 0.9620 -0.1949 -0.1913
vn 0.9514 -0.2428 -0.1893
vn 0.9386 -0.2901 -0.1867
vn 0.9235 -0.3366 -0.1837
vn 0.9062 -0.3824 -0.1803
vn 0.8868 -0.4273 -0.1764
vn 0.8651 -0.4711 -0.1721
vn 0.8414 -0.5138 -0.1674
vn 0.8157 -0.5552 -0.1623
vn 0.7880 -0.5953 -0.1568
vn 0.7585 -0.6340 -0.1509
vn 0.7271 -0.6712 -0.1446
vn 0.6939 -0.7067 -0.1380
vn 0.6591 -0.7406 -0.1311
vn 0.6227 -0.7726 -0.1239
vn 0.5847 -0.8028 -0.1163
vn 0.5454 -0.8311 -0.1085
vn 0.5048 -0.8574 -0.1004
vn 0.4629 -0.8816 -0.0921
vn 0.4200 -0.9037 -0.0835
vn 0.3760 -0.9236 -0.0748
vn 0.3311 -0.9413 -0.0659
vn 0.2854 -0.9567 -0.0568
vn 0.2390 -0.9699 -0.0475
vn 0.1921 -0.9806 -0.0382
vn 0.1446 -0.9891 -0.0288
vn 0.0969 -0.9951 -0.0193
vn 0.0489 -0.9988 -0.0097
vn 0.0496 0.9988 -0.0049
vn 0.0983 0.9951 -0.0097
vn 0.1468 0.9891 -0.0145
vn 0.1949 0.9806 -0.0192
vn 0.2425 0.9699 -0.0239
vn 0.2896 0.9567 -0.0285
vn 0.3359 0.9413 -0.0331
vn 0.3815 0.9236 -0.0376
vn 0.4261 0.9037 -0.0420
vn 0.4697 0.8816 -0.0463
vn 0.5122 0.8574 -0.0504
vn 0.5534 0.8311 -0.0545
vn 0.5933 0.8028 -0.0584
vn 0.6318 0.7726 -0.0622
vn 0.6687 0.7406 -0.0659
vn 0.7041 0.7067 -0.0693
vn 0.7377 0.6712 -0.0727
vn 0.7696 0.6340 -0.0758
vn 0.7996 0.5953 -0.0788
vn 0.8277 0.5552 -0.0815
vn 0.8538 0.5138 -0.0841
vn 0.8778 0.4711 -0.0865
vn 0.8998 0.4273 -0.0886
vn 0.9195 0.3824 -0.0906
vn 0.9371 0.3366 -0.0923
vn 0.9524 0.2901 -0.0938
vn 0.9654 0.2428 -0.0951
vn 0.9761 0.1949 -0.0961
vn 0.9844 0.1466 -0.0970
vn 0.9904 0.0979 -0.0975
vn 0.9940 0.0490 -0.0979
vn 0.9952 -0.0000 -0.0980
vn 0.9940 -0.0490 -0.0979
vn 0.9904 -0.0979 -0.0975
vn 0.9844 -0.1466 -0.0970
vn 0.9761 -0.1949 -0.0961
vn 0.9654 -0.2428 -0.0951
vn 0.9524 -0.2901 -0.0938
vn 0.9371 -0.3366 -0.0923
vn 0.9195 -0.3824 -0.0906
vn 0.8998 -0.4273 -0.0886
vn 0.8778 -0.4711 -0.0865
vn 0.8538 -0.5138 -0.0841
vn 0.8277 -0.5552 -0.0815
vn 0.7996 -0.5953 -0.0788
vn 0.7696 -0.6340 -0.0758
vn 0.7377 -0.6712 -0.0727
vn 0.7041 -0.7067 -0.0693
vn 0.6687 -0.7406 -0.0659
vn 0.6318 -0.7726 -0.0622
vn 0.5933 -0.8028 -0.0584
vn 0.5534 -0.8311 -0.0545
vn 0.5122 -0.8574 -0.0504
vn 0.4697 -0.8816 -0.0463
vn 0.4261 -0.9037 -0.0420
vn 0.3815 -0.9236 -0.0376
vn 0.3359 -0.9413 -0.0331
vn 0.2896 -0.9567 -0.0285
vn 0.2425 -0.9699 -0.0239
vn 0.1949 -0.9806 -0.0192
vn 0.1468 -0.9891 -0.0145
vn 0.0983 -0.9951 -0.0097
vn 0.0496 -0.9988 -0.0049
vn 0.0498 0.9988 -0.0000
vn 0.0988 0.9951 -0.0000
vn 0.1475 0.9891 -0.0000
vn 0.1958 0.9806 -0.0000
vn 0.2437 0.9699 -0.0000
vn 0.2910 0.9567 -0.0000
vn 0.3376 0.9413 -0.0000
vn 0.3833 0.9236 -0.0000
vn 0.4282 0.9037 -0.0000
vn 0.4720 0.8816 -0.0000
vn 0.5147 0.8574 -0.0000
vn 0.5561 0.8311 -0.0000
vn 0.5962 0.8028 -0.0000
vn 0.6348 0.7726 -0.0000
vn 0.6720 0.7406 -0.0000
vn 0.7075 0.7067 -0.0000
vn 0.7413 0.6712 -0.0000
vn 0.7733 0.6340 -0.0000
vn 0.8035 0.5953 -0.0000
vn 0.8317 0.5552 -0.0000
vn 0.8579 0.5138 -0.0000
vn 0.8821 0.4711 -0.0000
vn 0.9041 0.4273 -0.0000
vn 0.9240 0.3824 -0.0000
vn 0.9416 0.3366 -0.0000
vn 0.9570 0.2901 -0.0000
vn 0.9701 0.2428 -0.0000
vn 0.9808 0.1949 -0.0000
vn 0.9892 0.1466 -0.0000
vn 0.9952 0.0979 -0.0000
vn 0.9988 0.0490 -0.0000
vn 1.0000 -0.0000 -0.0000
vn 0.9988 -0.0490 -0.0000
vn 0.9952 -0.0979 -0.0000
vn 0.9892 -0.1466 -0.0000
vn 0.9808 -0.1949 -0.0000
vn 0.9701 -0.2428 -0.0000
vn 0.9570 -0.2901 -0.0000
vn 0.9416 -0.3366 -0.0000
vn 0.9240 -0.3824 -0.0000
vn 0.9041 -0.4273 -0.0000
vn 0.8821 -0.4711 -0.0000
vn 0.8579 -0.5138 -0.0000
vn 0.8317 -0.5552 -0.0000
vn 0.8035 -0.5953 -0.0000
vn 0.7733 -0.6340 -0.0000
vn 0.7413 -0.6712 -0.0000
vn 0.7075 -0.7067 -0.0000
vn 0.6720 -0.7406 -0.0000
vn 0.6348 -0.7726 -0.0000
vn 0.5962 -0.8028 -0.0000
vn 0.5561 -0.8311 -0.0000
vn 0.5147 -0.8574 -0.0000
vn 0.4720 -0.8816 -0.0000
vn 0.4282 -0.9037 -0.0000
vn 0.3833 -0.9236 -0.0000
vn 0.3376 -0.9413 -0.0000
vn 0.2910 -0.9567 -0.0000
vn 0.2437 -0.9699 -0.0000
vn 0.1958 -0.9806 -0.0000
vn 0.1475 -0.9891 -0.0000
vn 0.0988 -0.9951 -0.0000
vn 0.0498 -0.9988 -0.0000
vn 0.0496 0.9988 0.0049
vn 0.0983 0.9951 0.0097
vn 0.1468 0.9891 0.0145
vn 0.1949 0.9806 0.0192
vn 0.2425 0.9699 0.0239
vn 0.2896 0.9567 0.0285
vn 0.3359 0.9413 0.0331
vn 0.3815 0.9236 0.0376
vn 0.4261 0.9037 0.0420
vn 0.4697 0.8816 0.0463
vn 0.5122 0.8574 0.0504
vn 0.5534 0.8311 0.0545
vn 0.5933 0.8028 0.0584
vn 0.6318 0.7726 0.0622
vn 0.6687 0.7406 0.0659
vn 0.7041 0.7067 0.0693
vn 0.7377 0.6712 0.0727
vn 0.7696 0.6340 0.0758
vn 0.7996 0.5953 0.0788
vn 0.8277 0.5552 0.0815
vn 0.8538 0.5138 0.0841
vn 0.8778 0.4711 0.0865
vn 0.8998 0.4273 0.0886
vn 0.9195 0.3824 0.0906
vn 0.9371 0.3366 0.0923
vn 0.9524 0.2901 0.0938
vn 0.9654 0.2428 0.0951
vn 0.9761 0.1949 0.0961
vn 0.9844 0.1466 0.0970
vn 0.9904 0.0979 0.0975
vn 0.9940 0.0490 0.0979
vn 0.9952 -0.0000 0.0980
vn 0.9940 -0.0490 0.0979
vn 0.9904 -0.0979 0.0975
vn 0.9844 -0.1466 0.0970
vn 0.9761 -0.1949 0.0961
vn 0.9654 -0.2428 0.0951
vn 0.9524 -0.2901 0.0938
vn 0.9371 -0.3366 0.0923
vn 0.9195 -0.3824 0.0906
vn 0.8998 -0.4273 0.0886
vn 0.8778 -0.4711 0.0865
vn 0.8538 -0.5138 0.0841
vn 0.8277 -0.5552 0.0815
vn 0.7996 -0.5953 0.0788
vn 0.7696 -0.6340 0.0758
vn 0.7377 -0.6712 0.0727
vn 0.7041 -0.7067 0.0693
vn 0.6687 -0.7406 0.0659
vn 0.6318 -0.7726 0.0622
vn 0.5933 -0.8028 0.0584
vn 0.5534 -0.8311 0.0545
vn 0.5122 -0.8574 0.0504
vn 0.4697 -0.8816 0.0463
vn 0.4261 -0.9037 0.0420
vn 0.3815 -0.9236 0.0376
vn 0.3359 -0.9413 0.0331
vn 0.2896 -0.9567 0.0285
vn 0.2425 -0.9699 0.0239
vn 0.1949 -0.9806 0.0192
vn 0.1468 -0.9891 0.0145
vn 0.0983 -0.9951 0.0097
vn 0.0496 -0.9988 0.0049
vn 0.0489 0.9988 0.0097
vn 0.0969 0.9951 0.0193
vn 0.1446 0.9891 0.0288
vn 0.1921 0.9806 0.0382
vn 0.2390 0.9699 0.0475
vn 0.2854 0.9567 0.0568
vn 0.3311 0.9413 0.0659
vn 0.3760 0.9236 0.0748
vn 0.4200 0.9037 0.0835
vn 0.4629 0.8816 0.0921
vn 0.5048 0.8574 0.1004
vn 0.5454 0.8311 0.1085
vn 0.5847 0.8028 0.1163
vn 0.6227 0.7726 0.1239
vn 0.6591 0.7406 0.1311
vn 0.6939 0.7067 0.1380
vn 0.7271 0.6712 0.1446
vn 0.7585 0.6340 0.1509
vn 0.7880 0.5953 0.1568
vn 0.8157 0.5552 0.1623
vn 0.8414 0.5138 0.1674
vn 0.8651 0.4711 0.1721
vn 0.8868 0.4273 0.1764
vn 0.9062 0.3824 0.1803
vn 0.9235 0.3366 0.1837
vn 0.9386 0.2901 0.1867
vn 0.9514 0.2428 0.1893
vn 0.9620 0.1949 0.1913
vn 0.9702 0.1466 0.1930
vn 0.9761 0.0979 0.1942
vn 0.9796 0.0490 0.1949
vn 0.9808 -0.0000 0.1951
vn 0.9796 -0.0490 0.1949
vn 0.9761 -0.0979 0.1942
vn 0.9702 -0.1466 0.1930
vn 0.9620 -0.1949 0.1913
vn 0.9514 -0.2428 0.1893
vn 0.9386 -0.2901 0.1867
vn 0.9235 -0.3366 0.1837
vn 0.9062 -0.3824 0.1803
vn 0.8868 -0.4273 0.1764
vn 0.8651 -0.4711 0.1721
vn 0.8414 -0.5138 0.1674
vn 0.8157 -0.5552 0.1623
vn 0.7880 -0.5953 0.1568
vn 0.7585 -0.6340 0.1509
vn 0.7271 -0.6712 0.1446
vn 0.6939 -0.7067 0.1380
vn 0.6591 -0.7406 0.1311
vn 0.6227 -0.7726 0.1239
vn 0.5847 -0.8028 0.1163
vn 0.5454 -0.8311 0.1085
vn 0.5048 -0.8574 0.1004
vn 0.4629 -0.8816 0.0921
vn 0.4200 -0.9037 0.0835
vn 0.3760 -0.9236 0.0748
vn 0.3311 -0.9413 0.0659
vn 0.2854 -0.9567 0.0568
vn 0.2390 -0.9699 0.0475
vn 0.1921 -0.9806 0.0382
vn 0.1446 -0.9891 0.0288
vn 0.0969 -0.9951 0.0193
vn 0.0489 -0.9988 0.0097
vn 0.0477 0.9988 0.0145
vn 0.0945 0.9951 0.0287
vn 0.1411 0.9891 0.0428
vn 0.1874 0.9806 0.0568
vn 0.2332 0.9699 0.0707
vn 0.2785 0.9567 0.0845
vn 0.3230 0.9413 0.0980
vn 0.3668 0.9236 0.1113
vn 0.4097 0.9037 0.1243
vn 0.4517 0.8816 0.1370
vn 0.4925 0.8574 0.1494
vn 0.5322 0.8311 0.1614
vn 0.5705 0.8028 0.1731
vn 0.6075 0.7726 0.1843
vn 0.6430 0.7406 0.1951
vn 0.6770 0.7067 0.2054
vn 0.7094 0.6712 0.2152
vn 0.7400 0.6340 0.2245
vn 0.7689 0.5953 0.2332
vn 0.7959 0.5552 0.2414
vn 0.8210 0.5138 0.2490
vn 0.8441 0.4711 0.2561
vn 0.8652 0.4273 0.2625
vn 0.8842 0.3824 0.2682
vn 0.9011 0.3366 0.2733
vn 0.9158 0.2901 0.2778
vn 0.9283 0.2428 0.2816
vn 0.9386 0.1949 0.2847
vn 0.9466 0.1466 0.2871
vn 0.9523 0.0979 0.2889
vn 0.9558 0.0490 0.2899
vn 0.9569 -0.0000 0.2903
vn 0.9558 -0.0490 0.2899
vn 0.9523 -0.0979 0.2889
vn 0.9466 -0.1466 0.2871
vn 0.9386 -0.1949 0.2847
vn 0.9283 -0.2428 0.2816
vn 0.9158 -0.2901 0.2778
vn 0.9011 -0.3366 0.2733
vn 0.8842 -0.3824 0.2682
vn 0.8652 -0.4273 0.2625
vn 0.8441 -0.4711 0.2561
vn 0.8210 -0.5138 0.2490
vn 0.7959 -0.5552 0.2414
vn 0.7689 -0.5953 0.2332
vn 0.7400 -0.6340 0.2245
vn 0.7094 -0.6712 0.2152
vn 0.6770 -0.7067 0.2054
vn 0.6430 -0.7406 0.1951
vn 0.6075 -0.7726 0.1843
vn 0.5705 -0.8028 0.1731
vn 0.5322 -0.8311 0.1614
vn 0.4925 -0.8574 0.1494
vn 0.4517 -0.8816 0.1370
vn 0.4097 -0.9037 0.1243
vn 0.3668 -0.9236 0.1113
vn 0.3230 -0.9413 0.0980
vn 0.2785 -0.9567 0.0845
vn 0.2332 -0.9699 0.0707
vn 0.1874 -0.9806 0.0568
vn 0.1411 -0.9891 0.0428
vn 0.0945 -0.9951 0.0287
vn 0.0477 -0.9988 0.0145
vn 0.0460 0.9988 0.0191
vn 0.0913 0.9951 0.0378
vn 0.1363 0.9891 0.0564
vn 0.1809 0.9806 0.0749
vn 0.2251 0.9699 0.0933
vn 0.2688 0.9567 0.1114
vn 0.3119 0.9413 0.1292
vn 0.3542 0.9236 0.1467
vn 0.3956 0.9037 0.1639
vn 0.4361 0.8816 0.1806
vn 0.4755 0.8574 0.1970
vn 0.5138 0.8311 0.2128
vn 0.5508 0.8028 0.2282
vn 0.5865 0.7726 0.2429
vn 0.6208 0.7406 0.2572
vn 0.6536 0.7067 0.2707
vn 0.6849 0.6712 0.2837
vn 0.7145 0.6340 0.2959
vn 0.7423 0.5953 0.3075
vn 0.7684 0.5552 0.3183
vn 0.7926 0.5138 0.3283
vn 0.8149 0.4711 0.3376
vn 0.8353 0.4273 0.3460
vn 0.8537 0.3824 0.3536
vn 0.8700 0.3366 0.3603
vn 0.8842 0.2901 0.3662
vn 0.8962 0.2428 0.3712
vn 0.9062 0.1949 0.3753
vn 0.9139 0.1466 0.3785
vn 0.9194 0.0979 0.3808
vn 0.9228 0.0490 0.3822
vn 0.9239 -0.0000 0.3827
vn 0.9228 -0.0490 0.3822
vn 0.9194 -0.0979 0.3808
vn 0.9139 -0.1466 0.3785
vn 0.9062 -0.1949 0.3753
vn 0.8962 -0.2428 0.3712
vn 0.8842 -0.2901 0.3662
vn 0.8700 -0.3366 0.3603
vn 0.8537 -0.3824 0.3536
vn 0.8353 -0.4273 0.3460
vn 0.8149 -0.4711 0.3376
vn 0.7926 -0.5138 0.3283
vn 0.7684 -0.5552 0.3183
vn 0.7423 -0.5953 0.3075
vn 0.7145 -0.6340 0.2959
vn 0.6849 -0.6712 0.2837
vn 0.6536 -0.7067 0.2707
vn 0.6208 -0.7406 0.2572
vn 0.5865 -0.7726 0.2429
vn 0.5508 -0.8028 0.2282
vn 0.5138 -0.8311 0.2128
vn 0.4755 -0.8574 0.1970
vn 0.4361 -0.8816 0.1806
vn 0.3956 -0.9037 0.1639
vn 0.3542 -0.9236 0.1467
vn 0.3119 -0.9413 0.1292
vn 0.2688 -0.9567 0.1114
vn 0.2252 -0.9699 0.0933
vn 0.1809 -0.9806 0.0749
vn 0.1363 -0.9891 0.0564
vn 0.0913 -0.9951 0.0378
vn 0.0460 -0.9988 0.0191
vn 0.0439 0.9988 0.0235
vn 0.0871 0.9951 0.0466
vn 0.1301 0.9891 0.0695
vn 0.1727 0.9806 0.0923
vn 0.2149 0.9699 0.1149
vn 0.2566 0.9567 0.1372
vn 0.2977 0.9413 0.1591
vn 0.3381 0.9236 0.1807
vn 0.3776 0.9037 0.2018
vn 0.4163 0.8816 0.2225
vn 0.4539 0.8574 0.2426
vn 0.4904 0.8311 0.2621
vn 0.5258 0.8028 0.2810
vn 0.5599 0.7726 0.2993
vn 0.5926 0.7406 0.3168
vn 0.6240 0.7067 0.3335
vn 0.6538 0.6712 0.3494
vn 0.6820 0.6340 0.3645
vn 0.7086 0.5953 0.3788
vn 0.7335 0.5552 0.3921
vn 0.7566 0.5138 0.4044
vn 0.7779 0.4711 0.4158
vn 0.7974 0.4273 0.4262
vn 0.8149 0.3824 0.4356
vn 0.8304 0.3366 0.4439
vn 0.8440 0.2901 0.4511
vn 0.8555 0.2428 0.4573
vn 0.8650 0.1949 0.4624
vn 0.8724 0.1466 0.4663
vn 0.8777 0.0979 0.4691
vn 0.8809 0.0490 0.4708
vn 0.8819 -0.0000 0.4714
vn 0.8809 -0.0490 0.4708
vn 0.8777 -0.0979 0.4691
vn 0.8724 -0.1466 0.4663
vn 0.8650 -0.1949 0.4624
vn 0.8555 -0.2428 0.4573
vn 0.8440 -0.2901 0.4511
vn 0.8304 -0.3366 0.4439
vn 0.8149 -0.3824 0.4356
vn 0.7974 -0.4273 0.4262
vn 0.7779 -0.4711 0.4158
vn 0.7566 -0.5138 0.4044
vn 0.7335 -0.5552 0.3921
vn 0.7086 -0.5953 0.3788
vn 0.6820 -0.6340 0.3645
vn 0.6538 -0.6712 0.3494
vn 0.6240 -0.7067 0.3335
vn 0.5926 -0.7406 0.3168
vn 0.5599 -0.7726 0.2993
vn 0.5258 -0.8028 0.2810
vn 0.4904 -0.8311 0.2621
vn 0.4539 -0.8574 0.2426
vn 0.4163 -0.8816 0.2225
vn 0.3776 -0.9037 0.2018
vn 0.3381 -0.9236 0.1807
vn 0.2977 -0.9413 0.1591
vn 0.2566 -0.9567 0.1372
vn 0.2149 -0.9699 0.1149
vn 0.1727 -0.9806 0.0923
vn 0.1301 -0.9891 0.0695
vn 0.0871 -0.9951 0.0466
vn 0.0439 -0.9988 0.0235
vn 0.0414 0.9988 0.0277
vn 0.0821 0.9951 0.0549
vn 0.1226 0.9891 0.0819
vn 0.1628 0.9806 0.1088
vn 0.2026 0.9699 0.1354
vn 0.2419 0.9567 0.1617
vn 0.2807 0.9413 0.1875
vn 0.3187 0.9236 0.2130
vn 0.3560 0.9037 0.2379
vn 0.3924 0.8816 0.2622
vn 0.4279 0.8574 0.2859
vn 0.4624 0.8311 0.3090
vn 0.4957 0.8028 0.3312
vn 0.5279 0.7726 0.3527
vn 0.5587 0.7406 0.3733
vn 0.5883 0.7067 0.3931
vn 0.6164 0.6712 0.4118
vn 0.6430 0.6340 0.4296
vn 0.6681 0.5953 0.4464
vn 0.6915 0.5552 0.4621
vn 0.7133 0.5138 0.4766
vn 0.7334 0.4711 0.4901
vn 0.7518 0.4273 0.5023
vn 0.7683 0.3824 0.5133
vn 0.7829 0.3366 0.5231
vn 0.7957 0.2901 0.5317
vn 0.8066 0.2428 0.5389
vn 0.8155 0.1949 0.5449
vn 0.8225 0.1466 0.5496
vn 0.8275 0.0979 0.5529
vn 0.8305 0.0490 0.5549
vn 0.8315 -0.0000 0.5556
vn 0.8305 -0.0490 0.5549
vn 0.8275 -0.0979 0.5529
vn 0.8225 -0.1466 0.5496
vn 0.8155 -0.1949 0.5449
vn 0.8066 -0.2428 0.5389
vn 0.7957 -0.2901 0.5317
vn 0.7829 -0.3366 0.5231
vn 0.7683 -0.3824 0.5133
vn 0.7518 -0.4273 0.5023
vn 0.7334 -0.4711 0.4901
vn 0.7133 -0.5138 0.4766
vn 0.6915 -0.5552 0.4621
vn 0.6681 -0.5953 0.4464
vn 0.6430 -0.6340 0.4296
vn 0.6164 -0.6712 0.4118
vn 0.5883 -0.7067 0.3931
vn 0.5587 -0.7406 0.3733
vn 0.5279 -0.7726 0.3527
vn 0.4957 -0.8028 0.3312
vn 0.4624 -0.8311 0.3090
vn 0.4279 -0.8574 0.2859
vn 0.3924 -0.8816 0.2622
vn 0.3560 -0.9037 0.2379
vn 0.3187 -0.9236 0.2130
vn 0.2807 -0.9413 0.1875
vn 0.2419 -0.9567 0.1617
vn 0.2026 -0.9699 0.1354
vn 0.1628 -0.9806 0.1088
vn 0.1226 -0.9891 0.0819
vn 0.0821 -0.9951 0.0549
vn 0.0414 -0.9988 0.0277
vn 0.0385 0.9988 0.0316
vn 0.0764 0.9951 0.0627
vn 0.1140 0.9891 0.0936
vn 0.1514 0.9806 0.1242
vn 0.1884 0.9699 0.1546
vn 0.2249 0.9567 0.1846
vn 0.2609 0.9413 0.2142
vn 0.2963 0.9236 0.2432
vn 0.3310 0.9037 0.2716
vn 0.3649 0.8816 0.2994
vn 0.3978 0.8574 0.3265
vn 0.4299 0.8311 0.3528
vn 0.4609 0.8028 0.3782
vn 0.4907 0.7726 0.4027
vn 0.5194 0.7406 0.4263
vn 0.5469 0.7067 0.4488
vn 0.5730 0.6712 0.4703
vn 0.5978 0.6340 0.4906
vn 0.6211 0.5953 0.5097
vn 0.6429 0.5552 0.5276
vn 0.6632 0.5138 0.5443
vn 0.6819 0.4711 0.5596
vn 0.6989 0.4273 0.5736
vn 0.7143 0.3824 0.5862
vn 0.7279 0.3366 0.5974
vn 0.7398 0.2901 0.6071
vn 0.7499 0.2428 0.6154
vn 0.7582 0.1949 0.6222
vn 0.7647 0.1466 0.6275
vn 0.7693 0.0979 0.6313
vn 0.7721 0.0490 0.6336
vn 0.7730 -0.0000 0.6344
vn 0.7721 -0.0490 0.6336
vn 0.7693 -0.0979 0.6313
vn 0.7647 -0.1466 0.6275
vn 0.7582 -0.1949 0.6222
vn 0.7499 -0.2428 0.6154
vn 0.7398 -0.2901 0.6071
vn 0.7279 -0.3366 0.5974
vn 0.7143 -0.3824 0.5862
vn 0.6989 -0.4273 0.5736
vn 0.6819 -0.4711 0.5596
vn 0.6632 -0.5138 0.5443
vn 0.6429 -0.5552 0.5276
vn 0.6211 -0.5953 0.5097
vn 0.5978 -0.6340 0.4906
vn 0.5730 -0.6712 0.4703
vn 0.5469 -0.7067 0.4488
vn 0.5194 -0.7406 0.4263
vn 0.4907 -0.7726 0.4027
vn 0.4609 -0.8028 0.3782
vn 0.4299 -0.8311 0.3528
vn 0.3978 -0.8574 0.3265
vn 0.3649 -0.8816 0.2994
vn 0.3310 -0.9037 0.2716
vn 0.2963 -0.9236 0.2432
vn 0.2609 -0.9413 0.2142
vn 0.2249 -0.9567 0.1846
vn 0.1884 -0.9699 0.1546
vn 0.1514 -0.9806 0.1242
vn 0.1140 -0.9891 0.0936
vn 0.0764 -0.9951 0.0627
vn 0.0385 -0.9988 0.0316
vn 0.0352 0.9988 0.0352
vn 0.0698 0.9951 0.0698
vn 0.1043 0.9891 0.1043
vn 0.1385 0.9806 0.1385
vn 0.1723 0.9699 0.1723
vn 0.2058 0.9567 0.2058
vn 0.2387 0.9413 0.2387
vn 0.2711 0.9236 0.2711
vn 0.3028 0.9037 0.3028
vn 0.3337 0.8816 0.3337
vn 0.3639 0.8574 0.3639
vn 0.3932 0.8311 0.3932
vn 0.4216 0.8028 0.4216
vn 0.4489 0.7726 0.4489
vn 0.4752 0.7406 0.4752
vn 0.5003 0.7067 0.5003
vn 0.5242 0.6712 0.5242
vn 0.5468 0.6340 0.5468
vn 0.5681 0.5953 0.5681
vn 0.5881 0.5552 0.5881
vn 0.6066 0.5138 0.6066
vn 0.6237 0.4711 0.6237
vn 0.6393 0.4273 0.6393
vn 0.6534 0.3824 0.6534
vn 0.6658 0.3366 0.6658
vn 0.6767 0.2901 0.6767
vn 0.6859 0.2428 0.6859
vn 0.6935 0.1949 0.6935
vn 0.6995 0.1466 0.6995
vn 0.7037 0.0979 0.7037
vn 0.7063 0.0490 0.7063
vn 0.7071 -0.0000 0.7071
vn 0.7063 -0.0490 0.7063
vn 0.7037 -0.0979 0.7037
vn 0.6995 -0.1466 0.6995
vn 0.6935 -0.1949 0.6935
vn 0.6859 -0.2428 0.6859
vn 0.6767 -0.2901 0.6767
vn 0.6658 -0.3366 0.6658
vn 0.6534 -0.3824 0.6534
vn 0.6393 -0.4273 0.6393
vn 0.6237 -0.4711 0.6237
vn 0.6066 -0.5138 0.6066
vn 0.5881 -0.5552 0.5881
vn 0.5681 -0.5953 0.5681
vn 0.5468 -0.6340 0.5468
vn 0.5242 -0.6712 0.5242
vn 0.5003 -0.7067 0.5003
vn 0.4752 -0.7406 0.4752
vn 0.4489 -0.7726 0.4489
vn 0.4216 -0.8028 0.4216
vn 0.3932 -0.8311 0.3932
vn 0.3639 -0.8574 0.3639
vn 0.3337 -0.8816 0.3337
vn 0.3028 -0.9037 0.3028
vn 0.2711 -0.9236 0.2711
vn 0.2387 -0.9413 0.2387
vn 0.2058 -0.9567 0.2058
vn 0.1723 -0.9699 0.1723
vn 0.1385 -0.9806 0.1385
vn 0.1043 -0.9891 0.1043
vn 0.0698 -0.9951 0.0698
vn 0.0352 -0.9988 0.0352
vn 0.0316 0.9988 0.0385
vn 0.0627 0.9951 0.0764
vn 0.0936 0.9891 0.1140
vn 0.1242 0.9806 0.1514
vn 0.1546 0.9699 0.1884
vn 0.1846 0.9567 0.2249
vn 0.2142 0.9413 0.2609
vn 0.2432 0.9236 0.2963
vn 0.2716 0.9037 0.3310
vn 0.2994 0.8816 0.3649
vn 0.3265 0.8574 0.3978
vn 0.3528 0.8311 0.4299
vn 0.3782 0.8028 0.4609
vn 0.4027 0.7726 0.4907
vn 0.4263 0.7406 0.5194
vn 0.4488 0.7067 0.5469
vn 0.4703 0.6712 0.5730
vn 0.4906 0.6340 0.5978
vn 0.5097 0.5953 0.6211
vn 0.5276 0.5552 0.6429
vn 0.5443 0.5138 0.6632
vn 0.5596 0.4711 0.6819
vn 0.5736 0.4273 0.6989
vn 0.5862 0.3824 0.7143
vn 0.5974 0.3366 0.7279
vn 0.6071 0.2901 0.7398
vn 0.6154 0.2428 0.7499
vn 0.6222 0.1949 0.7582
vn 0.6275 0.1466 0.7647
vn 0.6313 0.0979 0.7693
vn 0.6336 0.0490 0.7721
vn 0.6344 -0.0000 0.7730
vn 0.6336 -0.0490 0.7721
vn 0.6313 -0.0979 0.7693
vn 0.6275 -0.1466 0.7647
vn 0.6222 -0.1949 0.7582
vn 0.6154 -0.2428 0.7499
vn 0.6071 -0.2901 0.7398
vn 0.5974 -0.3366 0.7279
vn 0.5862 -0.3824 0.7143
vn 0.5736 -0.4273 0.6989
vn 0.5596 -0.4711 0.6819
vn 0.5443 -0.5138 0.6632
vn 0.5276 -0.5552 0.6429
vn 0.5097 -0.5953 0.6211
vn 0.4906 -0.6340 0.5978
vn 0.4703 -0.6712 0.5730
vn 0.4488 -0.7067 0.5469
vn 0.4263 -0.7406 0.5194
vn 0.4027 -0.7726 0.4907
vn 0.3782 -0.8028 0.4609
vn 0.3528 -0.8311 0.4299
vn 0.3265 -0.8574 0.3978
vn 0.2994 -0.8816 0.3649
vn 0.2716 -0.9037 0.3310
vn 0.2432 -0.9236 0.2963
vn 0.2142 -0.9413 0.2609
vn 0.1846 -0.9567 0.2249
vn 0.1546 -0.9699 0.1884
vn 0.1242 -0.9806 0.1514
vn 0.0936 -0.9891 0.1140
vn 0.0627 -0.9951 0.0764
vn 0.0316 -0.9988 0.0385
vn 0.0277 0.9988 0.0414
vn 0.0549 0.9951 0.0821
vn 0.0819 0.9891 0.1226
vn 0.1088 0.9806 0.1628
vn 0.1354 0.9699 0.2026
vn 0.1617 0.9567 0.2419
vn 0.1875 0.9413 0.2807
vn 0.2130 0.9236 0.3187
vn 0.2379 0.9037 0.3560
vn 0.2622 0.8816 0.3924
vn 0.2859 0.8574 0.4279
vn 0.3090 0.8311 0.4624
vn 0.3312 0.8028 0.4957
vn 0.3527 0.7726 0.5279
vn 0.3733 0.7406 0.5587
vn 0.3931 0.7067 0.5883
vn 0.4118 0.6712 0.6164
vn 0.4296 0.6340 0.6430
vn 0.4464 0.5953 0.6681
vn 0.4621 0.5552 0.6915
vn 0.4766 0.5138 0.7133
vn 0.4901 0.4711 0.7334
vn 0.5023 0.4273 0.7518
vn 0.5133 0.3824 0.7683
vn 0.5231 0.3366 0.7829
vn 0.5317 0.2901 0.7957
vn 0.5389 0.2428 0.8066
vn 0.5449 0.1949 0.8155
vn 0.5496 0.1466 0.8225
vn 0.5529 0.0979 0.8275
vn 0.5549 0.0490 0.8305
vn 0.5556 -0.0000 0.8315
vn 0.5549 -0.0490 0.8305
vn 0.5529 -0.0979 0.8275
vn 0.5496 -0.1466 0.8225
vn 0.5449 -0.1949 0.8155
vn 0.5389 -0.2428 0.8066
vn 0.5317 -0.2901 0.7957
vn 0.5231 -0.3366 0.7829
vn 0.5133 -0.3824 0.7683
vn 0.5023 -0.4273 0.7518
vn 0.4901 -0.4711 0.7334
vn 0.4766 -0.5138 0.7133
vn 0.4621 -0.5552 0.6915
vn 0.4464 -0.5953 0.6681
vn 0.4296 -0.6340 0.6430
vn 0.4118 -0.6712 0.6164
vn 0.3931 -0.7067 0.5883
vn 0.3733 -0.7406 0.5587
vn 0.3527 -0.7726 0.5279
vn 0.3312 -0.8028 0.4957
vn 0.3090 -0.8311 0.4624
vn 0.2859 -0.8574 0.4279
vn 0.2622 -0.8816 0.3924
vn 0.2379 -0.9037 0.3560
vn 0.2130 -0.9236 0.3187
vn 0.1875 -0.9413 0.2807
vn 0.1617 -0.9567 0.2419
vn 0.1354 -0.9699 0.2026
vn 0.1088 -0.9806 0.1628
vn 0.0819 -0.9891 0.1226
vn 0.0549 -0.9951 0.0821
vn 0.0277 -0.9988 0.0414
vn 0.0235 0.9988 0.0439
vn 0.0466 0.9951 0.0871
vn 0.0695 0.9891 0.1301
vn 0.0923 0.9806 0.1727
vn 0.1149 0.9699 0.2149
vn 0.1372 0.9567 0.2566
vn 0.1591 0.9413 0.2977
vn 0.1807 0.9236 0.3381
vn 0.2018 0.9037 0.3776
vn 0.2225 0.8816 0.4163
vn 0.2426 0.8574 0.4539
vn 0.2621 0.8311 0.4904
vn 0.2810 0.8028 0.5258
vn 0.2993 0.7726 0.5599
vn 0.3168 0.7406 0.5926
vn 0.3335 0.7067 0.6239
vn 0.3494 0.6712 0.6538
vn 0.3645 0.6340 0.6820
vn 0.3788 0.5953 0.7086
vn 0.3921 0.5552 0.7335
vn 0.4044 0.5138 0.7566
vn 0.4158 0.4711 0.7779
vn 0.4262 0.4273 0.7974
vn 0.4356 0.3824 0.8149
vn 0.4439 0.3366 0.8304
vn 0.4511 0.2901 0.8440
vn 0.4573 0.2428 0.8555
vn 0.4624 0.1949 0.8650
vn 0.4663 0.1466 0.8724
vn 0.4691 0.0979 0.8777
vn 0.4708 0.0490 0.8809
vn 0.4714 -0.0000 0.8819
vn 0.4708 -0.0490 0.8809
vn 0.4691 -0.0979 0.8777
vn 0.4663 -0.1466 0.8724
vn 0.4624 -0.1949 0.8650
vn 0.4573 -0.2428 0.8555
vn 0.4511 -0.2901 0.8440
vn 0.4439 -0.3366 0.8304
vn 0.4356 -0.3824 0.8149
vn 0.4262 -0.4273 0.7974
vn 0.4158 -0.4711 0.7779
vn 0.4044 -0.5138 0.7566
vn 0.3921 -0.5552 0.7335
vn 0.3788 -0.5953 0.7086
vn 0.3645 -0.6340 0.6820
vn 0.3494 -0.6712 0.6538
vn 0.3335 -0.7067 0.6240
vn 0.3168 -0.7406 0.5926
vn 0.2993 -0.7726 0.5599
vn 0.2810 -0.8028 0.5258
vn 0.2621 -0.8311 0.4904
vn 0.2426 -0.8574 0.4539
vn 0.2225 -0.8816 0.4163
vn 0.2018 -0.9037 0.3776
vn 0.1807 -0.9236 0.3381
vn 0.1591 -0.9413 0.2977
vn 0.1372 -0.9567 0.2566
vn 0.1149 -0.9699 0.2149
vn 0.0923 -0.9806 0.1727
vn 0.0695 -0.9891 0.1301
vn 0.0466 -0.9951 0.0871
vn 0.0235 -0.9988 0.0439
vn 0.0191 0.9988 0.0460
vn 0.0378 0.9951 0.0913
vn 0.0564 0.9891 0.1363
vn 0.0749 0.9806 0.1809
vn 0.0933 0.9699 0.2251
vn 0.1114 0.9567 0.2688
vn 0.1292 0.9413 0.3119
vn 0.1467 0.9236 0.3542
vn 0.1639 0.9037 0.3956
vn 0.1806 0.8816 0.4361
vn 0.1970 0.8574 0.4755
vn 0.2128 0.8311 0.5138
vn 0.2282 0.8028 0.5508
vn 0.2429 0.7726 0.5865
vn 0.2572 0.7406 0.6208
vn 0.2707 0.7067 0.6536
vn 0.2837 0.6712 0.6849
vn 0.2959 0.6340 0.7145
vn 0.3075 0.5953 0.7423
vn 0.3183 0.5552 0.7684
vn 0.3283 0.5138 0.7926
vn 0.3376 0.4711 0.8149
vn 0.3460 0.4273 0.8353
vn 0.3536 0.3824 0.8537
vn 0.3603 0.3366 0.8700
vn 0.3662 0.2901 0.8842
vn 0.3712 0.2428 0.8962
vn 0.3753 0.1949 0.9062
vn 0.3785 0.1466 0.9139
vn 0.3808 0.0979 0.9194
vn 0.3822 0.0490 0.9228
vn 0.3827 -0.0000 0.9239
vn 0.3822 -0.0490 0.9228
vn 0.3808 -0.0979 0.9194
vn 0.3785 -0.1466 0.9139
vn 0.3753 -0.1949 0.9062
vn 0.3712 -0.2428 0.8962
vn 0.3662 -0.2901 0.8842
vn 0.3603 -0.3366 0.8700
vn 0.3536 -0.3824 0.8537
vn 0.3460 -0.4273 0.8353
vn 0.3376 -0.4711 0.8149
vn 0.3283 -0.5138 0.7926
vn 0.3183 -0.5552 0.7684
vn 0.3075 -0.5953 0.7423
vn 0.2959 -0.6340 0.7145
vn 0.2837 -0.6712 0.6849
vn 0.2707 -0.7067 0.6536
vn 0.2572 -0.7406 0.6208
vn 0.2429 -0.7726 0.5865
vn 0.2282 -0.8028 0.5508
vn 0.2128 -0.8311 0.5138
vn 0.1970 -0.8574 0.4755
vn 0.1806 -0.8816 0.4361
vn 0.1639 -0.9037 0.3956
vn 0.1467 -0.9236 0.3542
vn 0.1292 -0.9413 0.3119
vn 0.1114 -0.9567 0.2688
vn 0.0933 -0.9699 0.2251
vn 0.0749 -0.9806 0.1809
vn 0.0564 -0.9891 0.1363
vn 0.0378 -0.9951 0.0913
vn 0.0191 -0.9988 0.0460
vn 0.0145 0.9988 0.0477
vn 0.0287 0.9951 0.0945
vn 0.0428 0.9891 0.1411
vn 0.0568 0.9806 0.1874
vn 0.0707 0.9699 0.2332
vn 0.0845 0.9567 0.2785
vn 0.0980 0.9413 0.3230
vn 0.1113 0.9236 0.3668
vn 0.1243 0.9037 0.4097
vn 0.1370 0.8816 0.4517
vn 0.1494 0.8574 0.4925
vn 0.1614 0.8311 0.5322
vn 0.1731 0.8028 0.5705
vn 0.1843 0.7726 0.6075
vn 0.1951 0.7406 0.6430
vn 0.2054 0.7067 0.6770
vn 0.2152 0.6712 0.7094
vn 0.2245 0.6340 0.7400
vn 0.2332 0.5953 0.7689
vn 0.2414 0.5552 0.7959
vn 0.2490 0.5138 0.8210
vn 0.2561 0.4711 0.8441
vn 0.2625 0.4273 0.8652
vn 0.2682 0.3824 0.8842
vn 0.2733 0.3366 0.9011
vn 0.2778 0.2901 0.9158
vn 0.2816 0.2428 0.9283
vn 0.2847 0.1949 0.9386
vn 0.2871 0.1466 0.9466
vn 0.2889 0.0979 0.9523
vn 0.2899 0.0490 0.9558
vn 0.2903 -0.0000 0.9569
vn 0.2899 -0.0490 0.9558
vn 0.2889 -0.0979 0.9523
vn 0.2871 -0.1466 0.9466
vn 0.2847 -0.1949 0.9386
vn 0.2816 -0.2428 0.9283
vn 0.2778 -0.2901 0.9158
vn 0.2733 -0.3366 0.9011
vn 0.2682 -0.3824 0.8842
vn 0.2625 -0.4273 0.8652
vn 0.2561 -0.4711 0.8441
vn 0.2490 -0.5138 0.8210
vn 0.2414 -0.5552 0.7959
vn 0.2332 -0.5953 0.7689
vn 0.2245 -0.6340 0.7400
vn 0.2152 -0.6712 0.7094
vn 0.2054 -0.7067 0.6770
vn 0.1951 -0.7406 0.6430
vn 0.1843 -0.7726 0.6075
vn 0.1731 -0.8028 0.5705
vn 0.1614 -0.8311 0.5322
vn 0.1494 -0.8574 0.4925
vn 0.1370 -0.8816 0.4517
vn 0.1243 -0.9037 0.4097
vn 0.1113 -0.9236 0.3668
vn 0.0980 -0.9413 0.3230
vn 0.0845 -0.9567 0.2785
vn 0.0707 -0.9699 0.2332
vn 0.0568 -0.9806 0.1874
vn 0.0428 -0.9891 0.1411
vn 0.0287 -0.9951 0.0945
vn 0.0145 -0.9988 0.0477
vn 0.0097 0.9988 0.0489
vn 0.0193 0.9951 0.0969
vn 0.0288 0.9891 0.1446
vn 0.0382 0.9806 0.1921
vn 0.0475 0.9699 0.2390
vn 0.0568 0.9567 0.2854
vn 0.0659 0.9413 0.3311
vn 0.0748 0.9236 0.3760
vn 0.0835 0.9037 0.4200
vn 0.0921 0.8816 0.4629
vn 0.1004 0.8574 0.5048
vn 0.1085 0.8311 0.5454
vn 0.1163 0.8028 0.5847
vn 0.1239 0.7726 0.6227
vn 0.1311 0.7406 0.6591
vn 0.1380 0.7067 0.6939
vn 0.1446 0.6712 0.7271
vn 0.1509 0.6340 0.7585
vn 0.1568 0.5953 0.7880
vn 0.1623 0.5552 0.8157
vn 0.1674 0.5138 0.8414
vn 0.1721 0.4711 0.8651
vn 0.1764 0.4273 0.8868
vn 0.1803 0.3824 0.9062
vn 0.1837 0.3366 0.9235
vn 0.1867 0.2901 0.9386
vn 0.1893 0.2428 0.9514
vn 0.1913 0.1949 0.9620
vn 0.1930 0.1466 0.9702
vn 0.1942 0.0979 0.9761
vn 0.1949 0.0490 0.9796
vn 0.1951 -0.0000 0.9808
vn 0.1949 -0.0490 0.9796
vn 0.1942 -0.0979 0.9761
vn 0.1930 -0.1466 0.9702
vn 0.1913 -0.1949 0.9620
vn 0.1893 -0.2428 0.9514
vn 0.1867 -0.2901 0.9386
vn 0.1837 -0.3366 0.9235
vn 0.1803 -0.3824 0.9062
vn 0.1764 -0.4273 0.8868
vn 0.1721 -0.4711 0.8651
vn 0.1674 -0.5138 0.8414
vn 0.1623 -0.5552 0.8157
vn 0.1568 -0.5953 0.7880
vn 0.1509 -0.6340 0.7585
vn 0.1446 -0.6712 0.7271
vn 0.1380 -0.7067 0.6939
vn 0.1311 -0.7406 0.6591
vn 0.1239 -0.7726 0.6227
vn 0.1163 -0.8028 0.5847
vn 0.1085 -0.8311 0.5454
vn 0.1004 -0.8574 0.5048
vn 0.0921 -0.8816 0.4629
vn 0.0835 -0.9037 0.4200
vn 0.0748 -0.9236 0.3760
vn 0.0659 -0.9413 0.3311
vn 0.0568 -0.9567 0.2854
vn 0.0475 -0.9699 0.2390
vn 0.0382 -0.9806 0.1921
vn 0.0288 -0.9891 0.1446
vn 0.0193 -0.9951 0.0969
vn 0.0097 -0.9988 0.0489
vn 0.0049 0.9988 0.0496
vn 0.0097 0.9951 0.0983
vn 0.0145 0.9891 0.1468
vn 0.0192 0.9806 0.1949
vn 0.0239 0.9699 0.2425
vn 0.0285 0.9567 0.2896
vn 0.0331 0.9413 0.3359
vn 0.0376 0.9236 0.3815
vn 0.0420 0.9037 0.4261
vn 0.0463 0.8816 0.4697
vn 0.0504 0.8574 0.5122
vn 0.0545 0.8311 0.5534
vn 0.0584 0.8028 0.5933
vn 0.0622 0.7726 0.6318
vn 0.0659 0.7406 0.6687
vn 0.0693 0.7067 0.7041
vn 0.0727 0.6712 0.7377
vn 0.0758 0.6340 0.7696
vn 0.0788 0.5953 0.7996
vn 0.0815 0.5552 0.8277
vn 0.0841 0.5138 0.8538
vn 0.0865 0.4711 0.8778
vn 0.0886 0.4273 0.8998
vn 0.0906 0.3824 0.9195
vn 0.0923 0.3366 0.9371
vn 0.0938 0.2901 0.9524
vn 0.0951 0.2428 0.9654
vn 0.0961 0.1949 0.9761
vn 0.0970 0.1466 0.9844
vn 0.0975 0.0979 0.9904
vn 0.0979 0.0490 0.9940
vn 0.0980 -0.0000 0.9952
vn 0.0979 -0.0490 0.9940
vn 0.0975 -0.0979 0.9904
vn 0.0970 -0.1466 0.9844
vn 0.0961 -0.1949 0.9761
vn 0.0951 -0.2428 0.9654
vn 0.0938 -0.2901 0.9524
vn 0.0923 -0.3366 0.9371
vn 0.0906 -0.3824 0.9195
vn 0.0886 -0.4273 0.8998
vn 0.0865 -0.4711 0.8778
vn 0.0841 -0.5138 0.8538
vn 0.0815 -0.5552 0.8277
vn 0.0788 -0.5953 0.7996
vn 0.0758 -0.6340 0.7696
vn 0.0727 -0.6712 0.7377
vn 0.0693 -0.7067 0.7041
vn 0.0659 -0.7406 0.6687
vn 0.0622 -0.7726 0.6318
vn 0.0584 -0.8028 0.5933
vn 0.0545 -0.8311 0.5534
vn 0.0504 -0.8574 0.5122
vn 0.0463 -0.8816 0.4697
vn 0.0420 -0.9037 0.4261
vn 0.0376 -0.9236 0.3815
vn 0.0331 -0.9413 0.3359
vn 0.0285 -0.9567 0.2896
vn 0.0239 -0.9699 0.2425
vn 0.0192 -0.9806 0.1949
vn 0.0145 -0.9891 0.1468
vn 0.0097 -0.9951 0.0983
vn 0.0049 -0.9988 0.0496
vn -0.0000 0.9988 0.0498
vn -0.0000 0.9951 0.0988
vn -0.0000 0.9891 0.1475
vn -0.0000 0.9806 0.1958
vn -0.0000 0.9699 0.2437
vn -0.0000 0.9567 0.2910
vn -0.0000 0.9413 0.3376
vn -0.0000 0.9236 0.3833
vn -0.0000 0.9037 0.4282
vn -0.0000 0.8816 0.4720
vn -0.0000 0.8574 0.5147
vn -0.0000 0.8311 0.5561
vn -0.0000 0.8028 0.5962
vn -0.0000 0.7726 0.6349
vn -0.0000 0.7406 0.6720
vn -0.0000 0.7067 0.7075
vn -0.0000 0.6712 0.7413
vn -0.0000 0.6340 0.7733
vn -0.0000 0.5953 0.8035
vn -0.0000 0.5552 0.8317
vn -0.0000 0.5138 0.8579
vn -0.0000 0.4711 0.8821
vn -0.0000 0.4273 0.9041
vn -0.0000 0.3824 0.9240
vn -0.0000 0.3366 0.9416
vn -0.0000 0.2901 0.9570
vn -0.0000 0.2428 0.9701
vn -0.0000 0.1949 0.9808
vn -0.0000 0.1466 0.9892
vn -0.0000 0.0979 0.9952
vn -0.0000 0.0490 0.9988
vn -0.0000 -0.0000 1.0000
vn -0.0000 -0.0490 0.9988
vn -0.0000 -0.0979 0.9952
vn -0.0000 -0.1466 0.9892
vn -0.0000 -0.1949 0.9808
vn -0.0000 -0.2428 0.9701
vn -0.0000 -0.2901 0.9570
vn -0.0000 -0.3366 0.9416
vn -0.0000 -0.3824 0.9240
vn -0.0000 -0.4273 0.9041
vn -0.0000 -0.4711 0.8821
vn -0.0000 -0.5138 0.8579
vn -0.0000 -0.5552 0.8317
vn -0.0000 -0.5953 0.8035
vn -0.0000 -0.6340 0.7733
vn -0.0000 -0.6712 0.7413
vn -0.0000 -0.7067 0.7075
vn -0.0000 -0.7406 0.6720
vn -0.0000 -0.7726 0.6349
vn -0.0000 -0.8028 0.5962
vn -0.0000 -0.8311 0.5561
vn -0.0000 -0.8574 0.5147
vn -0.0000 -0.8816 0.4720
vn -0.0000 -0.9037 0.4282
vn -0.0000 -0.9236 0.3833
vn -0.0000 -0.9413 0.3376
vn -0.0000 -0.9567 0.2910
vn -0.0000 -0.9699 0.2437
vn -0.0000 -0.9806 0.1958
vn -0.0000 -0.9891 0.1475
vn -0.0000 -0.9951 0.0988
vn -0.0000 -0.9988 0.0498
vn -0.0000 1.0000 -0.0000
vn -0.0049 0.9988 0.0496
vn -0.0097 0.9951 0.0983
vn -0.0145 0.9891 0.1468
vn -0.0192 0.9806 0.1949
vn -0.0239 0.9699 0.2425
vn -0.0285 0.9567 0.2896
vn -0.0331 0.9413 0.3359
vn -0.0376 0.9236 0.3815
vn -0.0420 0.9037 0.4261
vn -0.0463 0.8816 0.4697
vn -0.0504 0.8574 0.5122
vn -0.0545 0.8311 0.5534
vn -0.0584 0.8028 0.5933
vn -0.0622 0.7726 0.6318
vn -0.0659 0.7406 0.6687
vn -0.0693 0.7067 0.7041
vn -0.0727 0.6712 0.7377
vn -0.0758 0.6340 0.7696
vn -0.0788 0.5953 0.7996
vn -0.0815 0.5552 0.8277
vn -0.0841 0.5138 0.8538
vn -0.0865 0.4711 0.8778
vn -0.0886 0.4273 0.8998
vn -0.0906 0.3824 0.9195
vn -0.0923 0.3366 0.9371
vn -0.0938 0.2901 0.9524
vn -0.0951 0.2428 0.9654
vn -0.0961 0.1949 0.9761
vn -0.0970 0.1466 0.9844
vn -0.0975 0.0979 0.9904
vn -0.0979 0.0490 0.9940
vn -0.0980 -0.0000 0.9952
vn -0.0979 -0.0490 0.9940
vn -0.0975 -0.0979 0.9904
vn -0.0970 -0.1466 0.9844
vn -0.0961 -0.1949 0.9761
vn -0.0951 -0.2428 0.9654
vn -0.0938 -0.2901 0.9524
vn -0.0923 -0.3366 0.9371
vn -0.0906 -0.3824 0.9195
vn -0.0886 -0.4273 0.8998
vn -0.0865 -0.4711 0.8778
vn -0.0841 -0.5138 0.8538
vn -0.0815 -0.5552 0.8277
vn -0.0788 -0.5953 0.7996
vn -0.0758 -0.6340 0.7696
vn -0.0727 -0.6712 0.7377
vn -0.0693 -0.7067 0.7041
vn -0.0659 -0.7406 0.6687
vn -0.0622 -0.7726 0.6318
vn -0.0584 -0.8028 0.5933
vn -0.0545 -0.8311 0.5534
vn -0.0504 -0.8574 0.5122
vn -0.0463 -0.8816 0.4697
vn -0.0420 -0.9037 0.4261
vn -0.0376 -0.9236 0.3815
vn -0.0331 -0.9413 0.3359
vn -0.0285 -0.9567 0.2896
vn -0.0239 -0.9699 0.2425
vn -0.0192 -0.9806 0.1949
vn -0.0145 -0.9891 0.1468
vn -0.0097 -0.9951 0.0983
vn -0.0049 -0.9988 0.0496
vn -0.0097 0.9988 0.0489
vn -0.0193 0.9951 0.0969
vn -0.0288 0.9891 0.1446
vn -0.0382 0.9806 0.1921
vn -0.0475 0.9699 0.2390
vn -0.0568 0.9567 0.2854
vn -0.0659 0.9413 0.3311
vn -0.0748 0.9236 0.3760
vn -0.0835 0.9037 0.4200
vn -0.0921 0.8816 0.4629
vn -0.1004 0.8574 0.5048
vn -0.1085 0.8311 0.5454
vn -0.1163 0.8028 0.5847
vn -0.1239 0.7726 0.6227
vn -0.1311 0.7406 0.6591
vn -0.1380 0.7067 0.6939
vn -0.1446 0.6712 0.7271
vn -0.1509 0.6340 0.7585
vn -0.1568 0.5953 0.7880
vn -0.1623 0.5552 0.8157
vn -0.1674 0.5138 0.8414
vn -0.1721 0.4711 0.8651
vn -0.1764 0.4273 0.8868
vn -0.1803 0.3824 0.9062
vn -0.1837 0.3366 0.9235
vn -0.1867 0.2901 0.9386
vn -0.1893 0.2428 0.9514
vn -0.1913 0.1949 0.9620
vn -0.1930 0.1466 0.9702
vn -0.1942 0.0979 0.9761
vn -0.1949 0.0490 0.9796
vn -0.1951 -0.0000 0.9808
vn -0.1949 -0.0490 0.9796
vn -0.1942 -0.0979 0.9761
vn -0.1930 -0.1466 0.9702
vn -0.1913 -0.1949 0.9620
vn -0.1893 -0.2428 0.9514
vn -0.1867 -0.2901 0.9386
vn -0.1837 -0.3366 0.9235
vn -0.1803 -0.3824 0.9062
vn -0.1764 -0.4273 0.8868
vn -0.1721 -0.4711 0.8651
vn -0.1674 -0.5138 0.8414
vn -0.1623 -0.5552 0.8157
vn -0.1568 -0.5953 0.7880
vn -0.1509 -0.6340 0.7585
vn -0.1446 -0.6712 0.7271
vn -0.1380 -0.7067 0.6939
vn -0.1311 -0.7406 0.6591
vn -0.1239 -0.7726 0.6227
vn -0.1163 -0.8028 0.5847
vn -0.1085 -0.8311 0.5454
vn -0.1004 -0.8574 0.5048
vn -0.0921 -0.8816 0.4629
vn -0.0835 -0.9037 0.4200
vn -0.0748 -0.9236 0.3760
vn -0.0659 -0.9413 0.3311
vn -0.0568 -0.9567 0.2854
vn -0.0475 -0.9699 0.2390
vn -0.0382 -0.9806 0.1921
vn -0.0288 -0.9891 0.1446
vn -0.0193 -0.9951 0.0969
vn -0.0097 -0.9988 0.0489
vn -0.0145 0.9988 0.0477
vn -0.0287 0.9951 0.0945
vn -0.0428 0.9891 0.1411
vn -0.0568 0.9806 0.1874
vn -0.0707 0.9699 0.2332
vn -0.0845 0.9567 0.2785
vn -0.0980 0.9413 0.3230
vn -0.1113 0.9236 0.3668
vn -0.1243 0.9037 0.4097
vn -0.1370 0.8816 0.4517
vn -0.1494 0.8574 0.4925
vn -0.1614 0.8311 0.5322
vn -0.1731 0.8028 0.5705
vn -0.1843 0.7726 0.6075
vn -0.1951 0.7406 0.6430
vn -0.2054 0.7067 0.6770
vn -0.2152 0.6712 0.7094
vn -0.2245 0.6340 0.7400
vn -0.2332 0.5953 0.7689
vn -0.2414 0.5552 0.7959
vn -0.2490 0.5138 0.8210
vn -0.2561 0.4711 0.8441
vn -0.2625 0.4273 0.8652
vn -0.2682 0.3824 0.8842
vn -0.2733 0.3366 0.9011
vn -0.2778 0.2901 0.9158
vn -0.2816 0.2428 0.9283
vn -0.2847 0.1949 0.9386
vn -0.2871 0.1466 0.9466
vn -0.2889 0.0979 0.9523
vn -0.2899 0.0490 0.9558
vn -0.2903 -0.0000 0.9569
vn -0.2899 -0.0490 0.9558
vn -0.2889 -0.0979 0.9523
vn -0.2871 -0.1466 0.9466
vn -0.2847 -0.1949 0.9386
vn -0.2816 -0.2428 0.9283
vn -0.2778 -0.2901 0.9158
vn -0.2733 -0.3366 0.9011
vn -0.2682 -0.3824 0.8842
vn -0.2625 -0.4273 0.8652
vn -0.2561 -0.4711 0.8441
vn -0.2490 -0.5138 0.8210
vn -0.2414 -0.5552 0.7959
vn -0.2332 -0.5953 0.7689
vn -0.2245 -0.6340 0.7400
vn -0.2152 -0.6712 0.7094
vn -0.2054 -0.7067 0.6770
vn -0.1951 -0.7406 0.6430
vn -0.1843 -0.7726 0.6075
vn -0.1731 -0.8028 0.5705
vn -0.1614 -0.8311 0.5322
vn -0.1494 -0.8574 0.4925
vn -0.1370 -0.8816 0.4517
vn -0.1243 -0.9037 0.4097
vn -0.1113 -0.9236 0.3668
vn -0.0980 -0.9413 0.3230
vn -0.0845 -0.9567 0.2785
vn -0.0707 -0.9699 0.2332
vn -0.0568 -0.9806 0.1874
vn -0.0428 -0.9891 0.1411
vn -0.0287 -0.9951 0.0945
vn -0.0145 -0.9988 0.0477
vn -0.0191 0.9988 0.0460
vn -0.0378 0.9951 0.0913
vn -0.0564 0.9891 0.1363
vn -0.0749 0.9806 0.1809
vn -0.0933 0.9699 0.2251
vn -0.1114 0.9567 0.2688
vn -0.1292 0.9413 0.3119
vn -0.1467 0.9236 0.3542
vn -0.1639 0.9037 0.3956
vn -0.1806 0.8816 0.4361
vn -0.1970 0.8574 0.4755
vn -0.2128 0.8311 0.5138
vn -0.2282 0.8028 0.5508
vn -0.2429 0.7726 0.5865
vn -0.2572 0.7406 0.6208
vn -0.2707 0.7067 0.6536
vn -0.2837 0.6712 0.6849
vn -0.2959 0.6340 0.7145
vn -0.3075 0.5953 0.7423
vn -0.3183 0.5552 0.7684
vn -0.3283 0.5138 0.7926
vn -0.3376 0.4711 0.8149
vn -0.3460 0.4273 0.8353
vn -0.3536 0.3824 0.8537
vn -0.3603 0.3366 0.8700
vn -0.3662 0.2901 0.8842
vn -0.3712 0.2428 0.8962
vn -0.3753 0.1949 0.9062
vn -0.3785 0.1466 0.9139
vn -0.3808 0.0979 0.9194
vn -0.3822 0.0490 0.9228
vn -0.3827 -0.0000 0.9239
vn -0.3822 -0.0490 0.9228
vn -0.3808 -0.0979 0.9194
vn -0.3785 -0.1466 0.9139
vn -0.3753 -0.1949 0.9062
vn -0.3712 -0.2428 0.8962
vn -0.3662 -0.2901 0.8842
vn -0.3603 -0.3366 0.8700
vn -0.3536 -0.3824 0.8537
vn -0.3460 -0.4273 0.8353
vn -0.3376 -0.4711 0.8149
vn -0.3283 -0.5138 0.7926
vn -0.3183 -0.5552 0.7684
vn -0.3075 -0.5953 0.7423
vn -0.2959 -0.6340 0.7145
vn -0.2837 -0.6712 0.6849
vn -0.2707 -0.7067 0.6536
vn -0.2572 -0.7406 0.6208
vn -0.2429 -0.7726 0.5865
vn -0.2282 -0.8028 0.5508
vn -0.2128 -0.8311 0.5138
vn -0.1970 -0.8574 0.4755
vn -0.1806 -0.8816 0.4361
vn -0.1639 -0.9037 0.3956
vn -0.1467 -0.9236 0.3542
vn -0.1292 -0.9413 0.3119
vn -0.1114 -0.9567 0.2688
vn -0.0933 -0.9699 0.2251
vn -0.0749 -0.9806 0.1809
vn -0.0564 -0.9891 0.1363
vn -0.0378 -0.9951 0.0913
vn -0.0191 -0.9988 0.0460
vn -0.0235 0.9988 0.0439
vn -0.0466 0.9951 0.0871
vn -0.0695 0.9891 0.1301
vn -0.0923 0.9806 0.1727
vn -0.1149 0.9699 0.2149
vn -0.1372 0.9567 0.2566
vn -0.1591 0.9413 0.2977
vn -0.1807 0.9236 0.3381
vn -0.2018 0.9037 0.3776
vn -0.2225 0.8816 0.4163
vn -0.2426 0.8574 0.4539
vn -0.2621 0.8311 0.4904
vn -0.2810 0.8028 0.5258
vn -0.2993 0.7726 0.5599
vn -0.3168 0.7406 0.5926
vn -0.3335 0.7067 0.6239
vn -0.3494 0.6712 0.6538
vn -0.3645 0.6340 0.6820
vn -0.3788 0.5953 0.7086
vn -0.3921 0.5552 0.7335
vn -0.4044 0.5138 0.7566
vn -0.4158 0.4711 0.7779
vn -0.4262 0.4273 0.7974
vn -0.4356 0.3824 0.8149
vn -0.4439 0.3366 0.8304
vn -0.4511 0.2901 0.8440
vn -0.4573 0.2428 0.8555
vn -0.4624 0.1949 0.8650
vn -0.4663 0.1466 0.8724
vn -0.4691 0.0979 0.8777
vn -0.4708 0.0490 0.8809
vn -0.4714 -0.0000 0.8819
vn -0.4708 -0.0490 0.8809
vn -0.4691 -0.0979 0.8777
vn -0.4663 -0.1466 0.8724
vn -0.4624 -0.1949 0.8650
vn -0.4573 -0.2428 0.8555
vn -0.4511 -0.2901 0.8440
vn -0.4439 -0.3366 0.8304
vn -0.4356 -0.3824 0.8149
vn -0.4262 -0.4273 0.7974
vn -0.4158 -0.4711 0.7779
vn -0.4044 -0.5138 0.7566
vn -0.3921 -0.5552 0.7335
vn -0.3788 -0.5953 0.7086
vn -0.3645 -0.6340 0.6820
vn -0.3494 -0.6712 0.6538
vn -0.3335 -0.7067 0.6239
vn -0.3168 -0.7406 0.5926
vn -0.2993 -0.7726 0.5599
vn -0.2810 -0.8028 0.5258
vn -0.2621 -0.8311 0.4904
vn -0.2426 -0.8574 0.4539
vn -0.2225 -0.8816 0.4163
vn -0.2018 -0.9037 0.3776
vn -0.1807 -0.9236 0.3381
vn -0.1591 -0.9413 0.2977
vn -0.1372 -0.9567 0.2566
vn -0.1149 -0.9699 0.2149
vn -0.0923 -0.9806 0.1727
vn -0.0695 -0.9891 0.1301
vn -0.0466 -0.9951 0.0871
vn -0.0235 -0.9988 0.0439
vn -0.0277 0.9988 0.0414
vn -0.0549 0.9951 0.0821
vn -0.0819 0.9891 0.1226
vn -0.1088 0.9806 0.1628
vn -0.1354 0.9699 0.2026
vn -0.1617 0.9567 0.2419
vn -0.1875 0.9413 0.2807
vn -0.2130 0.9236 0.3187
vn -0.2379 0.9037 0.3560
vn -0.2622 0.8816 0.3924
vn -0.2859 0.8574 0.4279
vn -0.3090 0.8311 0.4624
vn -0.3312 0.8028 0.4957
vn -0.3527 0.7726 0.5279
vn -0.3733 0.7406 0.5587
vn -0.3931 0.7067 0.5883
vn -0.4118 0.6712 0.6164
vn -0.4296 0.6340 0.6430
vn -0.4464 0.5953 0.6681
vn -0.4621 0.5552 0.6915
vn -0.4766 0.5138 0.7133
vn -0.4901 0.4711 0.7334
vn -0.5023 0.4273 0.7518
vn -0.5133 0.3824 0.7683
vn -0.5231 0.3366 0.7829
vn -0.5317 0.2901 0.7957
vn -0.5389 0.2428 0.8066
vn -0.5449 0.1949 0.8155
vn -0.5496 0.1466 0.8225
vn -0.5529 0.0979 0.8275
vn -0.5549 0.0490 0.8305
vn -0.5556 -0.0000 0.8315
vn -0.5549 -0.0490 0.8305
vn -0.5529 -0.0979 0.8275
vn -0.5496 -0.1466 0.8225
vn -0.5449 -0.1949 0.8155
vn -0.5389 -0.2428 0.8066
vn -0.5317 -0.2901 0.7957
vn -0.5231 -0.3366 0.7829
vn -0.5133 -0.3824 0.7683
vn -0.5023 -0.4273 0.7518
vn -0.4901 -0.4711 0.7334
vn -0.4766 -0.5138 0.7133
vn -0.4621 -0.5552 0.6915
vn -0.4464 -0.5953 0.6681
vn -0.4296 -0.6340 0.6430
vn -0.4118 -0.6712 0.6164
vn -0.3931 -0.7067 0.5883
vn -0.3733 -0.7406 0.5587
vn -0.3527 -0.7726 0.5279
vn -0.3312 -0.8028 0.4957
vn -0.3090 -0.8311 0.4624
vn -0.2859 -0.8574 0.4279
vn -0.2622 -0.8816 0.3924
vn -0.2379 -0.9037 0.3560
vn -0.2130 -0.9236 0.3187
vn -0.1875 -0.9413 0.2807
vn -0.1617 -0.9567 0.2419
vn -0.1354 -0.9699 0.2026
vn -0.1088 -0.9806 0.1628
vn -0.0819 -0.9891 0.1226
vn -0.0549 -0.9951 0.0821
vn -0.0277 -0.9988 0.0414
vn -0.0316 0.9988 0.0385
vn -0.0627 0.9951 0.0764
vn -0.0936 0.9891 0.1140
vn -0.1242 0.9806 0.1514
vn -0.1546 0.9699 0.1884
vn -0.1846 0.9567 0.2249
vn -0.2142 0.9413 0.2609
vn -0.2432 0.9236 0.2963
vn -0.2716 0.9037 0.3310
vn -0.2994 0.8816 0.3649
vn -0.3265 0.8574 0.3978
vn -0.3528 0.8311 0.4299
vn -0.3782 0.8028 0.4609
vn -0.4027 0.7726 0.4907
vn -0.4263 0.7406 0.5194
vn -0.4488 0.7067 0.5469
vn -0.4703 0.6712 0.5730
vn -0.4906 0.6340 0.5978
vn -0.5097 0.5953 0.6211
vn -0.5276 0.5552 0.6429
vn -0.5443 0.5138 0.6632
vn -0.5596 0.4711 0.6819
vn -0.5736 0.4273 0.6989
vn -0.5862 0.3824 0.7143
vn -0.5974 0.3366 0.7279
vn -0.6071 0.2901 0.7398
vn -0.6154 0.2428 0.7499
vn -0.6222 0.1949 0.7582
vn -0.6275 0.1466 0.7647
vn -0.6313 0.0979 0.7693
vn -0.6336 0.0490 0.7721
vn -0.6344 -0.0000 0.7730
vn -0.6336 -0.0490 0.7721
vn -0.6313 -0.0979 0.7693
vn -0.6275 -0.1466 0.7647
vn -0.6222 -0.1949 0.7582
vn -0.6154 -0.2428 0.7499
vn -0.6071 -0.2901 0.7398
vn -0.5974 -0.3366 0.7279
vn -0.5862 -0.3824 0.7143
vn -0.5736 -0.4273 0.6989
vn -0.5596 -0.4711 0.6819
vn -0.5443 -0.5138 0.6632
vn -0.5276 -0.5552 0.6429
vn -0.5097 -0.5953 0.6211
vn -0.4906 -0.6340 0.5978
vn -0.4703 -0.6712 0.5730
vn -0.4488 -0.7067 0.5469
vn -0.4263 -0.7406 0.5194
vn -0.4027 -0.7726 0.4907
vn -0.3782 -0.8028 0.4609
vn -0.3528 -0.8311 0.4299
vn -0.3265 -0.8574 0.3978
vn -0.2994 -0.8816 0.3649
vn -0.2716 -0.9037 0.3310
vn -0.2432 -0.9236 0.2963
vn -0.2142 -0.9413 0.2609
vn -0.1846 -0.9567 0.2249
vn -0.1546 -0.9699 0.1884
vn -0.1242 -0.9806 0.1514
vn -0.0936 -0.9891 0.1140
vn -0.0627 -0.9951 0.0764
vn -0.0316 -0.9988 0.0385
vn -0.0352 0.9988 0.0352
vn -0.0698 0.9951 0.0698
vn -0.1043 0.9891 0.1043
vn -0.1385 0.9806 0.1385
vn -0.1723 0.9699 0.1723
vn -0.2058 0.9567 0.2058
vn -0.2387 0.9413 0.2387
vn -0.2711 0.9236 0.2711
vn -0.3028 0.9037 0.3028
vn -0.3338 0.8816 0.3338
vn -0.3639 0.8574 0.3639
vn -0.3932 0.8311 0.3932
vn -0.4216 0.8028 0.4216
vn -0.4489 0.7726 0.4489
vn -0.4752 0.7406 0.4752
vn -0.5003 0.7067 0.5003
vn -0.5242 0.6712 0.5242
vn -0.5468 0.6340 0.5468
vn -0.5681 0.5953 0.5681
vn -0.5881 0.5552 0.5881
vn -0.6067 0.5138 0.6067
vn -0.6237 0.4711 0.6237
vn -0.6393 0.4273 0.6393
vn -0.6534 0.3824 0.6534
vn -0.6658 0.3366 0.6658
vn -0.6767 0.2901 0.6767
vn -0.6859 0.2428 0.6859
vn -0.6935 0.1949 0.6935
vn -0.6995 0.1466 0.6995
vn -0.7037 0.0979 0.7037
vn -0.7063 0.0490 0.7063
vn -0.7071 -0.0000 0.7071
vn -0.7063 -0.0490 0.7063
vn -0.7037 -0.0979 0.7037
vn -0.6995 -0.1466 0.6995
vn -0.6935 -0.1949 0.6935
vn -0.6859 -0.2428 0.6859
vn -0.6767 -0.2901 0.6767
vn -0.6658 -0.3366 0.6658
vn -0.6534 -0.3824 0.6534
vn -0.6393 -0.4273 0.6393
vn -0.6237 -0.4711 0.6237
vn -0.6067 -0.5138 0.6066
vn -0.5881 -0.5552 0.5881
vn -0.5681 -0.5953 0.5681
vn -0.5468 -0.6340 0.5468
vn -0.5242 -0.6712 0.5242
vn -0.5003 -0.7067 0.5003
vn -0.4752 -0.7406 0.4752
vn -0.4489 -0.7726 0.4489
vn -0.4216 -0.8028 0.4216
vn -0.3932 -0.8311 0.3932
vn -0.3639 -0.8574 0.3639
vn -0.3338 -0.8816 0.3338
vn -0.3028 -0.9037 0.3028
vn -0.2711 -0.9236 0.2711
vn -0.2387 -0.9413 0.2387
vn -0.2058 -0.9567 0.2058
vn -0.1723 -0.9699 0.1723
vn -0.1385 -0.9806 0.1385
vn -0.1043 -0.9891 0.1043
vn -0.0698 -0.9951 0.0698
vn -0.0352 -0.9988 0.0352
vn -0.0385 0.9988 0.0316
vn -0.0764 0.9951 0.0627
vn -0.1140 0.9891 0.0936
vn -0.1514 0.9806 0.1242
vn -0.1884 0.9699 0.1546
vn -0.2249 0.9567 0.1846
vn -0.2609 0.9413 0.2142
vn -0.2963 0.9236 0.2432
vn -0.3310 0.9037 0.2716
vn -0.3649 0.8816 0.2994
vn -0.3978 0.8574 0.3265
vn -0.4299 0.8311 0.3528
vn -0.4609 0.8028 0.3782
vn -0.4907 0.7726 0.4027
vn -0.5194 0.7406 0.4263
vn -0.5469 0.7067 0.4488
vn -0.5730 0.6712 0.4703
vn -0.5978 0.6340 0.4906
vn -0.6211 0.5953 0.5097
vn -0.6429 0.5552 0.5276
vn -0.6632 0.5138 0.5443
vn -0.6819 0.4711 0.5596
vn -0.6989 0.4273 0.5736
vn -0.7143 0.3824 0.5862
vn -0.7279 0.3367 0.5974
vn -0.7398 0.2901 0.6071
vn -0.7499 0.2428 0.6154
vn -0.7582 0.1949 0.6222
vn -0.7647 0.1466 0.6275
vn -0.7693 0.0979 0.6313
vn -0.7721 0.0490 0.6336
vn -0.7730 -0.0000 0.6344
vn -0.7721 -0.0490 0.6336
vn -0.7693 -0.0979 0.6313
vn -0.7647 -0.1466 0.6275
vn -0.7582 -0.1949 0.6222
vn -0.7499 -0.2428 0.6154
vn -0.7398 -0.2901 0.6071
vn -0.7279 -0.3367 0.5974
vn -0.7143 -0.3824 0.5862
vn -0.6989 -0.4273 0.5736
vn -0.6819 -0.4711 0.5596
vn -0.6632 -0.5138 0.5443
vn -0.6429 -0.5552 0.5276
vn -0.6211 -0.5953 0.5097
vn -0.5978 -0.6340 0.4906
vn -0.5730 -0.6712 0.4703
vn -0.5469 -0.7067 0.4488
vn -0.5194 -0.7406 0.4263
vn -0.4907 -0.7726 0.4027
vn -0.4609 -0.8028 0.3782
vn -0.4299 -0.8311 0.3528
vn -0.3978 -0.8574 0.3265
vn -0.3649 -0.8816 0.2994
vn -0.3310 -0.9037 0.2716
vn -0.2963 -0.9236 0.2432
vn -0.2609 -0.9413 0.2142
vn -0.2249 -0.9567 0.1846
vn -0.1884 -0.9699 0.1546
vn -0.1514 -0.9806 0.1242
vn -0.1140 -0.9891 0.0936
vn -0.0764 -0.9951 0.0627
vn -0.0385 -0.9988 0.0316
vn -0.0414 0.9988 0.0277
vn -0.0821 0.9951 0.0549
vn -0.1226 0.9891 0.0819
vn -0.1628 0.9806 0.1088
vn -0.2026 0.9699 0.1354
vn -0.2419 0.9567 0.1617
vn -0.2807 0.9413 0.1875
vn -0.3187 0.9236 0.2130
vn -0.3560 0.9037 0.2379
vn -0.3924 0.8816 0.2622
vn -0.4279 0.8574 0.2859
vn -0.4624 0.8311 0.3090
vn -0.4957 0.8028 0.3312
vn -0.5279 0.7726 0.3527
vn -0.5587 0.7406 0.3733
vn -0.5883 0.7067 0.3931
vn -0.6164 0.6712 0.4118
vn -0.6430 0.6340 0.4296
vn -0.6681 0.5953 0.4464
vn -0.6915 0.5552 0.4621
vn -0.7133 0.5138 0.4766
vn -0.7334 0.4711 0.4901
vn -0.7518 0.4273 0.5023
vn -0.7683 0.3824 0.5133
vn -0.7829 0.3367 0.5231
vn -0.7957 0.2901 0.5317
vn -0.8066 0.2428 0.5389
vn -0.8155 0.1949 0.5449
vn -0.8225 0.1466 0.5496
vn -0.8275 0.0979 0.5529
vn -0.8305 0.0490 0.5549
vn -0.8315 -0.0000 0.5556
vn -0.8305 -0.0490 0.5549
vn -0.8275 -0.0979 0.5529
vn -0.8225 -0.1466 0.5496
vn -0.8155 -0.1949 0.5449
vn -0.8066 -0.2428 0.5389
vn -0.7957 -0.2901 0.5317
vn -0.7829 -0.3367 0.5231
vn -0.7683 -0.3824 0.5133
vn -0.7518 -0.4273 0.5023
vn -0.7334 -0.4711 0.4901
vn -0.7133 -0.5138 0.4766
vn -0.6915 -0.5552 0.4621
vn -0.6681 -0.5953 0.4464
vn -0.6430 -0.6340 0.4296
vn -0.6164 -0.6712 0.4118
vn -0.5883 -0.7067 0.3931
vn -0.5587 -0.7406 0.3733
vn -0.5279 -0.7726 0.3527
vn -0.4957 -0.8028 0.3312
vn -0.4624 -0.8311 0.3090
vn -0.4279 -0.8574 0.2859
vn -0.3924 -0.8816 0.2622
vn -0.3560 -0.9037 0.2379
vn -0.3187 -0.9236 0.2130
vn -0.2807 -0.9413 0.1875
vn -0.2419 -0.9567 0.1617
vn -0.2026 -0.9699 0.1354
vn -0.1628 -0.9806 0.1088
vn -0.1226 -0.9891 0.0819
vn -0.0821 -0.9951 0.0549
vn -0.0414 -0.9988 0.0277
vn -0.0439 0.9988 0.0235
vn -0.0871 0.9951 0.0466
vn -0.1301 0.9891 0.0695
vn -0.1727 0.9806 0.0923
vn -0.2149 0.9699 0.1149
vn -0.2566 0.9567 0.1372
vn -0.2977 0.9413 0.1591
vn -0.3381 0.9236 0.1807
vn -0.3776 0.9037 0.2018
vn -0.4163 0.8816 0.2225
vn -0.4539 0.8574 0.2426
vn -0.4904 0.8311 0.2621
vn -0.5258 0.8028 0.2810
vn -0.5599 0.7726 0.2993
vn -0.5926 0.7406 0.3168
vn -0.6240 0.7067 0.3335
vn -0.6538 0.6712 0.3494
vn -0.6820 0.6340 0.3645
vn -0.7086 0.5953 0.3788
vn -0.7335 0.5552 0.3921
vn -0.7566 0.5138 0.4044
vn -0.7779 0.4711 0.4158
vn -0.7974 0.4273 0.4262
vn -0.8149 0.3824 0.4356
vn -0.8304 0.3367 0.4439
vn -0.8440 0.2901 0.4511
vn -0.8555 0.2428 0.4573
vn -0.8650 0.1949 0.4624
vn -0.8724 0.1466 0.4663
vn -0.8777 0.0979 0.4691
vn -0.8809 0.0490 0.4708
vn -0.8819 -0.0000 0.4714
vn -0.8809 -0.0490 0.4708
vn -0.8777 -0.0979 0.4691
vn -0.8724 -0.1466 0.4663
vn -0.8650 -0.1949 0.4624
vn -0.8555 -0.2428 0.4573
vn -0.8440 -0.2901 0.4511
vn -0.8304 -0.3367 0.4439
vn -0.8149 -0.3824 0.4356
vn -0.7974 -0.4273 0.4262
vn -0.7779 -0.4711 0.4158
vn -0.7566 -0.5138 0.4044
vn -0.7335 -0.5552 0.3921
vn -0.7086 -0.5953 0.3788
vn -0.6820 -0.6340 0.3645
vn -0.6538 -0.6712 0.3494
vn -0.6240 -0.7067 0.3335
vn -0.5926 -0.7406 0.3168
vn -0.5599 -0.7726 0.2993
vn -0.5258 -0.8028 0.2810
vn -0.4904 -0.8311 0.2621
vn -0.4539 -0.8574 0.2426
vn -0.4163 -0.8816 0.2225
vn -0.3776 -0.9037 0.2018
vn -0.3381 -0.9236 0.1807
vn -0.2977 -0.9413 0.1591
vn -0.2566 -0.9567 0.1372
vn -0.2149 -0.9699 0.1149
vn -0.1727 -0.9806 0.0923
vn -0.1301 -0.9891 0.0695
vn -0.0871 -0.9951 0.0466
vn -0.0439 -0.9988 0.0235
vn -0.0000 -1.0000 -0.0000
vn -0.0460 0.9988 0.0191
vn -0.0913 0.9951 0.0378
vn -0.1363 0.9891 0.0564
vn -0.1809 0.9806 0.0749
vn -0.2252 0.9699 0.0933
vn -0.2688 0.9567 0.1114
vn -0.3119 0.9413 0.1292
vn -0.3542 0.9236 0.1467
vn -0.3956 0.9037 0.1639
vn -0.4361 0.8816 0.1806
vn -0.4755 0.8574 0.1970
vn -0.5138 0.8311 0.2128
vn -0.5508 0.8028 0.2282
vn -0.5865 0.7726 0.2429
vn -0.6208 0.7406 0.2572
vn -0.6536 0.7067 0.2707
vn -0.6849 0.6712 0.2837
vn -0.7145 0.6340 0.2959
vn -0.7423 0.5953 0.3075
vn -0.7684 0.5552 0.3183
vn -0.7926 0.5138 0.3283
vn -0.8149 0.4711 0.3376
vn -0.8353 0.4273 0.3460
vn -0.8537 0.3824 0.3536
vn -0.8700 0.3367 0.3603
vn -0.8842 0.2901 0.3662
vn -0.8962 0.2428 0.3712
vn -0.9062 0.1949 0.3753
vn -0.9139 0.1466 0.3785
vn -0.9194 0.0979 0.3808
vn -0.9228 0.0490 0.3822
vn -0.9239 -0.0000 0.3827
vn -0.9228 -0.0490 0.3822
vn -0.9194 -0.0979 0.3808
vn -0.9139 -0.1466 0.3785
vn -0.9062 -0.1949 0.3753
vn -0.8962 -0.2428 0.3712
vn -0.8842 -0.2901 0.3662
vn -0.8700 -0.3367 0.3603
vn -0.8537 -0.3824 0.3536
vn -0.8353 -0.4273 0.3460
vn -0.8149 -0.4711 0.3376
vn -0.7926 -0.5138 0.3283
vn -0.7684 -0.5552 0.3183
vn -0.7423 -0.5953 0.3075
vn -0.7145 -0.6340 0.2959
vn -0.6849 -0.6712 0.2837
vn -0.6536 -0.7067 0.2707
vn -0.6208 -0.7406 0.2572
vn -0.5865 -0.7726 0.2429
vn -0.5508 -0.8028 0.2282
vn -0.5138 -0.8311 0.2128
vn -0.4755 -0.8574 0.1970
vn -0.4361 -0.8816 0.1806
vn -0.3956 -0.9037 0.1639
vn -0.3542 -0.9236 0.1467
vn -0.3119 -0.9413 0.1292
vn -0.2688 -0.9567 0.1114
vn -0.2252 -0.9699 0.0933
vn -0.1809 -0.9806 0.0749
vn -0.1363 -0.9891 0.0564
vn -0.0913 -0.9951 0.0378
vn -0.0460 -0.9988 0.0191
vn -0.0477 0.9988 0.0145
vn -0.0945 0.9951 0.0287
vn -0.1411 0.9891 0.0428
vn -0.1874 0.9806 0.0568
vn -0.2332 0.9699 0.0707
vn -0.2785 0.9567 0.0845
vn -0.3230 0.9413 0.0980
vn -0.3668 0.9236 0.1113
vn -0.4097 0.9037 0.1243
vn -0.4517 0.8816 0.1370
vn -0.4925 0.8574 0.1494
vn -0.5322 0.8311 0.1614
vn -0.5705 0.8028 0.1731
vn -0.6075 0.7726 0.1843
vn -0.6430 0.7406 0.1951
vn -0.6770 0.7067 0.2054
vn -0.7094 0.6712 0.2152
vn -0.7400 0.6340 0.2245
vn -0.7689 0.5953 0.2332
vn -0.7959 0.5552 0.2414
vn -0.8210 0.5138 0.2490
vn -0.8441 0.4711 0.2561
vn -0.8652 0.4273 0.2625
vn -0.8842 0.3824 0.2682
vn -0.9011 0.3367 0.2733
vn -0.9158 0.2901 0.2778
vn -0.9283 0.2428 0.2816
vn -0.9386 0.1949 0.2847
vn -0.9466 0.1466 0.2871
vn -0.9523 0.0979 0.2889
vn -0.9558 0.0490 0.2899
vn -0.9569 -0.0000 0.2903
vn -0.9558 -0.0490 0.2899
vn -0.9523 -0.0979 0.2889
vn -0.9466 -0.1466 0.2871
vn -0.9386 -0.1949 0.2847
vn -0.9283 -0.2428 0.2816
vn -0.9158 -0.2901 0.2778
vn -0.9011 -0.3367 0.2733
vn -0.8842 -0.3824 0.2682
vn -0.8652 -0.4273 0.2625
vn -0.8441 -0.4711 0.2561
vn -0.8210 -0.5138 0.2490
vn -0.7959 -0.5552 0.2414
vn -0.7689 -0.5953 0.2332
vn -0.7400 -0.6340 0.2245
vn -0.7094 -0.6712 0.2152
vn -0.6770 -0.7067 0.2054
vn -0.6430 -0.7406 0.1951
vn -0.6075 -0.7726 0.1843
vn -0.5705 -0.8028 0.1731
vn -0.5322 -0.8311 0.1614
vn -0.4925 -0.8574 0.1494
vn -0.4517 -0.8816 0.1370
vn -0.4097 -0.9037 0.1243
vn -0.3668 -0.9236 0.1113
vn -0.3230 -0.9413 0.0980
vn -0.2785 -0.9567 0.0845
vn -0.2332 -0.9699 0.0707
vn -0.1874 -0.9806 0.0568
vn -0.1411 -0.9891 0.0428
vn -0.0945 -0.9951 0.0287
vn -0.0477 -0.9988 0.0145
vn -0.0489 0.9988 0.0097
vn -0.0969 0.9951 0.0193
vn -0.1446 0.9891 0.0288
vn -0.1921 0.9806 0.0382
vn -0.2390 0.9699 0.0475
vn -0.2854 0.9567 0.0568
vn -0.3311 0.9413 0.0659
vn -0.3760 0.9236 0.0748
vn -0.4200 0.9037 0.0835
vn -0.4629 0.8816 0.0921
vn -0.5048 0.8574 0.1004
vn -0.5454 0.8311 0.1085
vn -0.5847 0.8028 0.1163
vn -0.6227 0.7726 0.1239
vn -0.6591 0.7406 0.1311
vn -0.6939 0.7067 0.1380
vn -0.7271 0.6712 0.1446
vn -0.7585 0.6340 0.1509
vn -0.7880 0.5953 0.1568
vn -0.8157 0.5552 0.1623
vn -0.8414 0.5138 0.1674
vn -0.8651 0.4711 0.1721
vn -0.8868 0.4273 0.1764
vn -0.9062 0.3824 0.1803
vn -0.9235 0.3367 0.1837
vn -0.9386 0.2901 0.1867
vn -0.9514 0.2428 0.1893
vn -0.9620 0.1949 0.1913
vn -0.9702 0.1466 0.1930
vn -0.9761 0.0979 0.1942
vn -0.9796 0.0490 0.1949
vn -0.9808 -0.0000 0.1951
vn -0.9796 -0.0490 0.1949
vn -0.9761 -0.0979 0.1942
vn -0.9702 -0.1466 0.1930
vn -0.9620 -0.1949 0.1913
vn -0.9514 -0.2428 0.1893
vn -0.9386 -0.2901 0.1867
vn -0.9235 -0.3367 0.1837
vn -0.9062 -0.3824 0.1803
vn -0.8868 -0.4273 0.1764
vn -0.8651 -0.4711 0.1721
vn -0.8414 -0.5138 0.1674
vn -0.8157 -0.5552 0.1623
vn -0.7880 -0.5953 0.1568
vn -0.7585 -0.6340 0.1509
vn -0.7271 -0.6712 0.1446
vn -0.6939 -0.7067 0.1380
vn -0.6591 -0.7406 0.1311
vn -0.6227 -0.7726 0.1239
vn -0.5847 -0.8028 0.1163
vn -0.5454 -0.8311 0.1085
vn -0.5048 -0.8574 0.1004
vn -0.4629 -0.8816 0.0921
vn -0.4200 -0.9037 0.0835
vn -0.3760 -0.9236 0.0748
vn -0.3311 -0.9413 0.0659
vn -0.2854 -0.9567 0.0568
vn -0.2390 -0.9699 0.0475
vn -0.1921 -0.9806 0.0382
vn -0.1446 -0.9891 0.0288
vn -0.0969 -0.9951 0.0193
vn -0.0489 -0.9988 0.0097
vn -0.0496 0.9988 0.0049
vn -0.0983 0.9951 0.0097
vn -0.1468 0.9891 0.0145
vn -0.1949 0.9806 0.0192
vn -0.2425 0.9699 0.0239
vn -0.2896 0.9567 0.0285
vn -0.3359 0.9413 0.0331
vn -0.3815 0.9236 0.0376
vn -0.4261 0.9037 0.0420
vn -0.4697 0.8816 0.0463
vn -0.5122 0.8574 0.0504
vn -0.5534 0.8311 0.0545
vn -0.5933 0.8028 0.0584
vn -0.6318 0.7726 0.0622
vn -0.6687 0.7406 0.0659
vn -0.7041 0.7067 0.0693
vn -0.7377 0.6712 0.0727
vn -0.7696 0.6340 0.0758
vn -0.7996 0.5953 0.0788
vn -0.8277 0.5552 0.0815
vn -0.8538 0.5138 0.0841
vn -0.8778 0.4711 0.0865
vn -0.8998 0.4273 0.0886
vn -0.9195 0.3824 0.0906
vn -0.9371 0.3367 0.0923
vn -0.9524 0.2901 0.0938
vn -0.9654 0.2428 0.0951
vn -0.9761 0.1949 0.0961
vn -0.9844 0.1466 0.0970
vn -0.9904 0.0979 0.0975
vn -0.9940 0.0490 0.0979
vn -0.9952 -0.0000 0.0980
vn -0.9940 -0.0490 0.0979
vn -0.9904 -0.0979 0.0975
vn -0.9844 -0.1466 0.0970
vn -0.9761 -0.1949 0.0961
vn -0.9654 -0.2428 0.0951
vn -0.9524 -0.2901 0.0938
vn -0.9371 -0.3367 0.0923
vn -0.9195 -0.3824 0.0906
vn -0.8998 -0.4273 0.0886
vn -0.8778 -0.4711 0.0865
vn -0.8538 -0.5138 0.0841
vn -0.8277 -0.5552 0.0815
vn -0.7996 -0.5953 0.0788
vn -0.7696 -0.6340 0.0758
vn -0.7377 -0.6712 0.0727
vn -0.7041 -0.7067 0.0693
vn -0.6687 -0.7406 0.0659
vn -0.6318 -0.7726 0.0622
vn -0.5933 -0.8028 0.0584
vn -0.5534 -0.8311 0.0545
vn -0.5122 -0.8574 0.0504
vn -0.4697 -0.8816 0.0463
vn -0.4261 -0.9037 0.0420
vn -0.3815 -0.9236 0.0376
vn -0.3359 -0.9413 0.0331
vn -0.2896 -0.9567 0.0285
vn -0.2425 -0.9699 0.0239
vn -0.1949 -0.9806 0.0192
vn -0.1468 -0.9891 0.0145
vn -0.0983 -0.9951 0.0097
vn -0.0496 -0.9988 0.0049
vn -0.0498 0.9988 -0.0000
vn -0.0988 0.9951 -0.0000
vn -0.1475 0.9891 -0.0000
vn -0.1958 0.9806 -0.0000
vn -0.2437 0.9699 -0.0000
vn -0.2910 0.9567 -0.0000
vn -0.3376 0.9413 -0.0000
vn -0.3833 0.9236 -0.0000
vn -0.4282 0.9037 -0.0000
vn -0.4720 0.8816 -0.0000
vn -0.5147 0.8574 -0.0000
vn -0.5561 0.8311 -0.0000
vn -0.5962 0.8028 -0.0000
vn -0.6349 0.7726 -0.0000
vn -0.6720 0.7406 -0.0000
vn -0.7075 0.7067 -0.0000
vn -0.7413 0.6712 -0.0000
vn -0.7733 0.6340 -0.0000
vn -0.8035 0.5953 -0.0000
vn -0.8317 0.5552 -0.0000
vn -0.8579 0.5138 -0.0000
vn -0.8821 0.4711 -0.0000
vn -0.9041 0.4273 -0.0000
vn -0.9240 0.3824 -0.0000
vn -0.9416 0.3367 -0.0000
vn -0.9570 0.2901 -0.0000
vn -0.9701 0.2428 -0.0000
vn -0.9808 0.1949 -0.0000
vn -0.9892 0.1466 -0.0000
vn -0.9952 0.0979 -0.0000
vn -0.9988 0.0490 -0.0000
vn -1.0000 -0.0000 -0.0000
vn -0.9988 -0.0490 -0.0000
vn -0.9952 -0.0979 -0.0000
vn -0.9892 -0.1466 -0.0000
vn -0.9808 -0.1949 -0.0000
vn -0.9701 -0.2428 -0.0000
vn -0.9570 -0.2901 -0.0000
vn -0.9416 -0.3367 -0.0000
vn -0.9240 -0.3824 -0.0000
vn -0.9041 -0.4273 -0.0000
vn -0.8821 -0.4711 -0.0000
vn -0.8579 -0.5138 -0.0000
vn -0.8317 -0.5552 -0.0000
vn -0.8035 -0.5953 -0.0000
vn -0.7733 -0.6340 -0.0000
vn -0.7413 -0.6712 -0.0000
vn -0.7075 -0.7067 -0.0000
vn -0.6720 -0.7406 -0.0000
vn -0.6349 -0.7726 -0.0000
vn -0.5962 -0.8028 -0.0000
vn -0.5561 -0.8311 -0.0000
vn -0.5147 -0.8574 -0.0000
vn -0.4720 -0.8816 -0.0000
vn -0.4282 -0.9037 -0.0000
vn -0.3833 -0.9236 -0.0000
vn -0.3376 -0.9413 -0.0000
vn -0.2910 -0.9567 -0.0000
vn -0.2437 -0.9699 -0.0000
vn -0.1958 -0.9806 -0.0000
vn -0.1475 -0.9891 -0.0000
vn -0.0988 -0.9951 -0.0000
vn -0.0498 -0.9988 -0.0000
vn -0.0496 0.9988 -0.0049
vn -0.0983 0.9951 -0.0097
vn -0.1468 0.9891 -0.0145
vn -0.1949 0.9806 -0.0192
vn -0.2425 0.9699 -0.0239
vn -0.2896 0.9567 -0.0285
vn -0.3359 0.9413 -0.0331
vn -0.3815 0.9236 -0.0376
vn -0.4261 0.9037 -0.0420
vn -0.4697 0.8816 -0.0463
vn -0.5122 0.8574 -0.0504
vn -0.5534 0.8311 -0.0545
vn -0.5933 0.8028 -0.0584
vn -0.6318 0.7726 -0.0622
vn -0.6687 0.7406 -0.0659
vn -0.7041 0.7067 -0.0693
vn -0.7377 0.6712 -0.0727
vn -0.7696 0.6340 -0.0758
vn -0.7996 0.5953 -0.0788
vn -0.8277 0.5552 -0.0815
vn -0.8538 0.5138 -0.0841
vn -0.8778 0.4711 -0.0865
vn -0.8998 0.4273 -0.0886
vn -0.9195 0.3824 -0.0906
vn -0.9371 0.3367 -0.0923
vn -0.9524 0.2901 -0.0938
vn -0.9654 0.2428 -0.0951
vn -0.9761 0.1949 -0.0961
vn -0.9844 0.1466 -0.0970
vn -0.9904 0.0979 -0.0975
vn -0.9940 0.0490 -0.0979
vn -0.9952 -0.0000 -0.0980
vn -0.9940 -0.0490 -0.0979
vn -0.9904 -0.0979 -0.0975
vn -0.9844 -0.1466 -0.0970
vn -0.9761 -0.1949 -0.0961
vn -0.9654 -0.2428 -0.0951
vn -0.9524 -0.2901 -0.0938
vn -0.9371 -0.3367 -0.0923
vn -0.9195 -0.3824 -0.0906
vn -0.8998 -0.4273 -0.0886
vn -0.8778 -0.4711 -0.0865
vn -0.8538 -0.5138 -0.0841
vn -0.8277 -0.5552 -0.0815
vn -0.7996 -0.5953 -0.0788
vn -0.7696 -0.6340 -0.0758
vn -0.7377 -0.6712 -0.0727
vn -0.7041 -0.7067 -0.0693
vn -0.6687 -0.7406 -0.0659
vn -0.6318 -0.7726 -0.0622
vn -0.5933 -0.8028 -0.0584
vn -0.5534 -0.8311 -0.0545
vn -0.5122 -0.8574 -0.0504
vn -0.4697 -0.8816 -0.0463
vn -0.4261 -0.9037 -0.0420
vn -0.3815 -0.9236 -0.0376
vn -0.3359 -0.9413 -0.0331
vn -0.2896 -0.9567 -0.0285
vn -0.2425 -0.9699 -0.0239
vn -0.1949 -0.9806 -0.0192
vn -0.1468 -0.9891 -0.0145
vn -0.0983 -0.9951 -0.0097
vn -0.0496 -0.9988 -0.0049
vn -0.0489 0.9988 -0.0097
vn -0.0969 0.9951 -0.0193
vn -0.1446 0.9891 -0.0288
vn -0.1921 0.9806 -0.0382
vn -0.2390 0.9699 -0.0475
vn -0.2854 0.9567 -0.0568
vn -0.3311 0.9413 -0.0659
vn -0.3760 0.9236 -0.0748
vn -0.4200 0.9037 -0.0835
vn -0.4629 0.8816 -0.0921
vn -0.5048 0.8574 -0.1004
vn -0.5454 0.8311 -0.1085
vn -0.5847 0.8028 -0.1163
vn -0.6227 0.7726 -0.1239
vn -0.6591 0.7406 -0.1311
vn -0.6939 0.7067 -0.1380
vn -0.7271 0.6712 -0.1446
vn -0.7585 0.6340 -0.1509
vn -0.7880 0.5953 -0.1568
vn -0.8157 0.5552 -0.1623
vn -0.8414 0.5138 -0.1674
vn -0.8651 0.4711 -0.1721
vn -0.8868 0.4273 -0.1764
vn -0.9062 0.3824 -0.1803
vn -0.9235 0.3367 -0.1837
vn -0.9386 0.2901 -0.1867
vn -0.9514 0.2428 -0.1893
vn -0.9620 0.1949 -0.1913
vn -0.9702 0.1466 -0.1930
vn -0.9761 0.0979 -0.1942
vn -0.9796 0.0490 -0.1949
vn -0.9808 -0.0000 -0.1951
vn -0.9796 -0.0490 -0.1949
vn -0.9761 -0.0979 -0.1942
vn -0.9702 -0.1466 -0.1930
vn -0.9620 -0.1949 -0.1913
vn -0.9514 -0.2428 -0.1893
vn -0.9386 -0.2901 -0.1867
vn -0.9235 -0.3367 -0.1837
vn -0.9062 -0.3824 -0.1803
vn -0.8868 -0.4273 -0.1764
vn -0.8651 -0.4711 -0.1721
vn -0.8414 -0.5138 -0.1674
vn -0.8157 -0.5552 -0.1623
vn -0.7880 -0.5953 -0.1568
vn -0.7585 -0.6340 -0.1509
vn -0.7271 -0.6712 -0.1446
vn -0.6939 -0.7067 -0.1380
vn -0.6591 -0.7406 -0.1311
vn -0.6227 -0.7726 -0.1239
vn -0.5847 -0.8028 -0.1163
vn -0.5454 -0.8311 -0.1085
vn -0.5048 -0.8574 -0.1004
vn -0.4629 -0.8816 -0.0921
vn -0.4200 -0.9037 -0.0835
vn -0.3760 -0.9236 -0.0748
vn -0.3311 -0.9413 -0.0659
vn -0.2854 -0.9567 -0.0568
vn -0.2390 -0.9699 -0.0475
vn -0.1921 -0.9806 -0.0382
vn -0.1446 -0.9891 -0.0288
vn -0.0969 -0.9951 -0.0193
vn -0.0489 -0.9988 -0.0097
vn -0.0477 0.9988 -0.0145
vn -0.0945 0.9951 -0.0287
vn -0.1411 0.9891 -0.0428
vn -0.1874 0.9806 -0.0568
vn -0.2332 0.9699 -0.0707
vn -0.2785 0.9567 -0.0845
vn -0.3230 0.9413 -0.0980
vn -0.3668 0.9236 -0.1113
vn -0.4097 0.9037 -0.1243
vn -0.4517 0.8816 -0.1370
vn -0.4925 0.8574 -0.1494
vn -0.5322 0.8311 -0.1614
vn -0.5705 0.8028 -0.1731
vn -0.6075 0.7726 -0.1843
vn -0.6430 0.7406 -0.1951
vn -0.6770 0.7067 -0.2054
vn -0.7094 0.6712 -0.2152
vn -0.7400 0.6340 -0.2245
vn -0.7689 0.5953 -0.2332
vn -0.7959 0.5552 -0.2414
vn -0.8210 0.5138 -0.2490
vn -0.8441 0.4711 -0.2561
vn -0.8652 0.4273 -0.2625
vn -0.8842 0.3824 -0.2682
vn -0.9011 0.3367 -0.2733
vn -0.9158 0.2901 -0.2778
vn -0.9283 0.2428 -0.2816
vn -0.9386 0.1949 -0.2847
vn -0.9466 0.1466 -0.2871
vn -0.9523 0.0979 -0.2889
vn -0.9558 0.0490 -0.2899
vn -0.9569 -0.0000 -0.2903
vn -0.9558 -0.0490 -0.2899
vn -0.9523 -0.0979 -0.2889
vn -0.9466 -0.1466 -0.2871
vn -0.9386 -0.1949 -0.2847
vn -0.9283 -0.2428 -0.2816
vn -0.9158 -0.2901 -0.2778
vn -0.9011 -0.3367 -0.2733
vn -0.8842 -0.3824 -0.2682
vn -0.8652 -0.4273 -0.2625
vn -0.8441 -0.4711 -0.2561
vn -0.8210 -0.5138 -0.2490
vn -0.7959 -0.5552 -0.2414
vn -0.7689 -0.5953 -0.2332
vn -0.7400 -0.6340 -0.2245
vn -0.7094 -0.6712 -0.2152
vn -0.6770 -0.7067 -0.2054
vn -0.6430 -0.7406 -0.1951
vn -0.6075 -0.7726 -0.1843
vn -0.5705 -0.8028 -0.1731
vn -0.5322 -0.8311 -0.1614
vn -0.4925 -0.8574 -0.1494
vn -0.4517 -0.8816 -0.1370
vn -0.4097 -0.9037 -0.1243
vn -0.3668 -0.9236 -0.1113
vn -0.3230 -0.9413 -0.0980
vn -0.2785 -0.9567 -0.0845
vn -0.2332 -0.9699 -0.0707
vn -0.1874 -0.9806 -0.0568
vn -0.1411 -0.9891 -0.0428
vn -0.0945 -0.9951 -0.0287
vn -0.0477 -0.9988 -0.0145
vn -0.0460 0.9988 -0.0191
vn -0.0913 0.9951 -0.0378
vn -0.1363 0.9891 -0.0564
vn -0.1809 0.9806 -0.0749
vn -0.2251 0.9699 -0.0933
vn -0.2688 0.9567 -0.1114
vn -0.3119 0.9413 -0.1292
vn -0.3542 0.9236 -0.1467
vn -0.3956 0.9037 -0.1639
vn -0.4361 0.8816 -0.1806
vn -0.4755 0.8574 -0.1970
vn -0.5138 0.8311 -0.2128
vn -0.5508 0.8028 -0.2282
vn -0.5865 0.7726 -0.2429
vn -0.6208 0.7406 -0.2572
vn -0.6536 0.7067 -0.2707
vn -0.6849 0.6712 -0.2837
vn -0.7145 0.6340 -0.2959
vn -0.7423 0.5953 -0.3075
vn -0.7684 0.5552 -0.3183
vn -0.7926 0.5138 -0.3283
vn -0.8149 0.4711 -0.3376
vn -0.8353 0.4273 -0.3460
vn -0.8537 0.3824 -0.3536
vn -0.8700 0.3367 -0.3603
vn -0.8842 0.2901 -0.3662
vn -0.8962 0.2428 -0.3712
vn -0.9062 0.1949 -0.3753
vn -0.9139 0.1466 -0.3785
vn -0.9194 0.0979 -0.3808
vn -0.9228 0.0490 -0.3822
vn -0.9239 -0.0000 -0.3827
vn -0.9228 -0.0490 -0.3822
vn -0.9194 -0.0979 -0.3808
vn -0.9139 -0.1466 -0.3785
vn -0.9062 -0.1949 -0.3753
vn -0.8962 -0.2428 -0.3712
vn -0.8842 -0.2901 -0.3662
vn -0.8700 -0.3367 -0.3603
vn -0.8537 -0.3824 -0.3536
vn -0.8353 -0.4273 -0.3460
vn -0.8149 -0.4711 -0.3376
vn -0.7926 -0.5138 -0.3283
vn -0.7684 -0.5552 -0.3183
vn -0.7423 -0.5953 -0.3075
vn -0.7145 -0.6340 -0.2959
vn -0.6849 -0.6712 -0.2837
vn -0.6536 -0.7067 -0.2707
vn -0.6208 -0.7406 -0.2572
vn -0.5865 -0.7726 -0.2429
vn -0.5508 -0.8028 -0.2282
vn -0.5138 -0.8311 -0.2128
vn -0.4755 -0.8574 -0.1970
vn -0.4361 -0.8816 -0.1806
vn -0.3956 -0.9037 -0.1639
vn -0.3542 -0.9236 -0.1467
vn -0.3119 -0.9413 -0.1292
vn -0.2688 -0.9567 -0.1114
vn -0.2251 -0.9699 -0.0933
vn -0.1809 -0.9806 -0.0749
vn -0.1363 -0.9891 -0.0564
vn -0.0913 -0.9951 -0.0378
vn -0.0460 -0.9988 -0.0191
vn -0.0439 0.9988 -0.0235
vn -0.0871 0.9951 -0.0466
vn -0.1301 0.9891 -0.0695
vn -0.1727 0.9806 -0.0923
vn -0.2149 0.9699 -0.1149
vn -0.2566 0.9567 -0.1372
vn -0.2977 0.9413 -0.1591
vn -0.3381 0.9236 -0.1807
vn -0.3776 0.9037 -0.2018
vn -0.4163 0.8816 -0.2225
vn -0.4539 0.8574 -0.2426
vn -0.4904 0.8311 -0.2621
vn -0.5258 0.8028 -0.2810
vn -0.5599 0.7726 -0.2993
vn -0.5926 0.7406 -0.3168
vn -0.6240 0.7067 -0.3335
vn -0.6538 0.6712 -0.3494
vn -0.6820 0.6340 -0.3645
vn -0.7086 0.5953 -0.3788
vn -0.7335 0.5552 -0.3921
vn -0.7566 0.5138 -0.4044
vn -0.7779 0.4711 -0.4158
vn -0.7974 0.4273 -0.4262
vn -0.8149 0.3824 -0.4356
vn -0.8304 0.3367 -0.4439
vn -0.8440 0.2901 -0.4511
vn -0.8555 0.2428 -0.4573
vn -0.8650 0.1949 -0.4624
vn -0.8724 0.1466 -0.4663
vn -0.8777 0.0979 -0.4691
vn -0.8809 0.0490 -0.4708
vn -0.8819 -0.0000 -0.4714
vn -0.8809 -0.0490 -0.4708
vn -0.8777 -0.0979 -0.4691
vn -0.8724 -0.1466 -0.4663
vn -0.8650 -0.1949 -0.4624
vn -0.8555 -0.2428 -0.4573
vn -0.8440 -0.2901 -0.4511
vn -0.8304 -0.3367 -0.4439
vn -0.8149 -0.3824 -0.4356
vn -0.7974 -0.4273 -0.4262
vn -0.7779 -0.4711 -0.4158
vn -0.7566 -0.5138 -0.4044
vn -0.7335 -0.5552 -0.3921
vn -0.7086 -0.5953 -0.3788
vn -0.6820 -0.6340 -0.3645
vn -0.6538 -0.6712 -0.3494
vn -0.6240 -0.7067 -0.3335
vn -0.5926 -0.7406 -0.3168
vn -0.5599 -0.7726 -0.2993
vn -0.5258 -0.8028 -0.2810
vn -0.4904 -0.8311 -0.2621
vn -0.4539 -0.8574 -0.2426
vn -0.4163 -0.8816 -0.2225
vn -0.3776 -0.9037 -0.2018
vn -0.3381 -0.9236 -0.1807
vn -0.2977 -0.9413 -0.1591
vn -0.2566 -0.9567 -0.1372
vn -0.2149 -0.9699 -0.1149
vn -0.1727 -0.9806 -0.0923
vn -0.1301 -0.9891 -0.0695
vn -0.0871 -0.9951 -0.0466
vn -0.0439 -0.9988 -0.0235
vn -0.0414 0.9988 -0.0277
vn -0.0821 0.9951 -0.0549
vn -0.1226 0.9891 -0.0819
vn -0.1628 0.9806 -0.1088
vn -0.2026 0.9699 -0.1354
vn -0.2419 0.9567 -0.1617
vn -0.2807 0.9413 -0.1875
vn -0.3187 0.9236 -0.2130
vn -0.3560 0.9037 -0.2379
vn -0.3924 0.8816 -0.2622
vn -0.4279 0.8574 -0.2859
vn -0.4624 0.8311 -0.3090
vn -0.4957 0.8028 -0.3312
vn -0.5279 0.7726 -0.3527
vn -0.5587 0.7406 -0.3733
vn -0.5883 0.7067 -0.3931
vn -0.6164 0.6712 -0.4118
vn -0.6430 0.6340 -0.4296
vn -0.6681 0.5953 -0.4464
vn -0.6915 0.5552 -0.4621
vn -0.7133 0.5138 -0.4766
vn -0.7334 0.4711 -0.4901
vn -0.7518 0.4273 -0.5023
vn -0.7683 0.3824 -0.5133
vn -0.7829 0.3367 -0.5231
vn -0.7957 0.2901 -0.5317
vn -0.8066 0.2428 -0.5389
vn -0.8155 0.1949 -0.5449
vn -0.8225 0.1466 -0.5496
vn -0.8275 0.0979 -0.5529
vn -0.8305 0.0490 -0.5549
vn -0.8315 -0.0000 -0.5556
vn -0.8305 -0.0490 -0.5549
vn -0.8275 -0.0979 -0.5529
vn -0.8225 -0.1466 -0.5496
vn -0.8155 -0.1949 -0.5449
vn -0.8066 -0.2428 -0.5389
vn -0.7957 -0.2901 -0.5317
vn -0.7829 -0.3367 -0.5231
vn -0.7683 -0.3824 -0.5133
vn -0.7518 -0.4273 -0.5023
vn -0.7334 -0.4711 -0.4901
vn -0.7133 -0.5138 -0.4766
vn -0.6915 -0.5552 -0.4621
vn -0.6681 -0.5953 -0.4464
vn -0.6430 -0.6340 -0.4296
vn -0.6164 -0.6712 -0.4118
vn -0.5883 -0.7067 -0.3931
vn -0.5587 -0.7406 -0.3733
vn -0.5279 -0.7726 -0.3527
vn -0.4957 -0.8028 -0.3312
vn -0.4624 -0.8311 -0.3090
vn -0.4279 -0.8574 -0.2859
vn -0.3924 -0.8816 -0.2622
vn -0.3560 -0.9037 -0.2379
vn -0.3187 -0.9236 -0.2130
vn -0.2807 -0.9413 -0.1875
vn -0.2419 -0.9567 -0.1617
vn -0.2026 -0.9699 -0.1354
vn -0.1628 -0.9806 -0.1088
vn -0.1226 -0.9891 -0.0819
vn -0.0821 -0.9951 -0.0549
vn -0.0414 -0.9988 -0.0277
vn -0.0385 0.9988 -0.0316
vn -0.0764 0.9951 -0.0627
vn -0.1140 0.9891 -0.0936
vn -0.1514 0.9806 -0.1242
vn -0.1884 0.9699 -0.1546
vn -0.2249 0.9567 -0.1846
vn -0.2609 0.9413 -0.2142
vn -0.2963 0.9236 -0.2432
vn -0.3310 0.9037 -0.2716
vn -0.3649 0.8816 -0.2994
vn -0.3978 0.8574 -0.3265
vn -0.4299 0.8311 -0.3528
vn -0.4609 0.8028 -0.3782
vn -0.4907 0.7726 -0.4027
vn -0.5194 0.7406 -0.4263
vn -0.5469 0.7067 -0.4488
vn -0.5730 0.6712 -0.4703
vn -0.5978 0.6340 -0.4906
vn -0.6211 0.5953 -0.5097
vn -0.6429 0.5552 -0.5276
vn -0.6632 0.5138 -0.5443
vn -0.6819 0.4711 -0.5596
vn -0.6989 0.4273 -0.5736
vn -0.7143 0.3824 -0.5862
vn -0.7279 0.3367 -0.5974
vn -0.7398 0.2901 -0.6071
vn -0.7499 0.2428 -0.6154
vn -0.7582 0.1949 -0.6222
vn -0.7647 0.1466 -0.6275
vn -0.7693 0.0979 -0.6313
vn -0.7721 0.0490 -0.6336
vn -0.7730 -0.0000 -0.6344
vn -0.7721 -0.0490 -0.6336
vn -0.7693 -0.0979 -0.6313
vn -0.7647 -0.1466 -0.6275
vn -0.7582 -0.1949 -0.6222
vn -0.7499 -0.2428 -0.6154
vn -0.7398 -0.2901 -0.6071
vn -0.7279 -0.3367 -0.5974
vn -0.7143 -0.3824 -0.5862
vn -0.6989 -0.4273 -0.5736
vn -0.6819 -0.4711 -0.5596
vn -0.6632 -0.5138 -0.5443
vn -0.6429 -0.5552 -0.5276
vn -0.6211 -0.5953 -0.5097
vn -0.5978 -0.6340 -0.4906
vn -0.5730 -0.6712 -0.4703
vn -0.5469 -0.7067 -0.4488
vn -0.5194 -0.7406 -0.4263
vn -0.4907 -0.7726 -0.4027
vn -0.4609 -0.8028 -0.3782
vn -0.4299 -0.8311 -0.3528
vn -0.3978 -0.8574 -0.3265
vn -0.3649 -0.8816 -0.2994
vn -0.3310 -0.9037 -0.2716
vn -0.2963 -0.9236 -0.2432
vn -0.2609 -0.9413 -0.2142
vn -0.2249 -0.9567 -0.1846
vn -0.1884 -0.9699 -0.1546
vn -0.1514 -0.9806 -0.1242
vn -0.1140 -0.9891 -0.0936
vn -0.0764 -0.9951 -0.0627
vn -0.0385 -0.9988 -0.0316
vn -0.0352 0.9988 -0.0352
vn -0.0698 0.9951 -0.0698
vn -0.1043 0.9891 -0.1043
vn -0.1385 0.9806 -0.1385
vn -0.1723 0.9699 -0.1723
vn -0.2058 0.9567 -0.2058
vn -0.2387 0.9413 -0.2387
vn -0.2711 0.9236 -0.2711
vn -0.3028 0.9037 -0.3028
vn -0.3338 0.8816 -0.3338
vn -0.3639 0.8574 -0.3639
vn -0.3932 0.8311 -0.3932
vn -0.4216 0.8028 -0.4216
vn -0.4489 0.7726 -0.4489
vn -0.4752 0.7406 -0.4752
vn -0.5003 0.7067 -0.5003
vn -0.5242 0.6712 -0.5242
vn -0.5468 0.6340 -0.5468
vn -0.5681 0.5953 -0.5681
vn -0.5881 0.5552 -0.5881
vn -0.6067 0.5138 -0.6067
vn -0.6237 0.4711 -0.6237
vn -0.6393 0.4273 -0.6393
vn -0.6534 0.3824 -0.6534
vn -0.6658 0.3367 -0.6658
vn -0.6767 0.2901 -0.6767
vn -0.6859 0.2428 -0.6859
vn -0.6935 0.1949 -0.6935
vn -0.6995 0.1466 -0.6995
vn -0.7037 0.0979 -0.7037
vn -0.7063 0.0490 -0.7063
vn -0.7071 -0.0000 -0.7071
vn -0.7063 -0.0490 -0.7063
vn -0.7037 -0.0979 -0.7037
vn -0.6995 -0.1466 -0.6995
vn -0.6935 -0.1949 -0.6935
vn -0.6859 -0.2428 -0.6859
vn -0.6767 -0.2901 -0.6767
vn -0.6658 -0.3367 -0.6658
vn -0.6534 -0.3824 -0.6534
vn -0.6393 -0.4273 -0.6393
vn -0.6237 -0.4711 -0.6237
vn -0.6067 -0.5138 -0.6067
vn -0.5881 -0.5552 -0.5881
vn -0.5681 -0.5953 -0.5681
vn -0.5468 -0.6340 -0.5468
vn -0.5242 -0.6712 -0.5242
vn -0.5003 -0.7067 -0.5003
vn -0.4752 -0.7406 -0.4752
vn -0.4489 -0.7726 -0.4489
vn -0.4216 -0.8028 -0.4216
vn -0.3932 -0.8311 -0.3932
vn -0.3639 -0.8574 -0.3639
vn -0.3338 -0.8816 -0.3338
vn -0.3028 -0.9037 -0.3028
vn -0.2711 -0.9236 -0.2711
vn -0.2387 -0.9413 -0.2387
vn -0.2058 -0.9567 -0.2058
vn -0.1723 -0.9699 -0.1723
vn -0.1385 -0.9806 -0.1385
vn -0.1043 -0.9891 -0.1043
vn -0.0698 -0.9951 -0.0698
vn -0.0352 -0.9988 -0.0352
vn -0.0316 0.9988 -0.0385
vn -0.0627 0.9951 -0.0764
vn -0.0936 0.9891 -0.1140
vn -0.1242 0.9806 -0.1514
vn -0.1546 0.9699 -0.1884
vn -0.1846 0.9567 -0.2249
vn -0.2142 0.9413 -0.2609
vn -0.2432 0.9236 -0.2963
vn -0.2716 0.9037 -0.3310
vn -0.2994 0.8816 -0.3649
vn -0.3265 0.8574 -0.3978
vn -0.3528 0.8311 -0.4299
vn -0.3782 0.8028 -0.4609
vn -0.4027 0.7726 -0.4907
vn -0.4263 0.7406 -0.5194
vn -0.4488 0.7067 -0.5469
vn -0.4703 0.6712 -0.5730
vn -0.4906 0.6340 -0.5978
vn -0.5097 0.5953 -0.6211
vn -0.5276 0.5552 -0.6429
vn -0.5443 0.5138 -0.6632
vn -0.5596 0.4711 -0.6819
vn -0.5736 0.4273 -0.6989
vn -0.5862 0.3824 -0.7143
vn -0.5974 0.3367 -0.7279
vn -0.6071 0.2901 -0.7398
vn -0.6154 0.2428 -0.7499
vn -0.6222 0.1949 -0.7582
vn -0.6275 0.1466 -0.7647
vn -0.6313 0.0979 -0.7693
vn -0.6336 0.0490 -0.7721
vn -0.6344 -0.0000 -0.7730
vn -0.6336 -0.0490 -0.7721
vn -0.6313 -0.0979 -0.7693
vn -0.6275 -0.1466 -0.7647
vn -0.6222 -0.1949 -0.7582
vn -0.6154 -0.2428 -0.7499
vn -0.6071 -0.2901 -0.7398
vn -0.5974 -0.3367 -0.7279
vn -0.5862 -0.3824 -0.7143
vn -0.5736 -0.4273 -0.6989
vn -0.5596 -0.4711 -0.6819
vn -0.5443 -0.5138 -0.6632
vn -0.5276 -0.5552 -0.6429
vn -0.5097 -0.5953 -0.6211
vn -0.4906 -0.6340 -0.5978
vn -0.4703 -0.6712 -0.5730
vn -0.4488 -0.7067 -0.5469
vn -0.4263 -0.7406 -0.5194
vn -0.4027 -0.7726 -0.4907
vn -0.3782 -0.8028 -0.4609
vn -0.3528 -0.8311 -0.4299
vn -0.3265 -0.8574 -0.3978
vn -0.2994 -0.8816 -0.3649
vn -0.2716 -0.9037 -0.3310
vn -0.2432 -0.9236 -0.2963
vn -0.2142 -0.9413 -0.2609
vn -0.1846 -0.9567 -0.2249
vn -0.1546 -0.9699 -0.1884
vn -0.1242 -0.9806 -0.1514
vn -0.0936 -0.9891 -0.1140
vn -0.0627 -0.9951 -0.0764
vn -0.0316 -0.9988 -0.0385
vn -0.0277 0.9988 -0.0414
vn -0.0549 0.9951 -0.0821
vn -0.0819 0.9891 -0.1226
vn -0.1088 0.9806 -0.1628
vn -0.1354 0.9699 -0.2026
vn -0.1617 0.9567 -0.2419
vn -0.1875 0.9413 -0.2807
vn -0.2130 0.9236 -0.3187
vn -0.2379 0.9037 -0.3560
vn -0.2622 0.8816 -0.3925
vn -0.2859 0.8574 -0.4279
vn -0.3090 0.8311 -0.4624
vn -0.3312 0.8028 -0.4957
vn -0.3527 0.7726 -0.5279
vn -0.3733 0.7406 -0.5587
vn -0.3931 0.7067 -0.5883
vn -0.4118 0.6712 -0.6164
vn -0.4296 0.6340 -0.6430
vn -0.4464 0.5953 -0.6681
vn -0.4621 0.5552 -0.6915
vn -0.4766 0.5138 -0.7133
vn -0.4901 0.4711 -0.7334
vn -0.5023 0.4273 -0.7518
vn -0.5133 0.3824 -0.7683
vn -0.5231 0.3367 -0.7829
vn -0.5317 0.2901 -0.7957
vn -0.5389 0.2428 -0.8066
vn -0.5449 0.1949 -0.8155
vn -0.5496 0.1466 -0.8225
vn -0.5529 0.0979 -0.8275
vn -0.5549 0.0490 -0.8305
vn -0.5556 -0.0000 -0.8315
vn -0.5549 -0.0490 -0.8305
vn -0.5529 -0.0979 -0.8275
vn -0.5496 -0.1466 -0.8225
vn -0.5449 -0.1949 -0.8155
vn -0.5389 -0.2428 -0.8066
vn -0.5317 -0.2901 -0.7957
vn -0.5231 -0.3367 -0.7829
vn -0.5133 -0.3824 -0.7683
vn -0.5023 -0.4273 -0.7518
vn -0.4901 -0.4711 -0.7334
vn -0.4766 -0.5138 -0.7133
vn -0.4621 -0.5552 -0.6915
vn -0.4464 -0.5953 -0.6681
vn -0.4296 -0.6340 -0.6430
vn -0.4118 -0.6712 -0.6164
vn -0.3931 -0.7067 -0.5883
vn -0.3733 -0.7406 -0.5587
vn -0.3527 -0.7726 -0.5279
vn -0.3312 -0.8028 -0.4957
vn -0.3090 -0.8311 -0.4624
vn -0.2859 -0.8574 -0.4279
vn -0.2622 -0.8816 -0.3925
vn -0.2379 -0.9037 -0.3560
vn -0.2130 -0.9236 -0.3187
vn -0.1875 -0.9413 -0.2807
vn -0.1617 -0.9567 -0.2419
vn -0.1354 -0.9699 -0.2026
vn -0.1088 -0.9806 -0.1628
vn -0.0819 -0.9891 -0.1226
vn -0.0549 -0.9951 -0.0821
vn -0.0277 -0.9988 -0.0414
vn -0.0235 0.9988 -0.0439
vn -0.0466 0.9951 -0.0871
vn -0.0695 0.9891 -0.1301
vn -0.0923 0.9806 -0.1727
vn -0.1149 0.9699 -0.2149
vn -0.1372 0.9567 -0.2566
vn -0.1591 0.9413 -0.2977
vn -0.1807 0.9236 -0.3381
vn -0.2018 0.9037 -0.3776
vn -0.2225 0.8816 -0.4163
vn -0.2426 0.8574 -0.4539
vn -0.2621 0.8311 -0.4904
vn -0.2810 0.8028 -0.5258
vn -0.2993 0.7726 -0.5599
vn -0.3168 0.7406 -0.5926
vn -0.3335 0.7067 -0.6240
vn -0.3494 0.6712 -0.6538
vn -0.3645 0.6340 -0.6820
vn -0.3788 0.5953 -0.7086
vn -0.3921 0.5552 -0.7335
vn -0.4044 0.5138 -0.7566
vn -0.4158 0.4711 -0.7779
vn -0.4262 0.4273 -0.7974
vn -0.4356 0.3824 -0.8149
vn -0.4439 0.3367 -0.8304
vn -0.4511 0.2901 -0.8440
vn -0.4573 0.2428 -0.8555
vn -0.4624 0.1949 -0.8650
vn -0.4663 0.1466 -0.8724
vn -0.4691 0.0980 -0.8777
vn -0.4708 0.0490 -0.8809
vn -0.4714 -0.0000 -0.8819
vn -0.4708 -0.0490 -0.8809
vn -0.4691 -0.0980 -0.8777
vn -0.4663 -0.1466 -0.8724
vn -0.4624 -0.1949 -0.8650
vn -0.4573 -0.2428 -0.8555
vn -0.4511 -0.2901 -0.8440
vn -0.4439 -0.3367 -0.8304
vn -0.4356 -0.3824 -0.8149
vn -0.4262 -0.4273 -0.7974
vn -0.4158 -0.4711 -0.7779
vn -0.4044 -0.5138 -0.7566
vn -0.3921 -0.5552 -0.7335
vn -0.3788 -0.5953 -0.7086
vn -0.3645 -0.6340 -0.6820
vn -0.3494 -0.6712 -0.6538
vn -0.3335 -0.7067 -0.6240
vn -0.3168 -0.7406 -0.5926
vn -0.2993 -0.7726 -0.5599
vn -0.2810 -0.8028 -0.5258
vn -0.2621 -0.8311 -0.4904
vn -0.2426 -0.8574 -0.4539
vn -0.2225 -0.8816 -0.4163
vn -0.2018 -0.9037 -0.3776
vn -0.1807 -0.9236 -0.3381
vn -0.1591 -0.9413 -0.2977
vn -0.1372 -0.9567 -0.2566
vn -0.1149 -0.9699 -0.2149
vn -0.0923 -0.9806 -0.1727
vn -0.0695 -0.9891 -0.1301
vn -0.0466 -0.9951 -0.0871
vn -0.0235 -0.9988 -0.0439
vn -0.0191 0.9988 -0.0460
vn -0.0378 0.9951 -0.0913
vn -0.0564 0.9891 -0.1363
vn -0.0749 0.9806 -0.1809
vn -0.0933 0.9699 -0.2251
vn -0.1114 0.9567 -0.2688
vn -0.1292 0.9413 -0.3119
vn -0.1467 0.9236 -0.3542
vn -0.1639 0.9037 -0.3956
vn -0.1806 0.8816 -0.4361
vn -0.1970 0.8574 -0.4755
vn -0.2128 0.8311 -0.5138
vn -0.2282 0.8028 -0.5508
vn -0.2429 0.7726 -0.5865
vn -0.2572 0.7406 -0.6208
vn -0.2707 0.7067 -0.6536
vn -0.2837 0.6712 -0.6849
vn -0.2959 0.6340 -0.7145
vn -0.3075 0.5953 -0.7423
vn -0.3183 0.5552 -0.7684
vn -0.3283 0.5138 -0.7926
vn -0.3376 0.4711 -0.8149
vn -0.3460 0.4273 -0.8353
vn -0.3536 0.3824 -0.8537
vn -0.3603 0.3367 -0.8700
vn -0.3662 0.2901 -0.8842
vn -0.3712 0.2428 -0.8962
vn -0.3753 0.1949 -0.9062
vn -0.3785 0.1466 -0.9139
vn -0.3808 0.0980 -0.9194
vn -0.3822 0.0490 -0.9228
vn -0.3827 -0.0000 -0.9239
vn -0.3822 -0.0490 -0.9228
vn -0.3808 -0.0980 -0.9194
vn -0.3785 -0.1466 -0.9139
vn -0.3753 -0.1949 -0.9062
vn -0.3712 -0.2428 -0.8962
vn -0.3662 -0.2901 -0.8842
vn -0.3603 -0.3367 -0.8700
vn -0.3536 -0.3824 -0.8537
vn -0.3460 -0.4273 -0.8353
vn -0.3376 -0.4711 -0.8149
vn -0.3283 -0.5138 -0.7926
vn -0.3183 -0.5552 -0.7684
vn -0.3075 -0.5953 -0.7423
vn -0.2959 -0.6340 -0.7145
vn -0.2837 -0.6712 -0.6849
vn -0.2707 -0.7067 -0.6536
vn -0.2572 -0.7406 -0.6208
vn -0.2429 -0.7726 -0.5865
vn -0.2282 -0.8028 -0.5508
vn -0.2128 -0.8311 -0.5138
vn -0.1970 -0.8574 -0.4755
vn -0.1806 -0.8816 -0.4361
vn -0.1639 -0.9037 -0.3956
vn -0.1467 -0.9236 -0.3542
vn -0.1292 -0.9413 -0.3119
vn -0.1114 -0.9567 -0.2688
vn -0.0933 -0.9699 -0.2251
vn -0.0749 -0.9806 -0.1809
vn -0.0564 -0.9891 -0.1363
vn -0.0378 -0.9951 -0.0913
vn -0.0191 -0.9988 -0.0460
vn -0.0145 0.9988 -0.0477
vn -0.0287 0.9951 -0.0945
vn -0.0428 0.9891 -0.1411
vn -0.0568 0.9806 -0.1874
vn -0.0707 0.9699 -0.2332
vn -0.0845 0.9567 -0.2785
vn -0.0980 0.9413 -0.3230
vn -0.1113 0.9236 -0.3668
vn -0.1243 0.9037 -0.4097
vn -0.1370 0.8816 -0.4517
vn -0.1494 0.8574 -0.4925
vn -0.1614 0.8311 -0.5322
vn -0.1731 0.8028 -0.5705
vn -0.1843 0.7726 -0.6075
vn -0.1951 0.7406 -0.6430
vn -0.2054 0.7067 -0.6770
vn -0.2152 0.6712 -0.7094
vn -0.2245 0.6340 -0.7400
vn -0.2332 0.5953 -0.7689
vn -0.2414 0.5552 -0.7959
vn -0.2490 0.5138 -0.8210
vn -0.2561 0.4711 -0.8441
vn -0.2625 0.4273 -0.8652
vn -0.2682 0.3824 -0.8842
vn -0.2733 0.3367 -0.9011
vn -0.2778 0.2901 -0.9158
vn -0.2816 0.2428 -0.9283
vn -0.2847 0.1949 -0.9386
vn -0.2871 0.1466 -0.9466
vn -0.2889 0.0980 -0.9523
vn -0.2899 0.0490 -0.9558
vn -0.2903 -0.0000 -0.9569
vn -0.2899 -0.0490 -0.9558
vn -0.2889 -0.0980 -0.9523
vn -0.2871 -0.1466 -0.9466
vn -0.2847 -0.1949 -0.9386
vn -0.2816 -0.2428 -0.9283
vn -0.2778 -0.2901 -0.9158
vn -0.2733 -0.3367 -0.9011
vn -0.2682 -0.3824 -0.8842
vn -0.2625 -0.4273 -0.8652
vn -0.2561 -0.4711 -0.8441
vn -0.2490 -0.5138 -0.8210
vn -0.2414 -0.5552 -0.7959
vn -0.2332 -0.5953 -0.7689
vn -0.2245 -0.6340 -0.7400
vn -0.2152 -0.6712 -0.7094
vn -0.2054 -0.7067 -0.6770
vn -0.1951 -0.7406 -0.6430
vn -0.1843 -0.7726 -0.6075
vn -0.1731 -0.8028 -0.5705
vn -0.1614 -0.8311 -0.5322
vn -0.1494 -0.8574 -0.4925
vn -0.1370 -0.8816 -0.4517
vn -0.1243 -0.9037 -0.4097
vn -0.1113 -0.9236 -0.3668
vn -0.0980 -0.9413 -0.3230
vn -0.0845 -0.9567 -0.2785
vn -0.0707 -0.9699 -0.2332
vn -0.0568 -0.9806 -0.1874
vn -0.0428 -0.9891 -0.1411
vn -0.0287 -0.9951 -0.0945
vn -0.0145 -0.9988 -0.0477
vn -0.0097 0.9988 -0.0489
vn -0.0193 0.9951 -0.0969
vn -0.0288 0.9891 -0.1446
vn -0.0382 0.9806 -0.1921
vn -0.0475 0.9699 -0.2390
vn -0.0568 0.9567 -0.2854
vn -0.0659 0.9413 -0.3311
vn -0.0748 0.9236 -0.3760
vn -0.0835 0.9037 -0.4200
vn -0.0921 0.8816 -0.4629
vn -0.1004 0.8574 -0.5048
vn -0.1085 0.8311 -0.5454
vn -0.1163 0.8028 -0.5847
vn -0.1239 0.7726 -0.6227
vn -0.1311 0.7406 -0.6591
vn -0.1380 0.7067 -0.6939
vn -0.1446 0.6712 -0.7271
vn -0.1509 0.6340 -0.7585
vn -0.1568 0.5953 -0.7880
vn -0.1623 0.5552 -0.8157
vn -0.1674 0.5138 -0.8414
vn -0.1721 0.4711 -0.8651
vn -0.1764 0.4273 -0.8868
vn -0.1803 0.3824 -0.9062
vn -0.1837 0.3367 -0.9235
vn -0.1867 0.2901 -0.9386
vn -0.1893 0.2428 -0.9514
vn -0.1913 0.1949 -0.9620
vn -0.1930 0.1466 -0.9702
vn -0.1942 0.0980 -0.9761
vn -0.1949 0.0490 -0.9796
vn -0.1951 -0.0000 -0.9808
vn -0.1949 -0.0490 -0.9796
vn -0.1942 -0.0980 -0.9761
vn -0.1930 -0.1466 -0.9702
vn -0.1913 -0.1949 -0.9620
vn -0.1893 -0.2428 -0.9514
vn -0.1867 -0.2901 -0.9386
vn -0.1837 -0.3367 -0.9235
vn -0.1803 -0.3824 -0.9062
vn -0.1764 -0.4273 -0.8868
vn -0.1721 -0.4711 -0.8651
vn -0.1674 -0.5138 -0.8414
vn -0.1623 -0.5552 -0.8157
vn -0.1568 -0.5953 -0.7880
vn -0.1509 -0.6340 -0.7585
vn -0.1446 -0.6712 -0.7271
vn -0.1380 -0.7067 -0.6939
vn -0.1311 -0.7406 -0.6591
vn -0.1239 -0.7726 -0.6227
vn -0.1163 -0.8028 -0.5847
vn -0.1085 -0.8311 -0.5454
vn -0.1004 -0.8574 -0.5048
vn -0.0921 -0.8816 -0.4629
vn -0.0835 -0.9037 -0.4200
vn -0.0748 -0.9236 -0.3760
vn -0.0659 -0.9413 -0.3311
vn -0.0568 -0.9567 -0.2854
vn -0.0475 -0.9699 -0.2390
vn -0.0382 -0.9806 -0.1921
vn -0.0288 -0.9891 -0.1446
vn -0.0193 -0.9951 -0.0969
vn -0.0097 -0.9988 -0.0489
vn -0.0049 0.9988 -0.0496
vn -0.0097 0.9951 -0.0983
vn -0.0145 0.9891 -0.1468
vn -0.0192 0.9806 -0.1949
vn -0.0239 0.9699 -0.2425
vn -0.0285 0.9567 -0.2896
vn -0.0331 0.9413 -0.3359
vn -0.0376 0.9236 -0.3815
vn -0.0420 0.9037 -0.4261
vn -0.0463 0.8816 -0.4697
vn -0.0504 0.8574 -0.5122
vn -0.0545 0.8311 -0.5534
vn -0.0584 0.8028 -0.5933
vn -0.0622 0.7726 -0.6318
vn -0.0659 0.7406 -0.6687
vn -0.0693 0.7067 -0.7041
vn -0.0727 0.6712 -0.7377
vn -0.0758 0.6340 -0.7696
vn -0.0788 0.5953 -0.7996
vn -0.0815 0.5552 -0.8277
vn -0.0841 0.5138 -0.8538
vn -0.0865 0.4711 -0.8778
vn -0.0886 0.4273 -0.8998
vn -0.0906 0.3824 -0.9195
vn -0.0923 0.3367 -0.9371
vn -0.0938 0.2901 -0.9524
vn -0.0951 0.2428 -0.9654
vn -0.0961 0.1949 -0.9761
vn -0.0970 0.1466 -0.9844
vn -0.0975 0.0979 -0.9904
vn -0.0979 0.0490 -0.9940
vn -0.0980 -0.0000 -0.9952
vn -0.0979 -0.0490 -0.9940
vn -0.0975 -0.0979 -0.9904
vn -0.0970 -0.1466 -0.9844
vn -0.0961 -0.1949 -0.9761
vn -0.0951 -0.2428 -0.9654
vn -0.0938 -0.2901 -0.9524
vn -0.0923 -0.3367 -0.9371
vn -0.0906 -0.3824 -0.9195
vn -0.0886 -0.4273 -0.8998
vn -0.0865 -0.4711 -0.8778
vn -0.0841 -0.5138 -0.8538
vn -0.0815 -0.5552 -0.8277
vn -0.0788 -0.5953 -0.7996
vn -0.0758 -0.6340 -0.7696
vn -0.0727 -0.6712 -0.7377
vn -0.0693 -0.7067 -0.7041
vn -0.0659 -0.7406 -0.6687
vn -0.0622 -0.7726 -0.6318
vn -0.0584 -0.8028 -0.5933
vn -0.0545 -0.8311 -0.5534
vn -0.0504 -0.8574 -0.5122
vn -0.0463 -0.8816 -0.4697
vn -0.0420 -0.9037 -0.4261
vn -0.0376 -0.9236 -0.3815
vn -0.0331 -0.9413 -0.3359
vn -0.0285 -0.9567 -0.2896
vn -0.0239 -0.9699 -0.2425
vn -0.0192 -0.9806 -0.1949
vn -0.0145 -0.9891 -0.1468
vn -0.0097 -0.9951 -0.0983
vn -0.0049 -0.9988 -0.0496
vn -0.0000 0.9988 -0.0498
vn -0.0000 0.9951 -0.0988
vn -0.0000 0.9891 -0.1475
vn -0.0000 0.9699 -0.2437
vn -0.0000 0.9413 -0.3376
vn -0.0000 0.9236 -0.3833
vn -0.0000 0.9037 -0.4282
vn -0.0000 0.8816 -0.4720
vn -0.0000 0.8574 -0.5147
vn -0.0000 0.8311 -0.5561
vn -0.0000 0.7726 -0.6349
vn -0.0000 0.6340 -0.7733
vn -0.0000 0.1949 -0.9808
vn -0.0000 -0.0490 -0.9988
vn -0.0000 -0.1949 -0.9808
vn -0.0000 -0.3366 -0.9416
vn -0.0000 -0.6340 -0.7733
vn -0.0000 -0.8311 -0.5561
vn -0.0000 -0.9699 -0.2437
vn -0.0000 -0.9891 -0.1475
vn -0.0000 -0.9951 -0.0988
vn -0.0000 -0.9988 -0.0498
vt 0.750000 0.328125
vt 0.750000 0.343750
vt 0.734375 0.343750
vt 0.734375 0.328125
vt 0.750000 0.734375
vt 0.750000 0.750000
vt 0.734375 0.750000
vt 0.734375 0.734375
vt 0.750000 0.312500
vt 0.734375 0.312500
vt 0.750000 0.718750
vt 0.734375 0.718750
vt 0.750000 0.296875
vt 0.734375 0.296875
vt 0.750000 0.703125
vt 0.734375 0.703125
vt 0.750000 0.281250
vt 0.734375 0.281250
vt 0.750000 0.687500
vt 0.734375 0.687500
vt 0.750000 0.265625
vt 0.734375 0.265625
vt 0.750000 0.671875
vt 0.734375 0.671875
vt 0.750000 0.250000
vt 0.734375 0.250000
vt 0.750000 0.656250
vt 0.734375 0.656250
vt 0.750000 0.234375
vt 0.734375 0.234375
vt 0.750000 0.640625
vt 0.734375 0.640625
vt 0.750000 0.218750
vt 0.734375 0.218750
vt 0.750000 0.625000
vt 0.734375 0.625000
vt 0.750000 0.203125
vt 0.734375 0.203125
vt 0.750000 0.609375
vt 0.734375 0.609375
vt 0.750000 0.187500
vt 0.734375 0.187500
vt 0.750000 0.593750
vt 0.734375 0.593750
vt 0.750000 0.171875
vt 0.734375 0.171875
vt 0.750000 0.578125
vt 0.734375 0.578125
vt 0.750000 0.984375
vt 0.742188 1.000000
vt 0.734375 0.984375
vt 0.750000 0.156250
vt 0.734375 0.156250
vt 0.750000 0.562500
vt 0.734375 0.562500
vt 0.750000 0.968750
vt 0.734375 0.968750
vt 0.750000 0.140625
vt 0.734375 0.140625
vt 0.750000 0.546875
vt 0.734375 0.546875
vt 0.750000 0.953125
vt 0.734375 0.953125
vt 0.750000 0.125000
vt 0.734375 0.125000
vt 0.750000 0.531250
vt 0.734375 0.531250
vt 0.750000 0.937500
vt 0.734375 0.937500
vt 0.750000 0.109375
vt 0.734375 0.109375
vt 0.750000 0.515625
vt 0.734375 0.515625
vt 0.750000 0.921875
vt 0.734375 0.921875
vt 0.750000 0.093750
vt 0.734375 0.093750
vt 0.750000 0.500000
vt 0.734375 0.500000
vt 0.750000 0.906250
vt 0.734375 0.906250
vt 0.750000 0.078125
vt 0.734375 0.078125
vt 0.750000 0.484375
vt 0.734375 0.484375
vt 0.750000 0.890625
vt 0.734375 0.890625
vt 0.750000 0.062500
vt 0.734375 0.062500
vt 0.750000 0.468750
vt 0.734375 0.468750
vt 0.750000 0.875000
vt 0.734375 0.875000
vt 0.750000 0.046875
vt 0.734375 0.046875
vt 0.750000 0.453125
vt 0.734375 0.453125
vt 0.750000 0.859375
vt 0.734375 0.859375
vt 0.750000 0.031250
vt 0.734375 0.031250
vt 0.750000 0.437500
vt 0.734375 0.437500
vt 0.750000 0.843750
vt 0.734375 0.843750
vt 0.750000 0.015625
vt 0.734375 0.015625
vt 0.750000 0.421875
vt 0.734375 0.421875
vt 0.750000 0.828125
vt 0.734375 0.828125
vt 0.742188 0.000000
vt 0.750000 0.406250
vt 0.734375 0.406250
vt 0.750000 0.812500
vt 0.734375 0.812500
vt 0.750000 0.390625
vt 0.734375 0.390625
vt 0.750000 0.796875
vt 0.734375 0.796875
vt 0.750000 0.375000
vt 0.734375 0.375000
vt 0.750000 0.781250
vt 0.734375 0.781250
vt 0.750000 0.359375
vt 0.734375 0.359375
vt 0.750000 0.765625
vt 0.734375 0.765625
vt 0.718750 0.109375
vt 0.718750 0.093750
vt 0.718750 0.515625
vt 0.718750 0.500000
vt 0.718750 0.921875
vt 0.718750 0.906250
vt 0.718750 0.078125
vt 0.718750 0.484375
vt 0.718750 0.890625
vt 0.718750 0.062500
vt 0.718750 0.468750
vt 0.718750 0.875000
vt 0.718750 0.046875
vt 0.718750 0.453125
vt 0.718750 0.859375
vt 0.718750 0.031250
vt 0.718750 0.437500
vt 0.718750 0.843750
vt 0.718750 0.015625
vt 0.718750 0.421875
vt 0.718750 0.828125
vt 0.726562 0.000000
vt 0.718750 0.406250
vt 0.718750 0.812500
vt 0.718750 0.390625
vt 0.718750 0.796875
vt 0.718750 0.375000
vt 0.718750 0.781250
vt 0.718750 0.359375
vt 0.718750 0.765625
vt 0.718750 0.343750
vt 0.718750 0.750000
vt 0.718750 0.328125
vt 0.718750 0.734375
vt 0.718750 0.312500
vt 0.718750 0.718750
vt 0.718750 0.296875
vt 0.718750 0.703125
vt 0.718750 0.281250
vt 0.718750 0.687500
vt 0.718750 0.265625
vt 0.718750 0.671875
vt 0.718750 0.250000
vt 0.718750 0.656250
vt 0.718750 0.234375
vt 0.718750 0.640625
vt 0.718750 0.218750
vt 0.718750 0.625000
vt 0.718750 0.203125
vt 0.718750 0.609375
vt 0.718750 0.187500
vt 0.718750 0.593750
vt 0.718750 0.171875
vt 0.718750 0.578125
vt 0.726562 1.000000
vt 0.718750 0.984375
vt 0.718750 0.156250
vt 0.718750 0.562500
vt 0.718750 0.968750
vt 0.718750 0.140625
vt 0.718750 0.546875
vt 0.718750 0.953125
vt 0.718750 0.125000
vt 0.718750 0.531250
vt 0.718750 0.937500
vt 0.703125 0.078125
vt 0.703125 0.062500
vt 0.703125 0.484375
vt 0.703125 0.468750
vt 0.703125 0.890625
vt 0.703125 0.875000
vt 0.703125 0.046875
vt 0.703125 0.453125
vt 0.703125 0.859375
vt 0.703125 0.031250
vt 0.703125 0.437500
vt 0.703125 0.843750
vt 0.703125 0.015625
vt 0.703125 0.421875
vt 0.703125 0.828125
vt 0.710938 0.000000
vt 0.703125 0.406250
vt 0.703125 0.812500
vt 0.703125 0.390625
vt 0.703125 0.796875
vt 0.703125 0.375000
vt 0.703125 0.781250
vt 0.703125 0.359375
vt 0.703125 0.765625
vt 0.703125 0.343750
vt 0.703125 0.750000
vt 0.703125 0.328125
vt 0.703125 0.734375
vt 0.703125 0.312500
vt 0.703125 0.718750
vt 0.703125 0.296875
vt 0.703125 0.703125
vt 0.703125 0.281250
vt 0.703125 0.687500
vt 0.703125 0.265625
vt 0.703125 0.671875
vt 0.703125 0.250000
vt 0.703125 0.656250
vt 0.703125 0.234375
vt 0.703125 0.640625
vt 0.703125 0.218750
vt 0.703125 0.625000
vt 0.703125 0.203125
vt 0.703125 0.609375
vt 0.703125 0.187500
vt 0.703125 0.593750
vt 0.703125 0.171875
vt 0.703125 0.578125
vt 0.710938 1.000000
vt 0.703125 0.984375
vt 0.703125 0.156250
vt 0.703125 0.562500
vt 0.703125 0.968750
vt 0.703125 0.140625
vt 0.703125 0.546875
vt 0.703125 0.953125
vt 0.703125 0.125000
vt 0.703125 0.531250
vt 0.703125 0.937500
vt 0.703125 0.109375
vt 0.703125 0.515625
vt 0.703125 0.921875
vt 0.703125 0.093750
vt 0.703125 0.500000
vt 0.703125 0.906250
vt 0.687500 0.046875
vt 0.687500 0.031250
vt 0.687500 0.453125
vt 0.687500 0.437500
vt 0.687500 0.859375
vt 0.687500 0.843750
vt 0.687500 0.015625
vt 0.687500 0.421875
vt 0.687500 0.828125
vt 0.695312 0.000000
vt 0.687500 0.406250
vt 0.687500 0.812500
vt 0.687500 0.390625
vt 0.687500 0.796875
vt 0.687500 0.375000
vt 0.687500 0.781250
vt 0.687500 0.359375
vt 0.687500 0.765625
vt 0.687500 0.343750
vt 0.687500 0.750000
vt 0.687500 0.328125
vt 0.687500 0.734375
vt 0.687500 0.312500
vt 0.687500 0.718750
vt 0.687500 0.296875
vt 0.687500 0.703125
vt 0.687500 0.281250
vt 0.687500 0.687500
vt 0.687500 0.265625
vt 0.687500 0.671875
vt 0.687500 0.250000
vt 0.687500 0.656250
vt 0.687500 0.234375
vt 0.687500 0.640625
vt 0.687500 0.218750
vt 0.687500 0.625000
vt 0.687500 0.203125
vt 0.687500 0.609375
vt 0.687500 0.187500
vt 0.687500 0.593750
vt 0.687500 0.171875
vt 0.687500 0.578125
vt 0.695312 1.000000
vt 0.687500 0.984375
vt 0.687500 0.156250
vt 0.687500 0.562500
vt 0.687500 0.968750
vt 0.687500 0.140625
vt 0.687500 0.546875
vt 0.687500 0.953125
vt 0.687500 0.125000
vt 0.687500 0.531250
vt 0.687500 0.937500
vt 0.687500 0.109375
vt 0.687500 0.515625
vt 0.687500 0.921875
vt 0.687500 0.093750
vt 0.687500 0.500000
vt 0.687500 0.906250
vt 0.687500 0.078125
vt 0.687500 0.484375
vt 0.687500 0.890625
vt 0.687500 0.062500
vt 0.687500 0.468750
vt 0.687500 0.875000
vt 0.679688 0.000000
vt 0.671875 0.015625
vt 0.671875 0.421875
vt 0.671875 0.406250
vt 0.671875 0.828125
vt 0.671875 0.812500
vt 0.671875 0.390625
vt 0.671875 0.796875
vt 0.671875 0.375000
vt 0.671875 0.781250
vt 0.671875 0.359375
vt 0.671875 0.765625
vt 0.671875 0.343750
vt 0.671875 0.750000
vt 0.671875 0.328125
vt 0.671875 0.734375
vt 0.671875 0.312500
vt 0.671875 0.718750
vt 0.671875 0.296875
vt 0.671875 0.703125
vt 0.671875 0.281250
vt 0.671875 0.687500
vt 0.671875 0.265625
vt 0.671875 0.671875
vt 0.671875 0.250000
vt 0.671875 0.656250
vt 0.671875 0.234375
vt 0.671875 0.640625
vt 0.671875 0.218750
vt 0.671875 0.625000
vt 0.671875 0.203125
vt 0.671875 0.609375
vt 0.671875 0.187500
vt 0.671875 0.593750
vt 0.671875 0.171875
vt 0.671875 0.578125
vt 0.679688 1.000000
vt 0.671875 0.984375
vt 0.671875 0.156250
vt 0.671875 0.562500
vt 0.671875 0.968750
vt 0.671875 0.140625
vt 0.671875 0.546875
vt 0.671875 0.953125
vt 0.671875 0.125000
vt 0.671875 0.531250
vt 0.671875 0.937500
vt 0.671875 0.109375
vt 0.671875 0.515625
vt 0.671875 0.921875
vt 0.671875 0.093750
vt 0.671875 0.500000
vt 0.671875 0.906250
vt 0.671875 0.078125
vt 0.671875 0.484375
vt 0.671875 0.890625
vt 0.671875 0.062500
vt 0.671875 0.468750
vt 0.671875 0.875000
vt 0.671875 0.046875
vt 0.671875 0.453125
vt 0.671875 0.859375
vt 0.671875 0.031250
vt 0.671875 0.437500
vt 0.671875 0.843750
vt 0.656250 0.390625
vt 0.656250 0.375000
vt 0.656250 0.796875
vt 0.656250 0.781250
vt 0.656250 0.359375
vt 0.656250 0.765625
vt 0.656250 0.343750
vt 0.656250 0.750000
vt 0.656250 0.328125
vt 0.656250 0.734375
vt 0.656250 0.312500
vt 0.656250 0.718750
vt 0.656250 0.296875
vt 0.656250 0.703125
vt 0.656250 0.281250
vt 0.656250 0.687500
vt 0.656250 0.265625
vt 0.656250 0.671875
vt 0.656250 0.250000
vt 0.656250 0.656250
vt 0.656250 0.234375
vt 0.656250 0.640625
vt 0.656250 0.218750
vt 0.656250 0.625000
vt 0.656250 0.203125
vt 0.656250 0.609375
vt 0.656250 0.187500
vt 0.656250 0.593750
vt 0.656250 0.171875
vt 0.656250 0.578125
vt 0.664062 1.000000
vt 0.656250 0.984375
vt 0.656250 0.156250
vt 0.656250 0.562500
vt 0.656250 0.968750
vt 0.656250 0.140625
vt 0.656250 0.546875
vt 0.656250 0.953125
vt 0.656250 0.125000
vt 0.656250 0.531250
vt 0.656250 0.937500
vt 0.656250 0.109375
vt 0.656250 0.515625
vt 0.656250 0.921875
vt 0.656250 0.093750
vt 0.656250 0.500000
vt 0.656250 0.906250
vt 0.656250 0.078125
vt 0.656250 0.484375
vt 0.656250 0.890625
vt 0.656250 0.062500
vt 0.656250 0.468750
vt 0.656250 0.875000
vt 0.656250 0.046875
vt 0.656250 0.453125
vt 0.656250 0.859375
vt 0.656250 0.031250
vt 0.656250 0.437500
vt 0.656250 0.843750
vt 0.656250 0.015625
vt 0.656250 0.421875
vt 0.656250 0.828125
vt 0.664062 0.000000
vt 0.656250 0.406250
vt 0.656250 0.812500
vt 0.640625 0.359375
vt 0.640625 0.343750
vt 0.640625 0.765625
vt 0.640625 0.750000
vt 0.640625 0.328125
vt 0.640625 0.734375
vt 0.640625 0.312500
vt 0.640625 0.718750
vt 0.640625 0.296875
vt 0.640625 0.703125
vt 0.640625 0.281250
vt 0.640625 0.687500
vt 0.640625 0.265625
vt 0.640625 0.671875
vt 0.640625 0.250000
vt 0.640625 0.656250
vt 0.640625 0.234375
vt 0.640625 0.640625
vt 0.640625 0.218750
vt 0.640625 0.625000
vt 0.640625 0.203125
vt 0.640625 0.609375
vt 0.640625 0.187500
vt 0.640625 0.593750
vt 0.640625 0.171875
vt 0.640625 0.578125
vt 0.648438 1.000000
vt 0.640625 0.984375
vt 0.640625 0.156250
vt 0.640625 0.562500
vt 0.640625 0.968750
vt 0.640625 0.140625
vt 0.640625 0.546875
vt 0.640625 0.953125
vt 0.640625 0.125000
vt 0.640625 0.531250
vt 0.640625 0.937500
vt 0.640625 0.109375
vt 0.640625 0.515625
vt 0.640625 0.921875
vt 0.640625 0.093750
vt 0.640625 0.500000
vt 0.640625 0.906250
vt 0.640625 0.078125
vt 0.640625 0.484375
vt 0.640625 0.890625
vt 0.640625 0.062500
vt 0.640625 0.468750
vt 0.640625 0.875000
vt 0.640625 0.046875
vt 0.640625 0.453125
vt 0.640625 0.859375
vt 0.640625 0.031250
vt 0.640625 0.437500
vt 0.640625 0.843750
vt 0.640625 0.015625
vt 0.640625 0.421875
vt 0.640625 0.828125
vt 0.648438 0.000000
vt 0.640625 0.406250
vt 0.640625 0.812500
vt 0.640625 0.390625
vt 0.640625 0.796875
vt 0.640625 0.375000
vt 0.640625 0.781250
vt 0.625000 0.328125
vt 0.625000 0.312500
vt 0.625000 0.734375
vt 0.625000 0.718750
vt 0.625000 0.296875
vt 0.625000 0.703125
vt 0.625000 0.281250
vt 0.625000 0.687500
vt 0.625000 0.265625
vt 0.625000 0.671875
vt 0.625000 0.250000
vt 0.625000 0.656250
vt 0.625000 0.234375
vt 0.625000 0.640625
vt 0.625000 0.218750
vt 0.625000 0.625000
vt 0.625000 0.203125
vt 0.625000 0.609375
vt 0.625000 0.187500
vt 0.625000 0.593750
vt 0.625000 0.171875
vt 0.625000 0.578125
vt 0.632812 1.000000
vt 0.625000 0.984375
vt 0.625000 0.156250
vt 0.625000 0.562500
vt 0.625000 0.968750
vt 0.625000 0.140625
vt 0.625000 0.546875
vt 0.625000 0.953125
vt 0.625000 0.125000
vt 0.625000 0.531250
vt 0.625000 0.937500
vt 0.625000 0.109375
vt 0.625000 0.515625
vt 0.625000 0.921875
vt 0.625000 0.093750
vt 0.625000 0.500000
vt 0.625000 0.906250
vt 0.625000 0.078125
vt 0.625000 0.484375
vt 0.625000 0.890625
vt 0.625000 0.062500
vt 0.625000 0.468750
vt 0.625000 0.875000
vt 0.625000 0.046875
vt 0.625000 0.453125
vt 0.625000 0.859375
vt 0.625000 0.031250
vt 0.625000 0.437500
vt 0.625000 0.843750
vt 0.625000 0.015625
vt 0.625000 0.421875
vt 0.625000 0.828125
vt 0.632812 0.000000
vt 0.625000 0.406250
vt 0.625000 0.812500
vt 0.625000 0.390625
vt 0.625000 0.796875
vt 0.625000 0.375000
vt 0.625000 0.781250
vt 0.625000 0.359375
vt 0.625000 0.765625
vt 0.625000 0.343750
vt 0.625000 0.750000
vt 0.609375 0.296875
vt 0.609375 0.281250
vt 0.609375 0.703125
vt 0.609375 0.687500
vt 0.609375 0.265625
vt 0.609375 0.671875
vt 0.609375 0.250000
vt 0.609375 0.656250
vt 0.609375 0.234375
vt 0.609375 0.640625
vt 0.609375 0.218750
vt 0.609375 0.625000
vt 0.609375 0.203125
vt 0.609375 0.609375
vt 0.609375 0.187500
vt 0.609375 0.593750
vt 0.609375 0.171875
vt 0.609375 0.578125
vt 0.617188 1.000000
vt 0.609375 0.984375
vt 0.609375 0.156250
vt 0.609375 0.562500
vt 0.609375 0.968750
vt 0.609375 0.140625
vt 0.609375 0.546875
vt 0.609375 0.953125
vt 0.609375 0.125000
vt 0.609375 0.531250
vt 0.609375 0.937500
vt 0.609375 0.109375
vt 0.609375 0.515625
vt 0.609375 0.921875
vt 0.609375 0.093750
vt 0.609375 0.500000
vt 0.609375 0.906250
vt 0.609375 0.078125
vt 0.609375 0.484375
vt 0.609375 0.890625
vt 0.609375 0.062500
vt 0.609375 0.468750
vt 0.609375 0.875000
vt 0.609375 0.046875
vt 0.609375 0.453125
vt 0.609375 0.859375
vt 0.609375 0.031250
vt 0.609375 0.437500
vt 0.609375 0.843750
vt 0.609375 0.015625
vt 0.609375 0.421875
vt 0.609375 0.828125
vt 0.617188 0.000000
vt 0.609375 0.406250
vt 0.609375 0.812500
vt 0.609375 0.390625
vt 0.609375 0.796875
vt 0.609375 0.375000
vt 0.609375 0.781250
vt 0.609375 0.359375
vt 0.609375 0.765625
vt 0.609375 0.343750
vt 0.609375 0.750000
vt 0.609375 0.328125
vt 0.609375 0.734375
vt 0.609375 0.312500
vt 0.609375 0.718750
vt 0.593750 0.265625
vt 0.593750 0.250000
vt 0.593750 0.671875
vt 0.593750 0.656250
vt 0.593750 0.234375
vt 0.593750 0.640625
vt 0.593750 0.218750
vt 0.593750 0.625000
vt 0.593750 0.203125
vt 0.593750 0.609375
vt 0.593750 0.187500
vt 0.593750 0.593750
vt 0.593750 0.171875
vt 0.593750 0.578125
vt 0.601562 1.000000
vt 0.593750 0.984375
vt 0.593750 0.156250
vt 0.593750 0.562500
vt 0.593750 0.968750
vt 0.593750 0.140625
vt 0.593750 0.546875
vt 0.593750 0.953125
vt 0.593750 0.125000
vt 0.593750 0.531250
vt 0.593750 0.937500
vt 0.593750 0.109375
vt 0.593750 0.515625
vt 0.593750 0.921875
vt 0.593750 0.093750
vt 0.593750 0.500000
vt 0.593750 0.906250
vt 0.593750 0.078125
vt 0.593750 0.484375
vt 0.593750 0.890625
vt 0.593750 0.062500
vt 0.593750 0.468750
vt 0.593750 0.875000
vt 0.593750 0.046875
vt 0.593750 0.453125
vt 0.593750 0.859375
vt 0.593750 0.031250
vt 0.593750 0.437500
vt 0.593750 0.843750
vt 0.593750 0.015625
vt 0.593750 0.421875
vt 0.593750 0.828125
vt 0.601562 0.000000
vt 0.593750 0.406250
vt 0.593750 0.812500
vt 0.593750 0.390625
vt 0.593750 0.796875
vt 0.593750 0.375000
vt 0.593750 0.781250
vt 0.593750 0.359375
vt 0.593750 0.765625
vt 0.593750 0.343750
vt 0.593750 0.750000
vt 0.593750 0.328125
vt 0.593750 0.734375
vt 0.593750 0.312500
vt 0.593750 0.718750
vt 0.593750 0.296875
vt 0.593750 0.703125
vt 0.593750 0.281250
vt 0.593750 0.687500
vt 0.578125 0.234375
vt 0.578125 0.218750
vt 0.578125 0.640625
vt 0.578125 0.625000
vt 0.578125 0.203125
vt 0.578125 0.609375
vt 0.578125 0.187500
vt 0.578125 0.593750
vt 0.578125 0.171875
vt 0.578125 0.578125
vt 0.585938 1.000000
vt 0.578125 0.984375
vt 0.578125 0.156250
vt 0.578125 0.562500
vt 0.578125 0.968750
vt 0.578125 0.140625
vt 0.578125 0.546875
vt 0.578125 0.953125
vt 0.578125 0.125000
vt 0.578125 0.531250
vt 0.578125 0.937500
vt 0.578125 0.109375
vt 0.578125 0.515625
vt 0.578125 0.921875
vt 0.578125 0.093750
vt 0.578125 0.500000
vt 0.578125 0.906250
vt 0.578125 0.078125
vt 0.578125 0.484375
vt 0.578125 0.890625
vt 0.578125 0.062500
vt 0.578125 0.468750
vt 0.578125 0.875000
vt 0.578125 0.046875
vt 0.578125 0.453125
vt 0.578125 0.859375
vt 0.578125 0.031250
vt 0.578125 0.437500
vt 0.578125 0.843750
vt 0.578125 0.015625
vt 0.578125 0.421875
vt 0.578125 0.828125
vt 0.585938 0.000000
vt 0.578125 0.406250
vt 0.578125 0.812500
vt 0.578125 0.390625
vt 0.578125 0.796875
vt 0.578125 0.375000
vt 0.578125 0.781250
vt 0.578125 0.359375
vt 0.578125 0.765625
vt 0.578125 0.343750
vt 0.578125 0.750000
vt 0.578125 0.328125
vt 0.578125 0.734375
vt 0.578125 0.312500
vt 0.578125 0.718750
vt 0.578125 0.296875
vt 0.578125 0.703125
vt 0.578125 0.281250
vt 0.578125 0.687500
vt 0.578125 0.265625
vt 0.578125 0.671875
vt 0.578125 0.250000
vt 0.578125 0.656250
vt 0.562500 0.203125
vt 0.562500 0.187500
vt 0.562500 0.609375
vt 0.562500 0.593750
vt 0.562500 0.171875
vt 0.562500 0.578125
vt 0.570312 1.000000
vt 0.562500 0.984375
vt 0.562500 0.156250
vt 0.562500 0.562500
vt 0.562500 0.968750
vt 0.562500 0.140625
vt 0.562500 0.546875
vt 0.562500 0.953125
vt 0.562500 0.125000
vt 0.562500 0.531250
vt 0.562500 0.937500
vt 0.562500 0.109375
vt 0.562500 0.515625
vt 0.562500 0.921875
vt 0.562500 0.093750
vt 0.562500 0.500000
vt 0.562500 0.906250
vt 0.562500 0.078125
vt 0.562500 0.484375
vt 0.562500 0.890625
vt 0.562500 0.062500
vt 0.562500 0.468750
vt 0.562500 0.875000
vt 0.562500 0.046875
vt 0.562500 0.453125
vt 0.562500 0.859375
vt 0.562500 0.031250
vt 0.562500 0.437500
vt 0.562500 0.843750
vt 0.562500 0.015625
vt 0.562500 0.421875
vt 0.562500 0.828125
vt 0.570312 0.000000
vt 0.562500 0.406250
vt 0.562500 0.812500
vt 0.562500 0.390625
vt 0.562500 0.796875
vt 0.562500 0.375000
vt 0.562500 0.781250
vt 0.562500 0.359375
vt 0.562500 0.765625
vt 0.562500 0.343750
vt 0.562500 0.750000
vt 0.562500 0.328125
vt 0.562500 0.734375
vt 0.562500 0.312500
vt 0.562500 0.718750
vt 0.562500 0.296875
vt 0.562500 0.703125
vt 0.562500 0.281250
vt 0.562500 0.687500
vt 0.562500 0.265625
vt 0.562500 0.671875
vt 0.562500 0.250000
vt 0.562500 0.656250
vt 0.562500 0.234375
vt 0.562500 0.640625
vt 0.562500 0.218750
vt 0.562500 0.625000
vt 0.554688 1.000000
vt 0.546875 0.984375
vt 0.546875 0.171875
vt 0.546875 0.156250
vt 0.546875 0.578125
vt 0.546875 0.562500
vt 0.546875 0.968750
vt 0.546875 0.140625
vt 0.546875 0.546875
vt 0.546875 0.953125
vt 0.546875 0.125000
vt 0.546875 0.531250
vt 0.546875 0.937500
vt 0.546875 0.109375
vt 0.546875 0.515625
vt 0.546875 0.921875
vt 0.546875 0.093750
vt 0.546875 0.500000
vt 0.546875 0.906250
vt 0.546875 0.078125
vt 0.546875 0.484375
vt 0.546875 0.890625
vt 0.546875 0.062500
vt 0.546875 0.468750
vt 0.546875 0.875000
vt 0.546875 0.046875
vt 0.546875 0.453125
vt 0.546875 0.859375
vt 0.546875 0.031250
vt 0.546875 0.437500
vt 0.546875 0.843750
vt 0.546875 0.015625
vt 0.546875 0.421875
vt 0.546875 0.828125
vt 0.554688 0.000000
vt 0.546875 0.406250
vt 0.546875 0.812500
vt 0.546875 0.390625
vt 0.546875 0.796875
vt 0.546875 0.375000
vt 0.546875 0.781250
vt 0.546875 0.359375
vt 0.546875 0.765625
vt 0.546875 0.343750
vt 0.546875 0.750000
vt 0.546875 0.328125
vt 0.546875 0.734375
vt 0.546875 0.312500
vt 0.546875 0.718750
vt 0.546875 0.296875
vt 0.546875 0.703125
vt 0.546875 0.281250
vt 0.546875 0.687500
vt 0.546875 0.265625
vt 0.546875 0.671875
vt 0.546875 0.250000
vt 0.546875 0.656250
vt 0.546875 0.234375
vt 0.546875 0.640625
vt 0.546875 0.218750
vt 0.546875 0.625000
vt 0.546875 0.203125
vt 0.546875 0.609375
vt 0.546875 0.187500
vt 0.546875 0.593750
vt 0.531250 0.968750
vt 0.531250 0.953125
vt 0.531250 0.468750
vt 0.531250 0.453125
vt 0.531250 0.046875
vt 0.531250 0.031250
vt 0.531250 0.937500
vt 0.531250 0.437500
vt 0.531250 0.015625
vt 0.531250 0.921875
vt 0.531250 0.421875
vt 0.539062 0.000000
vt 0.531250 0.906250
vt 0.531250 0.406250
vt 0.531250 0.890625
vt 0.531250 0.390625
vt 0.531250 0.875000
vt 0.531250 0.375000
vt 0.531250 0.859375
vt 0.531250 0.359375
vt 0.531250 0.843750
vt 0.531250 0.343750
vt 0.531250 0.828125
vt 0.531250 0.328125
vt 0.531250 0.812500
vt 0.531250 0.312500
vt 0.531250 0.796875
vt 0.531250 0.296875
vt 0.531250 0.781250
vt 0.531250 0.281250
vt 0.531250 0.265625
vt 0.531250 0.765625
vt 0.531250 0.250000
vt 0.531250 0.750000
vt 0.531250 0.734375
vt 0.531250 0.234375
vt 0.531250 0.718750
vt 0.531250 0.218750
vt 0.531250 0.703125
vt 0.531250 0.203125
vt 0.531250 0.187500
vt 0.531250 0.687500
vt 0.531250 0.171875
vt 0.531250 0.671875
vt 0.531250 0.593750
vt 0.531250 0.578125
vt 0.531250 0.156250
vt 0.531250 0.656250
vt 0.531250 0.562500
vt 0.531250 0.140625
vt 0.531250 0.640625
vt 0.531250 0.546875
vt 0.531250 0.125000
vt 0.531250 0.625000
vt 0.531250 0.531250
vt 0.531250 0.109375
vt 0.531250 0.609375
vt 0.531250 0.515625
vt 0.531250 0.093750
vt 0.531250 0.500000
vt 0.531250 0.078125
vt 0.539062 1.000000
vt 0.531250 0.984375
vt 0.531250 0.484375
vt 0.531250 0.062500
vt 0.515625 0.437500
vt 0.515625 0.421875
vt 0.515625 0.843750
vt 0.515625 0.828125
vt 0.523438 0.000000
vt 0.515625 0.015625
vt 0.515625 0.406250
vt 0.515625 0.812500
vt 0.515625 0.390625
vt 0.515625 0.796875
vt 0.515625 0.375000
vt 0.515625 0.781250
vt 0.515625 0.359375
vt 0.515625 0.765625
vt 0.515625 0.343750
vt 0.515625 0.750000
vt 0.515625 0.328125
vt 0.515625 0.734375
vt 0.515625 0.312500
vt 0.515625 0.718750
vt 0.515625 0.296875
vt 0.515625 0.703125
vt 0.515625 0.281250
vt 0.515625 0.687500
vt 0.515625 0.265625
vt 0.515625 0.671875
vt 0.515625 0.250000
vt 0.515625 0.656250
vt 0.515625 0.234375
vt 0.515625 0.640625
vt 0.515625 0.218750
vt 0.515625 0.625000
vt 0.515625 0.203125
vt 0.515625 0.609375
vt 0.515625 0.187500
vt 0.515625 0.593750
vt 0.515625 0.171875
vt 0.515625 0.578125
vt 0.523438 1.000000
vt 0.515625 0.984375
vt 0.515625 0.156250
vt 0.515625 0.562500
vt 0.515625 0.968750
vt 0.515625 0.140625
vt 0.515625 0.546875
vt 0.515625 0.953125
vt 0.515625 0.125000
vt 0.515625 0.531250
vt 0.515625 0.937500
vt 0.515625 0.109375
vt 0.515625 0.515625
vt 0.515625 0.921875
vt 0.515625 0.093750
vt 0.515625 0.500000
vt 0.515625 0.906250
vt 0.515625 0.078125
vt 0.515625 0.484375
vt 0.515625 0.890625
vt 0.515625 0.062500
vt 0.515625 0.468750
vt 0.515625 0.875000
vt 0.515625 0.046875
vt 0.515625 0.453125
vt 0.515625 0.859375
vt 0.515625 0.031250
vt 0.500000 0.406250
vt 0.500000 0.390625
vt 0.500000 0.812500
vt 0.500000 0.796875
vt 0.500000 0.375000
vt 0.500000 0.781250
vt 0.500000 0.359375
vt 0.500000 0.765625
vt 0.500000 0.343750
vt 0.500000 0.750000
vt 0.500000 0.328125
vt 0.500000 0.734375
vt 0.500000 0.312500
vt 0.500000 0.718750
vt 0.500000 0.296875
vt 0.500000 0.703125
vt 0.500000 0.281250
vt 0.500000 0.687500
vt 0.500000 0.265625
vt 0.500000 0.671875
vt 0.500000 0.250000
vt 0.500000 0.656250
vt 0.500000 0.234375
vt 0.500000 0.640625
vt 0.500000 0.218750
vt 0.500000 0.625000
vt 0.500000 0.203125
vt 0.500000 0.609375
vt 0.500000 0.187500
vt 0.500000 0.593750
vt 0.500000 0.171875
vt 0.500000 0.578125
vt 0.507812 1.000000
vt 0.500000 0.984375
vt 0.500000 0.156250
vt 0.500000 0.562500
vt 0.500000 0.968750
vt 0.500000 0.140625
vt 0.500000 0.546875
vt 0.500000 0.953125
vt 0.500000 0.125000
vt 0.500000 0.531250
vt 0.500000 0.937500
vt 0.500000 0.109375
vt 0.500000 0.515625
vt 0.500000 0.921875
vt 0.500000 0.093750
vt 0.500000 0.500000
vt 0.500000 0.906250
vt 0.500000 0.078125
vt 0.500000 0.484375
vt 0.500000 0.890625
vt 0.500000 0.062500
vt 0.500000 0.468750
vt 0.500000 0.875000
vt 0.500000 0.046875
vt 0.500000 0.453125
vt 0.500000 0.859375
vt 0.500000 0.031250
vt 0.500000 0.437500
vt 0.500000 0.843750
vt 0.500000 0.015625
vt 0.500000 0.421875
vt 0.500000 0.828125
vt 0.507812 0.000000
vt 0.484375 0.375000
vt 0.484375 0.359375
vt 0.484375 0.781250
vt 0.484375 0.765625
vt 0.484375 0.343750
vt 0.484375 0.750000
vt 0.484375 0.328125
vt 0.484375 0.734375
vt 0.484375 0.312500
vt 0.484375 0.718750
vt 0.484375 0.296875
vt 0.484375 0.703125
vt 0.484375 0.281250
vt 0.484375 0.687500
vt 0.484375 0.265625
vt 0.484375 0.671875
vt 0.484375 0.250000
vt 0.484375 0.656250
vt 0.484375 0.234375
vt 0.484375 0.640625
vt 0.484375 0.218750
vt 0.484375 0.625000
vt 0.484375 0.203125
vt 0.484375 0.609375
vt 0.484375 0.187500
vt 0.484375 0.593750
vt 0.484375 0.171875
vt 0.484375 0.578125
vt 0.492188 1.000000
vt 0.484375 0.984375
vt 0.484375 0.156250
vt 0.484375 0.562500
vt 0.484375 0.968750
vt 0.484375 0.140625
vt 0.484375 0.546875
vt 0.484375 0.953125
vt 0.484375 0.125000
vt 0.484375 0.531250
vt 0.484375 0.937500
vt 0.484375 0.109375
vt 0.484375 0.515625
vt 0.484375 0.921875
vt 0.484375 0.093750
vt 0.484375 0.500000
vt 0.484375 0.906250
vt 0.484375 0.078125
vt 0.484375 0.484375
vt 0.484375 0.890625
vt 0.484375 0.062500
vt 0.484375 0.468750
vt 0.484375 0.875000
vt 0.484375 0.046875
vt 0.484375 0.453125
vt 0.484375 0.859375
vt 0.484375 0.031250
vt 0.484375 0.437500
vt 0.484375 0.843750
vt 0.484375 0.015625
vt 0.484375 0.421875
vt 0.484375 0.828125
vt 0.492188 0.000000
vt 0.484375 0.406250
vt 0.484375 0.812500
vt 0.484375 0.390625
vt 0.484375 0.796875
vt 0.468750 0.343750
vt 0.468750 0.328125
vt 0.468750 0.750000
vt 0.468750 0.734375
vt 0.468750 0.312500
vt 0.468750 0.718750
vt 0.468750 0.296875
vt 0.468750 0.703125
vt 0.468750 0.281250
vt 0.468750 0.687500
vt 0.468750 0.265625
vt 0.468750 0.671875
vt 0.468750 0.250000
vt 0.468750 0.656250
vt 0.468750 0.234375
vt 0.468750 0.640625
vt 0.468750 0.218750
vt 0.468750 0.625000
vt 0.468750 0.203125
vt 0.468750 0.609375
vt 0.468750 0.187500
vt 0.468750 0.593750
vt 0.468750 0.171875
vt 0.468750 0.578125
vt 0.476562 1.000000
vt 0.468750 0.984375
vt 0.468750 0.156250
vt 0.468750 0.562500
vt 0.468750 0.968750
vt 0.468750 0.140625
vt 0.468750 0.546875
vt 0.468750 0.953125
vt 0.468750 0.125000
vt 0.468750 0.531250
vt 0.468750 0.937500
vt 0.468750 0.109375
vt 0.468750 0.515625
vt 0.468750 0.921875
vt 0.468750 0.093750
vt 0.468750 0.500000
vt 0.468750 0.906250
vt 0.468750 0.078125
vt 0.468750 0.484375
vt 0.468750 0.890625
vt 0.468750 0.062500
vt 0.468750 0.468750
vt 0.468750 0.875000
vt 0.468750 0.046875
vt 0.468750 0.453125
vt 0.468750 0.859375
vt 0.468750 0.031250
vt 0.468750 0.437500
vt 0.468750 0.843750
vt 0.468750 0.015625
vt 0.468750 0.421875
vt 0.468750 0.828125
vt 0.476562 0.000000
vt 0.468750 0.406250
vt 0.468750 0.812500
vt 0.468750 0.390625
vt 0.468750 0.796875
vt 0.468750 0.375000
vt 0.468750 0.781250
vt 0.468750 0.359375
vt 0.468750 0.765625
vt 0.453125 0.312500
vt 0.453125 0.296875
vt 0.453125 0.718750
vt 0.453125 0.703125
vt 0.453125 0.281250
vt 0.453125 0.687500
vt 0.453125 0.265625
vt 0.453125 0.671875
vt 0.453125 0.250000
vt 0.453125 0.656250
vt 0.453125 0.234375
vt 0.453125 0.640625
vt 0.453125 0.218750
vt 0.453125 0.625000
vt 0.453125 0.203125
vt 0.453125 0.609375
vt 0.453125 0.187500
vt 0.453125 0.593750
vt 0.453125 0.171875
vt 0.453125 0.578125
vt 0.460938 1.000000
vt 0.453125 0.984375
vt 0.453125 0.156250
vt 0.453125 0.562500
vt 0.453125 0.968750
vt 0.453125 0.140625
vt 0.453125 0.546875
vt 0.453125 0.953125
vt 0.453125 0.125000
vt 0.453125 0.531250
vt 0.453125 0.937500
vt 0.453125 0.109375
vt 0.453125 0.515625
vt 0.453125 0.921875
vt 0.453125 0.093750
vt 0.453125 0.500000
vt 0.453125 0.906250
vt 0.453125 0.078125
vt 0.453125 0.484375
vt 0.453125 0.890625
vt 0.453125 0.062500
vt 0.453125 0.468750
vt 0.453125 0.875000
vt 0.453125 0.046875
vt 0.453125 0.453125
vt 0.453125 0.859375
vt 0.453125 0.031250
vt 0.453125 0.437500
vt 0.453125 0.843750
vt 0.453125 0.015625
vt 0.453125 0.421875
vt 0.453125 0.828125
vt 0.460938 0.000000
vt 0.453125 0.406250
vt 0.453125 0.812500
vt 0.453125 0.390625
vt 0.453125 0.796875
vt 0.453125 0.375000
vt 0.453125 0.781250
vt 0.453125 0.359375
vt 0.453125 0.765625
vt 0.453125 0.343750
vt 0.453125 0.750000
vt 0.453125 0.328125
vt 0.453125 0.734375
vt 0.437500 0.281250
vt 0.437500 0.265625
vt 0.437500 0.687500
vt 0.437500 0.671875
vt 0.437500 0.250000
vt 0.437500 0.656250
vt 0.437500 0.234375
vt 0.437500 0.640625
vt 0.437500 0.218750
vt 0.437500 0.625000
vt 0.437500 0.203125
vt 0.437500 0.609375
vt 0.437500 0.187500
vt 0.437500 0.593750
vt 0.437500 0.171875
vt 0.437500 0.578125
vt 0.445312 1.000000
vt 0.437500 0.984375
vt 0.437500 0.156250
vt 0.437500 0.562500
vt 0.437500 0.968750
vt 0.437500 0.140625
vt 0.437500 0.546875
vt 0.437500 0.953125
vt 0.437500 0.125000
vt 0.437500 0.531250
vt 0.437500 0.937500
vt 0.437500 0.109375
vt 0.437500 0.515625
vt 0.437500 0.921875
vt 0.437500 0.093750
vt 0.437500 0.500000
vt 0.437500 0.906250
vt 0.437500 0.078125
vt 0.437500 0.484375
vt 0.437500 0.890625
vt 0.437500 0.062500
vt 0.437500 0.468750
vt 0.437500 0.875000
vt 0.437500 0.046875
vt 0.437500 0.453125
vt 0.437500 0.859375
vt 0.437500 0.031250
vt 0.437500 0.437500
vt 0.437500 0.843750
vt 0.437500 0.015625
vt 0.437500 0.421875
vt 0.437500 0.828125
vt 0.445312 0.000000
vt 0.437500 0.406250
vt 0.437500 0.812500
vt 0.437500 0.390625
vt 0.437500 0.796875
vt 0.437500 0.375000
vt 0.437500 0.781250
vt 0.437500 0.359375
vt 0.437500 0.765625
vt 0.437500 0.343750
vt 0.437500 0.750000
vt 0.437500 0.328125
vt 0.437500 0.734375
vt 0.437500 0.312500
vt 0.437500 0.718750
vt 0.437500 0.296875
vt 0.437500 0.703125
vt 0.421875 0.250000
vt 0.421875 0.234375
vt 0.421875 0.656250
vt 0.421875 0.640625
vt 0.421875 0.218750
vt 0.421875 0.625000
vt 0.421875 0.203125
vt 0.421875 0.609375
vt 0.421875 0.187500
vt 0.421875 0.593750
vt 0.421875 0.171875
vt 0.421875 0.578125
vt 0.429688 1.000000
vt 0.421875 0.984375
vt 0.421875 0.156250
vt 0.421875 0.562500
vt 0.421875 0.968750
vt 0.421875 0.140625
vt 0.421875 0.546875
vt 0.421875 0.953125
vt 0.421875 0.125000
vt 0.421875 0.531250
vt 0.421875 0.937500
vt 0.421875 0.109375
vt 0.421875 0.515625
vt 0.421875 0.921875
vt 0.421875 0.093750
vt 0.421875 0.500000
vt 0.421875 0.906250
vt 0.421875 0.078125
vt 0.421875 0.484375
vt 0.421875 0.890625
vt 0.421875 0.062500
vt 0.421875 0.468750
vt 0.421875 0.875000
vt 0.421875 0.046875
vt 0.421875 0.453125
vt 0.421875 0.859375
vt 0.421875 0.031250
vt 0.421875 0.437500
vt 0.421875 0.843750
vt 0.421875 0.015625
vt 0.421875 0.421875
vt 0.421875 0.828125
vt 0.429688 0.000000
vt 0.421875 0.406250
vt 0.421875 0.812500
vt 0.421875 0.390625
vt 0.421875 0.796875
vt 0.421875 0.375000
vt 0.421875 0.781250
vt 0.421875 0.359375
vt 0.421875 0.765625
vt 0.421875 0.343750
vt 0.421875 0.750000
vt 0.421875 0.328125
vt 0.421875 0.734375
vt 0.421875 0.312500
vt 0.421875 0.718750
vt 0.421875 0.296875
vt 0.421875 0.703125
vt 0.421875 0.281250
vt 0.421875 0.687500
vt 0.421875 0.265625
vt 0.421875 0.671875
vt 0.406250 0.218750
vt 0.406250 0.203125
vt 0.406250 0.625000
vt 0.406250 0.609375
vt 0.406250 0.187500
vt 0.406250 0.593750
vt 0.406250 0.171875
vt 0.406250 0.578125
vt 0.414062 1.000000
vt 0.406250 0.984375
vt 0.406250 0.156250
vt 0.406250 0.562500
vt 0.406250 0.968750
vt 0.406250 0.140625
vt 0.406250 0.546875
vt 0.406250 0.953125
vt 0.406250 0.125000
vt 0.406250 0.531250
vt 0.406250 0.937500
vt 0.406250 0.109375
vt 0.406250 0.515625
vt 0.406250 0.921875
vt 0.406250 0.093750
vt 0.406250 0.500000
vt 0.406250 0.906250
vt 0.406250 0.078125
vt 0.406250 0.484375
vt 0.406250 0.890625
vt 0.406250 0.062500
vt 0.406250 0.468750
vt 0.406250 0.875000
vt 0.406250 0.046875
vt 0.406250 0.453125
vt 0.406250 0.859375
vt 0.406250 0.031250
vt 0.406250 0.437500
vt 0.406250 0.843750
vt 0.406250 0.015625
vt 0.406250 0.421875
vt 0.406250 0.828125
vt 0.414062 0.000000
vt 0.406250 0.406250
vt 0.406250 0.812500
vt 0.406250 0.390625
vt 0.406250 0.796875
vt 0.406250 0.375000
vt 0.406250 0.781250
vt 0.406250 0.359375
vt 0.406250 0.765625
vt 0.406250 0.343750
vt 0.406250 0.750000
vt 0.406250 0.328125
vt 0.406250 0.734375
vt 0.406250 0.312500
vt 0.406250 0.718750
vt 0.406250 0.296875
vt 0.406250 0.703125
vt 0.406250 0.281250
vt 0.406250 0.687500
vt 0.406250 0.265625
vt 0.406250 0.671875
vt 0.406250 0.250000
vt 0.406250 0.656250
vt 0.406250 0.234375
vt 0.406250 0.640625
vt 0.390625 0.187500
vt 0.390625 0.171875
vt 0.390625 0.593750
vt 0.390625 0.578125
vt 0.398438 1.000000
vt 0.390625 0.984375
vt 0.390625 0.156250
vt 0.390625 0.562500
vt 0.390625 0.968750
vt 0.390625 0.140625
vt 0.390625 0.546875
vt 0.390625 0.953125
vt 0.390625 0.125000
vt 0.390625 0.531250
vt 0.390625 0.937500
vt 0.390625 0.109375
vt 0.390625 0.515625
vt 0.390625 0.921875
vt 0.390625 0.093750
vt 0.390625 0.500000
vt 0.390625 0.906250
vt 0.390625 0.078125
vt 0.390625 0.484375
vt 0.390625 0.890625
vt 0.390625 0.062500
vt 0.390625 0.468750
vt 0.390625 0.875000
vt 0.390625 0.046875
vt 0.390625 0.453125
vt 0.390625 0.859375
vt 0.390625 0.031250
vt 0.390625 0.437500
vt 0.390625 0.843750
vt 0.390625 0.015625
vt 0.390625 0.421875
vt 0.390625 0.828125
vt 0.398438 0.000000
vt 0.390625 0.406250
vt 0.390625 0.812500
vt 0.390625 0.390625
vt 0.390625 0.796875
vt 0.390625 0.375000
vt 0.390625 0.781250
vt 0.390625 0.359375
vt 0.390625 0.765625
vt 0.390625 0.343750
vt 0.390625 0.750000
vt 0.390625 0.328125
vt 0.390625 0.734375
vt 0.390625 0.312500
vt 0.390625 0.718750
vt 0.390625 0.296875
vt 0.390625 0.703125
vt 0.390625 0.281250
vt 0.390625 0.687500
vt 0.390625 0.265625
vt 0.390625 0.671875
vt 0.390625 0.250000
vt 0.390625 0.656250
vt 0.390625 0.234375
vt 0.390625 0.640625
vt 0.390625 0.218750
vt 0.390625 0.625000
vt 0.390625 0.203125
vt 0.390625 0.609375
vt 0.375000 0.156250
vt 0.375000 0.140625
vt 0.375000 0.562500
vt 0.375000 0.546875
vt 0.375000 0.968750
vt 0.375000 0.953125
vt 0.375000 0.125000
vt 0.375000 0.531250
vt 0.375000 0.937500
vt 0.375000 0.109375
vt 0.375000 0.515625
vt 0.375000 0.921875
vt 0.375000 0.093750
vt 0.375000 0.500000
vt 0.375000 0.906250
vt 0.375000 0.078125
vt 0.375000 0.484375
vt 0.375000 0.890625
vt 0.375000 0.062500
vt 0.375000 0.468750
vt 0.375000 0.875000
vt 0.375000 0.046875
vt 0.375000 0.453125
vt 0.375000 0.859375
vt 0.375000 0.031250
vt 0.375000 0.437500
vt 0.375000 0.843750
vt 0.375000 0.015625
vt 0.375000 0.421875
vt 0.375000 0.828125
vt 0.382812 0.000000
vt 0.375000 0.406250
vt 0.375000 0.812500
vt 0.375000 0.390625
vt 0.375000 0.796875
vt 0.375000 0.375000
vt 0.375000 0.781250
vt 0.375000 0.359375
vt 0.375000 0.765625
vt 0.375000 0.343750
vt 0.375000 0.750000
vt 0.375000 0.328125
vt 0.375000 0.734375
vt 0.375000 0.312500
vt 0.375000 0.718750
vt 0.375000 0.296875
vt 0.375000 0.703125
vt 0.375000 0.281250
vt 0.375000 0.687500
vt 0.375000 0.265625
vt 0.375000 0.671875
vt 0.375000 0.250000
vt 0.375000 0.656250
vt 0.375000 0.234375
vt 0.375000 0.640625
vt 0.375000 0.218750
vt 0.375000 0.625000
vt 0.375000 0.203125
vt 0.375000 0.609375
vt 0.375000 0.187500
vt 0.375000 0.593750
vt 0.375000 0.171875
vt 0.375000 0.578125
vt 0.382812 1.000000
vt 0.375000 0.984375
vt 0.359375 0.125000
vt 0.359375 0.109375
vt 0.359375 0.531250
vt 0.359375 0.515625
vt 0.359375 0.937500
vt 0.359375 0.921875
vt 0.359375 0.093750
vt 0.359375 0.500000
vt 0.359375 0.906250
vt 0.359375 0.078125
vt 0.359375 0.484375
vt 0.359375 0.890625
vt 0.359375 0.062500
vt 0.359375 0.468750
vt 0.359375 0.875000
vt 0.359375 0.046875
vt 0.359375 0.453125
vt 0.359375 0.859375
vt 0.359375 0.031250
vt 0.359375 0.437500
vt 0.359375 0.843750
vt 0.359375 0.015625
vt 0.359375 0.421875
vt 0.359375 0.828125
vt 0.367188 0.000000
vt 0.359375 0.406250
vt 0.359375 0.812500
vt 0.359375 0.390625
vt 0.359375 0.796875
vt 0.359375 0.375000
vt 0.359375 0.781250
vt 0.359375 0.359375
vt 0.359375 0.765625
vt 0.359375 0.343750
vt 0.359375 0.750000
vt 0.359375 0.328125
vt 0.359375 0.734375
vt 0.359375 0.312500
vt 0.359375 0.718750
vt 0.359375 0.296875
vt 0.359375 0.703125
vt 0.359375 0.281250
vt 0.359375 0.687500
vt 0.359375 0.265625
vt 0.359375 0.671875
vt 0.359375 0.250000
vt 0.359375 0.656250
vt 0.359375 0.234375
vt 0.359375 0.640625
vt 0.359375 0.218750
vt 0.359375 0.625000
vt 0.359375 0.203125
vt 0.359375 0.609375
vt 0.359375 0.187500
vt 0.359375 0.593750
vt 0.359375 0.171875
vt 0.359375 0.578125
vt 0.367188 1.000000
vt 0.359375 0.984375
vt 0.359375 0.156250
vt 0.359375 0.562500
vt 0.359375 0.968750
vt 0.359375 0.140625
vt 0.359375 0.546875
vt 0.359375 0.953125
vt 0.343750 0.093750
vt 0.343750 0.078125
vt 0.343750 0.500000
vt 0.343750 0.484375
vt 0.343750 0.906250
vt 0.343750 0.890625
vt 0.343750 0.062500
vt 0.343750 0.468750
vt 0.343750 0.875000
vt 0.343750 0.046875
vt 0.343750 0.453125
vt 0.343750 0.859375
vt 0.343750 0.031250
vt 0.343750 0.437500
vt 0.343750 0.843750
vt 0.343750 0.015625
vt 0.343750 0.421875
vt 0.343750 0.828125
vt 0.351562 0.000000
vt 0.343750 0.406250
vt 0.343750 0.812500
vt 0.343750 0.390625
vt 0.343750 0.796875
vt 0.343750 0.375000
vt 0.343750 0.781250
vt 0.343750 0.359375
vt 0.343750 0.765625
vt 0.343750 0.343750
vt 0.343750 0.750000
vt 0.343750 0.328125
vt 0.343750 0.734375
vt 0.343750 0.312500
vt 0.343750 0.718750
vt 0.343750 0.296875
vt 0.343750 0.703125
vt 0.343750 0.281250
vt 0.343750 0.687500
vt 0.343750 0.265625
vt 0.343750 0.671875
vt 0.343750 0.250000
vt 0.343750 0.656250
vt 0.343750 0.234375
vt 0.343750 0.640625
vt 0.343750 0.218750
vt 0.343750 0.625000
vt 0.343750 0.203125
vt 0.343750 0.609375
vt 0.343750 0.187500
vt 0.343750 0.593750
vt 0.343750 0.171875
vt 0.343750 0.578125
vt 0.351562 1.000000
vt 0.343750 0.984375
vt 0.343750 0.156250
vt 0.343750 0.562500
vt 0.343750 0.968750
vt 0.343750 0.140625
vt 0.343750 0.546875
vt 0.343750 0.953125
vt 0.343750 0.125000
vt 0.343750 0.531250
vt 0.343750 0.937500
vt 0.343750 0.109375
vt 0.343750 0.515625
vt 0.343750 0.921875
vt 0.328125 0.859375
vt 0.328125 0.843750
vt 0.328125 0.031250
vt 0.328125 0.015625
vt 0.328125 0.437500
vt 0.328125 0.421875
vt 0.328125 0.828125
vt 0.335937 0.000000
vt 0.328125 0.406250
vt 0.328125 0.812500
vt 0.328125 0.390625
vt 0.328125 0.796875
vt 0.328125 0.375000
vt 0.328125 0.781250
vt 0.328125 0.359375
vt 0.328125 0.765625
vt 0.328125 0.343750
vt 0.328125 0.750000
vt 0.328125 0.328125
vt 0.328125 0.734375
vt 0.328125 0.312500
vt 0.328125 0.718750
vt 0.328125 0.296875
vt 0.328125 0.703125
vt 0.328125 0.281250
vt 0.328125 0.687500
vt 0.328125 0.265625
vt 0.328125 0.671875
vt 0.328125 0.250000
vt 0.328125 0.656250
vt 0.328125 0.234375
vt 0.328125 0.640625
vt 0.328125 0.218750
vt 0.328125 0.625000
vt 0.328125 0.203125
vt 0.328125 0.609375
vt 0.328125 0.187500
vt 0.328125 0.593750
vt 0.328125 0.171875
vt 0.328125 0.578125
vt 0.335937 1.000000
vt 0.328125 0.984375
vt 0.328125 0.156250
vt 0.328125 0.562500
vt 0.328125 0.968750
vt 0.328125 0.140625
vt 0.328125 0.546875
vt 0.328125 0.953125
vt 0.328125 0.125000
vt 0.328125 0.531250
vt 0.328125 0.937500
vt 0.328125 0.109375
vt 0.328125 0.515625
vt 0.328125 0.921875
vt 0.328125 0.093750
vt 0.328125 0.500000
vt 0.328125 0.906250
vt 0.328125 0.078125
vt 0.328125 0.484375
vt 0.328125 0.890625
vt 0.328125 0.062500
vt 0.328125 0.468750
vt 0.328125 0.875000
vt 0.328125 0.046875
vt 0.328125 0.453125
vt 0.312500 0.828125
vt 0.312500 0.812500
vt 0.312500 0.406250
vt 0.312500 0.390625
vt 0.312500 0.796875
vt 0.312500 0.375000
vt 0.312500 0.781250
vt 0.312500 0.359375
vt 0.312500 0.765625
vt 0.312500 0.343750
vt 0.312500 0.750000
vt 0.312500 0.328125
vt 0.312500 0.734375
vt 0.312500 0.312500
vt 0.312500 0.718750
vt 0.312500 0.296875
vt 0.312500 0.703125
vt 0.312500 0.281250
vt 0.312500 0.687500
vt 0.312500 0.265625
vt 0.312500 0.671875
vt 0.312500 0.250000
vt 0.312500 0.656250
vt 0.312500 0.234375
vt 0.312500 0.640625
vt 0.312500 0.218750
vt 0.312500 0.625000
vt 0.312500 0.203125
vt 0.312500 0.609375
vt 0.312500 0.187500
vt 0.312500 0.593750
vt 0.312500 0.171875
vt 0.312500 0.578125
vt 0.320312 1.000000
vt 0.312500 0.984375
vt 0.312500 0.156250
vt 0.312500 0.562500
vt 0.312500 0.968750
vt 0.312500 0.140625
vt 0.312500 0.546875
vt 0.312500 0.953125
vt 0.312500 0.125000
vt 0.312500 0.531250
vt 0.312500 0.937500
vt 0.312500 0.109375
vt 0.312500 0.515625
vt 0.312500 0.921875
vt 0.312500 0.093750
vt 0.312500 0.500000
vt 0.312500 0.906250
vt 0.312500 0.078125
vt 0.312500 0.484375
vt 0.312500 0.890625
vt 0.312500 0.062500
vt 0.312500 0.468750
vt 0.312500 0.875000
vt 0.312500 0.046875
vt 0.312500 0.453125
vt 0.312500 0.859375
vt 0.312500 0.031250
vt 0.312500 0.437500
vt 0.312500 0.843750
vt 0.312500 0.015625
vt 0.312500 0.421875
vt 0.320312 0.000000
vt 0.296875 0.796875
vt 0.296875 0.781250
vt 0.296875 0.375000
vt 0.296875 0.359375
vt 0.296875 0.765625
vt 0.296875 0.343750
vt 0.296875 0.750000
vt 0.296875 0.328125
vt 0.296875 0.734375
vt 0.296875 0.312500
vt 0.296875 0.718750
vt 0.296875 0.296875
vt 0.296875 0.703125
vt 0.296875 0.281250
vt 0.296875 0.687500
vt 0.296875 0.265625
vt 0.296875 0.671875
vt 0.296875 0.250000
vt 0.296875 0.656250
vt 0.296875 0.234375
vt 0.296875 0.640625
vt 0.296875 0.218750
vt 0.296875 0.625000
vt 0.296875 0.203125
vt 0.296875 0.609375
vt 0.296875 0.187500
vt 0.296875 0.593750
vt 0.296875 0.171875
vt 0.296875 0.578125
vt 0.304688 1.000000
vt 0.296875 0.984375
vt 0.296875 0.156250
vt 0.296875 0.562500
vt 0.296875 0.968750
vt 0.296875 0.140625
vt 0.296875 0.546875
vt 0.296875 0.953125
vt 0.296875 0.125000
vt 0.296875 0.531250
vt 0.296875 0.937500
vt 0.296875 0.109375
vt 0.296875 0.515625
vt 0.296875 0.921875
vt 0.296875 0.093750
vt 0.296875 0.500000
vt 0.296875 0.906250
vt 0.296875 0.078125
vt 0.296875 0.484375
vt 0.296875 0.890625
vt 0.296875 0.062500
vt 0.296875 0.468750
vt 0.296875 0.875000
vt 0.296875 0.046875
vt 0.296875 0.453125
vt 0.296875 0.859375
vt 0.296875 0.031250
vt 0.296875 0.437500
vt 0.296875 0.843750
vt 0.296875 0.015625
vt 0.296875 0.421875
vt 0.296875 0.828125
vt 0.304688 0.000000
vt 0.296875 0.406250
vt 0.296875 0.812500
vt 0.296875 0.390625
vt 0.281250 0.765625
vt 0.281250 0.750000
vt 0.281250 0.343750
vt 0.281250 0.328125
vt 0.281250 0.734375
vt 0.281250 0.312500
vt 0.281250 0.718750
vt 0.281250 0.296875
vt 0.281250 0.703125
vt 0.281250 0.281250
vt 0.281250 0.687500
vt 0.281250 0.265625
vt 0.281250 0.671875
vt 0.281250 0.250000
vt 0.281250 0.656250
vt 0.281250 0.234375
vt 0.281250 0.640625
vt 0.281250 0.218750
vt 0.281250 0.625000
vt 0.281250 0.203125
vt 0.281250 0.609375
vt 0.281250 0.187500
vt 0.281250 0.593750
vt 0.281250 0.171875
vt 0.281250 0.578125
vt 0.289062 1.000000
vt 0.281250 0.984375
vt 0.281250 0.156250
vt 0.281250 0.562500
vt 0.281250 0.968750
vt 0.281250 0.140625
vt 0.281250 0.546875
vt 0.281250 0.953125
vt 0.281250 0.125000
vt 0.281250 0.531250
vt 0.281250 0.937500
vt 0.281250 0.109375
vt 0.281250 0.515625
vt 0.281250 0.921875
vt 0.281250 0.093750
vt 0.281250 0.500000
vt 0.281250 0.906250
vt 0.281250 0.078125
vt 0.281250 0.484375
vt 0.281250 0.890625
vt 0.281250 0.062500
vt 0.281250 0.468750
vt 0.281250 0.875000
vt 0.281250 0.046875
vt 0.281250 0.453125
vt 0.281250 0.859375
vt 0.281250 0.031250
vt 0.281250 0.437500
vt 0.281250 0.843750
vt 0.281250 0.015625
vt 0.281250 0.421875
vt 0.281250 0.828125
vt 0.289062 0.000000
vt 0.281250 0.406250
vt 0.281250 0.812500
vt 0.281250 0.390625
vt 0.281250 0.796875
vt 0.281250 0.375000
vt 0.281250 0.781250
vt 0.281250 0.359375
vt 0.265625 0.734375
vt 0.265625 0.718750
vt 0.265625 0.312500
vt 0.265625 0.296875
vt 0.265625 0.703125
vt 0.265625 0.281250
vt 0.265625 0.687500
vt 0.265625 0.265625
vt 0.265625 0.671875
vt 0.265625 0.250000
vt 0.265625 0.656250
vt 0.265625 0.234375
vt 0.265625 0.640625
vt 0.265625 0.218750
vt 0.265625 0.625000
vt 0.265625 0.203125
vt 0.265625 0.609375
vt 0.265625 0.187500
vt 0.265625 0.593750
vt 0.265625 0.171875
vt 0.265625 0.578125
vt 0.273438 1.000000
vt 0.265625 0.984375
vt 0.265625 0.156250
vt 0.265625 0.562500
vt 0.265625 0.968750
vt 0.265625 0.140625
vt 0.265625 0.546875
vt 0.265625 0.953125
vt 0.265625 0.125000
vt 0.265625 0.531250
vt 0.265625 0.937500
vt 0.265625 0.109375
vt 0.265625 0.515625
vt 0.265625 0.921875
vt 0.265625 0.093750
vt 0.265625 0.500000
vt 0.265625 0.906250
vt 0.265625 0.078125
vt 0.265625 0.484375
vt 0.265625 0.890625
vt 0.265625 0.062500
vt 0.265625 0.468750
vt 0.265625 0.875000
vt 0.265625 0.046875
vt 0.265625 0.453125
vt 0.265625 0.859375
vt 0.265625 0.031250
vt 0.265625 0.437500
vt 0.265625 0.843750
vt 0.265625 0.015625
vt 0.265625 0.421875
vt 0.265625 0.828125
vt 0.273438 0.000000
vt 0.265625 0.406250
vt 0.265625 0.812500
vt 0.265625 0.390625
vt 0.265625 0.796875
vt 0.265625 0.375000
vt 0.265625 0.781250
vt 0.265625 0.359375
vt 0.265625 0.765625
vt 0.265625 0.343750
vt 0.265625 0.750000
vt 0.265625 0.328125
vt 0.250000 0.703125
vt 0.250000 0.687500
vt 0.250000 0.281250
vt 0.250000 0.265625
vt 0.250000 0.671875
vt 0.250000 0.250000
vt 0.250000 0.656250
vt 0.250000 0.234375
vt 0.250000 0.640625
vt 0.250000 0.218750
vt 0.250000 0.625000
vt 0.250000 0.203125
vt 0.250000 0.609375
vt 0.250000 0.187500
vt 0.250000 0.593750
vt 0.250000 0.171875
vt 0.250000 0.578125
vt 0.257812 1.000000
vt 0.250000 0.984375
vt 0.250000 0.156250
vt 0.250000 0.562500
vt 0.250000 0.968750
vt 0.250000 0.140625
vt 0.250000 0.546875
vt 0.250000 0.953125
vt 0.250000 0.125000
vt 0.250000 0.531250
vt 0.250000 0.937500
vt 0.250000 0.109375
vt 0.250000 0.515625
vt 0.250000 0.921875
vt 0.250000 0.093750
vt 0.250000 0.500000
vt 0.250000 0.906250
vt 0.250000 0.078125
vt 0.250000 0.484375
vt 0.250000 0.890625
vt 0.250000 0.062500
vt 0.250000 0.468750
vt 0.250000 0.875000
vt 0.250000 0.046875
vt 0.250000 0.453125
vt 0.250000 0.859375
vt 0.250000 0.031250
vt 0.250000 0.437500
vt 0.250000 0.843750
vt 0.250000 0.015625
vt 0.250000 0.421875
vt 0.250000 0.828125
vt 0.257812 0.000000
vt 0.250000 0.406250
vt 0.250000 0.812500
vt 0.250000 0.390625
vt 0.250000 0.796875
vt 0.250000 0.375000
vt 0.250000 0.781250
vt 0.250000 0.359375
vt 0.250000 0.765625
vt 0.250000 0.343750
vt 0.250000 0.750000
vt 0.250000 0.328125
vt 0.250000 0.734375
vt 0.250000 0.312500
vt 0.250000 0.718750
vt 0.250000 0.296875
vt 0.234375 0.671875
vt 0.234375 0.656250
vt 0.234375 0.250000
vt 0.234375 0.234375
vt 0.234375 0.640625
vt 0.234375 0.218750
vt 0.234375 0.625000
vt 0.234375 0.203125
vt 0.234375 0.609375
vt 0.234375 0.187500
vt 0.234375 0.593750
vt 0.234375 0.171875
vt 0.234375 0.578125
vt 0.242187 1.000000
vt 0.234375 0.984375
vt 0.234375 0.156250
vt 0.234375 0.562500
vt 0.234375 0.968750
vt 0.234375 0.140625
vt 0.234375 0.546875
vt 0.234375 0.953125
vt 0.234375 0.125000
vt 0.234375 0.531250
vt 0.234375 0.937500
vt 0.234375 0.109375
vt 0.234375 0.515625
vt 0.234375 0.921875
vt 0.234375 0.093750
vt 0.234375 0.500000
vt 0.234375 0.906250
vt 0.234375 0.078125
vt 0.234375 0.484375
vt 0.234375 0.890625
vt 0.234375 0.062500
vt 0.234375 0.468750
vt 0.234375 0.875000
vt 0.234375 0.046875
vt 0.234375 0.453125
vt 0.234375 0.859375
vt 0.234375 0.031250
vt 0.234375 0.437500
vt 0.234375 0.843750
vt 0.234375 0.015625
vt 0.234375 0.421875
vt 0.234375 0.828125
vt 0.242187 0.000000
vt 0.234375 0.406250
vt 0.234375 0.812500
vt 0.234375 0.390625
vt 0.234375 0.796875
vt 0.234375 0.375000
vt 0.234375 0.781250
vt 0.234375 0.359375
vt 0.234375 0.765625
vt 0.234375 0.343750
vt 0.234375 0.750000
vt 0.234375 0.328125
vt 0.234375 0.734375
vt 0.234375 0.312500
vt 0.234375 0.718750
vt 0.234375 0.296875
vt 0.234375 0.703125
vt 0.234375 0.281250
vt 0.234375 0.687500
vt 0.234375 0.265625
vt 0.218750 0.640625
vt 0.218750 0.625000
vt 0.218750 0.218750
vt 0.218750 0.203125
vt 0.218750 0.609375
vt 0.218750 0.187500
vt 0.218750 0.593750
vt 0.218750 0.171875
vt 0.218750 0.578125
vt 0.226562 1.000000
vt 0.218750 0.984375
vt 0.218750 0.156250
vt 0.218750 0.562500
vt 0.218750 0.968750
vt 0.218750 0.140625
vt 0.218750 0.546875
vt 0.218750 0.953125
vt 0.218750 0.125000
vt 0.218750 0.531250
vt 0.218750 0.937500
vt 0.218750 0.109375
vt 0.218750 0.515625
vt 0.218750 0.921875
vt 0.218750 0.093750
vt 0.218750 0.500000
vt 0.218750 0.906250
vt 0.218750 0.078125
vt 0.218750 0.484375
vt 0.218750 0.890625
vt 0.218750 0.062500
vt 0.218750 0.468750
vt 0.218750 0.875000
vt 0.218750 0.046875
vt 0.218750 0.453125
vt 0.218750 0.859375
vt 0.218750 0.031250
vt 0.218750 0.437500
vt 0.218750 0.843750
vt 0.218750 0.015625
vt 0.218750 0.421875
vt 0.218750 0.828125
vt 0.226562 0.000000
vt 0.218750 0.406250
vt 0.218750 0.812500
vt 0.218750 0.390625
vt 0.218750 0.796875
vt 0.218750 0.375000
vt 0.218750 0.781250
vt 0.218750 0.359375
vt 0.218750 0.765625
vt 0.218750 0.343750
vt 0.218750 0.750000
vt 0.218750 0.328125
vt 0.218750 0.734375
vt 0.218750 0.312500
vt 0.218750 0.718750
vt 0.218750 0.296875
vt 0.218750 0.703125
vt 0.218750 0.281250
vt 0.218750 0.687500
vt 0.218750 0.265625
vt 0.218750 0.671875
vt 0.218750 0.250000
vt 0.218750 0.656250
vt 0.218750 0.234375
vt 0.203125 0.609375
vt 0.203125 0.593750
vt 0.203125 0.187500
vt 0.203125 0.171875
vt 0.203125 0.578125
vt 0.210938 1.000000
vt 0.203125 0.984375
vt 0.203125 0.156250
vt 0.203125 0.562500
vt 0.203125 0.968750
vt 0.203125 0.140625
vt 0.203125 0.546875
vt 0.203125 0.953125
vt 0.203125 0.125000
vt 0.203125 0.531250
vt 0.203125 0.937500
vt 0.203125 0.109375
vt 0.203125 0.515625
vt 0.203125 0.921875
vt 0.203125 0.093750
vt 0.203125 0.500000
vt 0.203125 0.906250
vt 0.203125 0.078125
vt 0.203125 0.484375
vt 0.203125 0.890625
vt 0.203125 0.062500
vt 0.203125 0.468750
vt 0.203125 0.875000
vt 0.203125 0.046875
vt 0.203125 0.453125
vt 0.203125 0.859375
vt 0.203125 0.031250
vt 0.203125 0.437500
vt 0.203125 0.843750
vt 0.203125 0.015625
vt 0.203125 0.421875
vt 0.203125 0.828125
vt 0.210938 0.000000
vt 0.203125 0.406250
vt 0.203125 0.812500
vt 0.203125 0.390625
vt 0.203125 0.796875
vt 0.203125 0.375000
vt 0.203125 0.781250
vt 0.203125 0.359375
vt 0.203125 0.765625
vt 0.203125 0.343750
vt 0.203125 0.750000
vt 0.203125 0.328125
vt 0.203125 0.734375
vt 0.203125 0.312500
vt 0.203125 0.718750
vt 0.203125 0.296875
vt 0.203125 0.703125
vt 0.203125 0.281250
vt 0.203125 0.687500
vt 0.203125 0.265625
vt 0.203125 0.671875
vt 0.203125 0.250000
vt 0.203125 0.656250
vt 0.203125 0.234375
vt 0.203125 0.640625
vt 0.203125 0.218750
vt 0.203125 0.625000
vt 0.203125 0.203125
vt 0.187500 0.578125
vt 0.187500 0.562500
vt 0.187500 0.984375
vt 0.187500 0.968750
vt 0.187500 0.156250
vt 0.187500 0.140625
vt 0.187500 0.546875
vt 0.187500 0.953125
vt 0.187500 0.125000
vt 0.187500 0.531250
vt 0.187500 0.937500
vt 0.187500 0.109375
vt 0.187500 0.515625
vt 0.187500 0.921875
vt 0.187500 0.093750
vt 0.187500 0.500000
vt 0.187500 0.906250
vt 0.187500 0.078125
vt 0.187500 0.484375
vt 0.187500 0.890625
vt 0.187500 0.062500
vt 0.187500 0.468750
vt 0.187500 0.875000
vt 0.187500 0.046875
vt 0.187500 0.453125
vt 0.187500 0.859375
vt 0.187500 0.031250
vt 0.187500 0.437500
vt 0.187500 0.843750
vt 0.187500 0.015625
vt 0.187500 0.421875
vt 0.187500 0.828125
vt 0.195312 0.000000
vt 0.187500 0.406250
vt 0.187500 0.812500
vt 0.187500 0.390625
vt 0.187500 0.796875
vt 0.187500 0.375000
vt 0.187500 0.781250
vt 0.187500 0.359375
vt 0.187500 0.765625
vt 0.187500 0.343750
vt 0.187500 0.750000
vt 0.187500 0.328125
vt 0.187500 0.734375
vt 0.187500 0.312500
vt 0.187500 0.718750
vt 0.187500 0.296875
vt 0.187500 0.703125
vt 0.187500 0.281250
vt 0.187500 0.687500
vt 0.187500 0.265625
vt 0.187500 0.671875
vt 0.187500 0.250000
vt 0.187500 0.656250
vt 0.187500 0.234375
vt 0.187500 0.640625
vt 0.187500 0.218750
vt 0.187500 0.625000
vt 0.187500 0.203125
vt 0.187500 0.609375
vt 0.187500 0.187500
vt 0.187500 0.593750
vt 0.187500 0.171875
vt 0.195312 1.000000
vt 0.171875 0.546875
vt 0.171875 0.531250
vt 0.171875 0.953125
vt 0.171875 0.937500
vt 0.171875 0.125000
vt 0.171875 0.109375
vt 0.171875 0.515625
vt 0.171875 0.921875
vt 0.171875 0.093750
vt 0.171875 0.500000
vt 0.171875 0.906250
vt 0.171875 0.078125
vt 0.171875 0.484375
vt 0.171875 0.890625
vt 0.171875 0.062500
vt 0.171875 0.468750
vt 0.171875 0.875000
vt 0.171875 0.046875
vt 0.171875 0.453125
vt 0.171875 0.859375
vt 0.171875 0.031250
vt 0.171875 0.437500
vt 0.171875 0.843750
vt 0.171875 0.015625
vt 0.171875 0.421875
vt 0.171875 0.828125
vt 0.179687 0.000000
vt 0.171875 0.406250
vt 0.171875 0.812500
vt 0.171875 0.390625
vt 0.171875 0.796875
vt 0.171875 0.375000
vt 0.171875 0.781250
vt 0.171875 0.359375
vt 0.171875 0.765625
vt 0.171875 0.343750
vt 0.171875 0.750000
vt 0.171875 0.328125
vt 0.171875 0.734375
vt 0.171875 0.312500
vt 0.171875 0.718750
vt 0.171875 0.296875
vt 0.171875 0.703125
vt 0.171875 0.281250
vt 0.171875 0.687500
vt 0.171875 0.265625
vt 0.171875 0.671875
vt 0.171875 0.250000
vt 0.171875 0.656250
vt 0.171875 0.234375
vt 0.171875 0.640625
vt 0.171875 0.218750
vt 0.171875 0.625000
vt 0.171875 0.203125
vt 0.171875 0.609375
vt 0.171875 0.187500
vt 0.171875 0.593750
vt 0.171875 0.171875
vt 0.171875 0.578125
vt 0.179687 1.000000
vt 0.171875 0.984375
vt 0.171875 0.156250
vt 0.171875 0.562500
vt 0.171875 0.968750
vt 0.171875 0.140625
vt 0.156250 0.515625
vt 0.156250 0.500000
vt 0.156250 0.921875
vt 0.156250 0.906250
vt 0.156250 0.093750
vt 0.156250 0.078125
vt 0.156250 0.484375
vt 0.156250 0.890625
vt 0.156250 0.062500
vt 0.156250 0.468750
vt 0.156250 0.875000
vt 0.156250 0.046875
vt 0.156250 0.453125
vt 0.156250 0.859375
vt 0.156250 0.031250
vt 0.156250 0.437500
vt 0.156250 0.843750
vt 0.156250 0.015625
vt 0.156250 0.421875
vt 0.156250 0.828125
vt 0.164062 0.000000
vt 0.156250 0.406250
vt 0.156250 0.812500
vt 0.156250 0.390625
vt 0.156250 0.796875
vt 0.156250 0.375000
vt 0.156250 0.781250
vt 0.156250 0.359375
vt 0.156250 0.765625
vt 0.156250 0.343750
vt 0.156250 0.750000
vt 0.156250 0.328125
vt 0.156250 0.734375
vt 0.156250 0.312500
vt 0.156250 0.718750
vt 0.156250 0.296875
vt 0.156250 0.703125
vt 0.156250 0.281250
vt 0.156250 0.687500
vt 0.156250 0.265625
vt 0.156250 0.671875
vt 0.156250 0.250000
vt 0.156250 0.656250
vt 0.156250 0.234375
vt 0.156250 0.640625
vt 0.156250 0.218750
vt 0.156250 0.625000
vt 0.156250 0.203125
vt 0.156250 0.609375
vt 0.156250 0.187500
vt 0.156250 0.593750
vt 0.156250 0.171875
vt 0.156250 0.578125
vt 0.164062 1.000000
vt 0.156250 0.984375
vt 0.156250 0.156250
vt 0.156250 0.562500
vt 0.156250 0.968750
vt 0.156250 0.140625
vt 0.156250 0.546875
vt 0.156250 0.953125
vt 0.156250 0.125000
vt 0.156250 0.531250
vt 0.156250 0.937500
vt 0.156250 0.109375
vt 0.140625 0.484375
vt 0.140625 0.468750
vt 0.140625 0.890625
vt 0.140625 0.875000
vt 0.140625 0.062500
vt 0.140625 0.046875
vt 0.140625 0.453125
vt 0.140625 0.859375
vt 0.140625 0.031250
vt 0.140625 0.437500
vt 0.140625 0.843750
vt 0.140625 0.015625
vt 0.140625 0.421875
vt 0.140625 0.828125
vt 0.148437 0.000000
vt 0.140625 0.406250
vt 0.140625 0.812500
vt 0.140625 0.390625
vt 0.140625 0.796875
vt 0.140625 0.375000
vt 0.140625 0.781250
vt 0.140625 0.359375
vt 0.140625 0.765625
vt 0.140625 0.343750
vt 0.140625 0.750000
vt 0.140625 0.328125
vt 0.140625 0.734375
vt 0.140625 0.312500
vt 0.140625 0.718750
vt 0.140625 0.296875
vt 0.140625 0.703125
vt 0.140625 0.281250
vt 0.140625 0.687500
vt 0.140625 0.265625
vt 0.140625 0.671875
vt 0.140625 0.250000
vt 0.140625 0.656250
vt 0.140625 0.234375
vt 0.140625 0.640625
vt 0.140625 0.218750
vt 0.140625 0.625000
vt 0.140625 0.203125
vt 0.140625 0.609375
vt 0.140625 0.187500
vt 0.140625 0.593750
vt 0.140625 0.171875
vt 0.140625 0.578125
vt 0.148437 1.000000
vt 0.140625 0.984375
vt 0.140625 0.156250
vt 0.140625 0.562500
vt 0.140625 0.968750
vt 0.140625 0.140625
vt 0.140625 0.546875
vt 0.140625 0.953125
vt 0.140625 0.125000
vt 0.140625 0.531250
vt 0.140625 0.937500
vt 0.140625 0.109375
vt 0.140625 0.515625
vt 0.140625 0.921875
vt 0.140625 0.093750
vt 0.140625 0.500000
vt 0.140625 0.906250
vt 0.140625 0.078125
vt 0.125000 0.890625
vt 0.125000 0.875000
vt 0.125000 0.062500
vt 0.125000 0.046875
vt 0.125000 0.468750
vt 0.125000 0.453125
vt 0.125000 0.859375
vt 0.125000 0.031250
vt 0.125000 0.437500
vt 0.125000 0.843750
vt 0.125000 0.015625
vt 0.125000 0.421875
vt 0.125000 0.828125
vt 0.132812 0.000000
vt 0.125000 0.406250
vt 0.125000 0.812500
vt 0.125000 0.390625
vt 0.125000 0.796875
vt 0.125000 0.375000
vt 0.125000 0.781250
vt 0.125000 0.359375
vt 0.125000 0.765625
vt 0.125000 0.343750
vt 0.125000 0.750000
vt 0.125000 0.328125
vt 0.125000 0.734375
vt 0.125000 0.312500
vt 0.125000 0.718750
vt 0.125000 0.296875
vt 0.125000 0.703125
vt 0.125000 0.281250
vt 0.125000 0.687500
vt 0.125000 0.265625
vt 0.125000 0.671875
vt 0.125000 0.250000
vt 0.125000 0.656250
vt 0.125000 0.234375
vt 0.125000 0.640625
vt 0.125000 0.218750
vt 0.125000 0.625000
vt 0.125000 0.203125
vt 0.125000 0.609375
vt 0.125000 0.187500
vt 0.125000 0.593750
vt 0.125000 0.171875
vt 0.125000 0.578125
vt 0.132812 1.000000
vt 0.125000 0.984375
vt 0.125000 0.156250
vt 0.125000 0.562500
vt 0.125000 0.968750
vt 0.125000 0.140625
vt 0.125000 0.546875
vt 0.125000 0.953125
vt 0.125000 0.125000
vt 0.125000 0.531250
vt 0.125000 0.937500
vt 0.125000 0.109375
vt 0.125000 0.515625
vt 0.125000 0.921875
vt 0.125000 0.093750
vt 0.125000 0.500000
vt 0.125000 0.906250
vt 0.125000 0.078125
vt 0.125000 0.484375
vt 0.109375 0.859375
vt 0.109375 0.843750
vt 0.109375 0.031250
vt 0.109375 0.015625
vt 0.109375 0.437500
vt 0.109375 0.421875
vt 0.109375 0.828125
vt 0.117188 0.000000
vt 0.109375 0.406250
vt 0.109375 0.812500
vt 0.109375 0.390625
vt 0.109375 0.796875
vt 0.109375 0.375000
vt 0.109375 0.781250
vt 0.109375 0.359375
vt 0.109375 0.765625
vt 0.109375 0.343750
vt 0.109375 0.750000
vt 0.109375 0.328125
vt 0.109375 0.734375
vt 0.109375 0.312500
vt 0.109375 0.718750
vt 0.109375 0.296875
vt 0.109375 0.703125
vt 0.109375 0.281250
vt 0.109375 0.687500
vt 0.109375 0.265625
vt 0.109375 0.671875
vt 0.109375 0.250000
vt 0.109375 0.656250
vt 0.109375 0.234375
vt 0.109375 0.640625
vt 0.109375 0.218750
vt 0.109375 0.625000
vt 0.109375 0.203125
vt 0.109375 0.609375
vt 0.109375 0.187500
vt 0.109375 0.593750
vt 0.109375 0.171875
vt 0.109375 0.578125
vt 0.117188 1.000000
vt 0.109375 0.984375
vt 0.109375 0.156250
vt 0.109375 0.562500
vt 0.109375 0.968750
vt 0.109375 0.140625
vt 0.109375 0.546875
vt 0.109375 0.953125
vt 0.109375 0.125000
vt 0.109375 0.531250
vt 0.109375 0.937500
vt 0.109375 0.109375
vt 0.109375 0.515625
vt 0.109375 0.921875
vt 0.109375 0.093750
vt 0.109375 0.500000
vt 0.109375 0.906250
vt 0.109375 0.078125
vt 0.109375 0.484375
vt 0.109375 0.890625
vt 0.109375 0.062500
vt 0.109375 0.468750
vt 0.109375 0.875000
vt 0.109375 0.046875
vt 0.109375 0.453125
vt 0.093750 0.828125
vt 0.093750 0.812500
vt 0.093750 0.406250
vt 0.093750 0.390625
vt 0.093750 0.796875
vt 0.093750 0.375000
vt 0.093750 0.781250
vt 0.093750 0.359375
vt 0.093750 0.765625
vt 0.093750 0.343750
vt 0.093750 0.750000
vt 0.093750 0.328125
vt 0.093750 0.734375
vt 0.093750 0.312500
vt 0.093750 0.718750
vt 0.093750 0.296875
vt 0.093750 0.703125
vt 0.093750 0.281250
vt 0.093750 0.687500
vt 0.093750 0.265625
vt 0.093750 0.671875
vt 0.093750 0.250000
vt 0.093750 0.656250
vt 0.093750 0.234375
vt 0.093750 0.640625
vt 0.093750 0.218750
vt 0.093750 0.625000
vt 0.093750 0.203125
vt 0.093750 0.609375
vt 0.093750 0.187500
vt 0.093750 0.593750
vt 0.093750 0.171875
vt 0.093750 0.578125
vt 0.101562 1.000000
vt 0.093750 0.984375
vt 0.093750 0.156250
vt 0.093750 0.562500
vt 0.093750 0.968750
vt 0.093750 0.140625
vt 0.093750 0.546875
vt 0.093750 0.953125
vt 0.093750 0.125000
vt 0.093750 0.531250
vt 0.093750 0.937500
vt 0.093750 0.109375
vt 0.093750 0.515625
vt 0.093750 0.921875
vt 0.093750 0.093750
vt 0.093750 0.500000
vt 0.093750 0.906250
vt 0.093750 0.078125
vt 0.093750 0.484375
vt 0.093750 0.890625
vt 0.093750 0.062500
vt 0.093750 0.468750
vt 0.093750 0.875000
vt 0.093750 0.046875
vt 0.093750 0.453125
vt 0.093750 0.859375
vt 0.093750 0.031250
vt 0.093750 0.437500
vt 0.093750 0.843750
vt 0.093750 0.015625
vt 0.093750 0.421875
vt 0.101562 0.000000
vt 0.078125 0.796875
vt 0.078125 0.781250
vt 0.078125 0.375000
vt 0.078125 0.359375
vt 0.078125 0.765625
vt 0.078125 0.343750
vt 0.078125 0.750000
vt 0.078125 0.328125
vt 0.078125 0.734375
vt 0.078125 0.312500
vt 0.078125 0.718750
vt 0.078125 0.296875
vt 0.078125 0.703125
vt 0.078125 0.281250
vt 0.078125 0.687500
vt 0.078125 0.265625
vt 0.078125 0.671875
vt 0.078125 0.250000
vt 0.078125 0.656250
vt 0.078125 0.234375
vt 0.078125 0.640625
vt 0.078125 0.218750
vt 0.078125 0.625000
vt 0.078125 0.203125
vt 0.078125 0.609375
vt 0.078125 0.187500
vt 0.078125 0.593750
vt 0.078125 0.171875
vt 0.078125 0.578125
vt 0.085937 1.000000
vt 0.078125 0.984375
vt 0.078125 0.156250
vt 0.078125 0.562500
vt 0.078125 0.968750
vt 0.078125 0.140625
vt 0.078125 0.546875
vt 0.078125 0.953125
vt 0.078125 0.125000
vt 0.078125 0.531250
vt 0.078125 0.937500
vt 0.078125 0.109375
vt 0.078125 0.515625
vt 0.078125 0.921875
vt 0.078125 0.093750
vt 0.078125 0.500000
vt 0.078125 0.906250
vt 0.078125 0.078125
vt 0.078125 0.484375
vt 0.078125 0.890625
vt 0.078125 0.062500
vt 0.078125 0.468750
vt 0.078125 0.875000
vt 0.078125 0.046875
vt 0.078125 0.453125
vt 0.078125 0.859375
vt 0.078125 0.031250
vt 0.078125 0.437500
vt 0.078125 0.843750
vt 0.078125 0.015625
vt 0.078125 0.421875
vt 0.078125 0.828125
vt 0.085937 0.000000
vt 0.078125 0.406250
vt 0.078125 0.812500
vt 0.078125 0.390625
vt 0.062500 0.765625
vt 0.062500 0.750000
vt 0.062500 0.343750
vt 0.062500 0.328125
vt 0.062500 0.734375
vt 0.062500 0.312500
vt 0.062500 0.718750
vt 0.062500 0.296875
vt 0.062500 0.703125
vt 0.062500 0.281250
vt 0.062500 0.687500
vt 0.062500 0.265625
vt 0.062500 0.671875
vt 0.062500 0.250000
vt 0.062500 0.656250
vt 0.062500 0.234375
vt 0.062500 0.640625
vt 0.062500 0.218750
vt 0.062500 0.625000
vt 0.062500 0.203125
vt 0.062500 0.609375
vt 0.062500 0.187500
vt 0.062500 0.593750
vt 0.062500 0.171875
vt 0.062500 0.578125
vt 0.070312 1.000000
vt 0.062500 0.984375
vt 0.062500 0.156250
vt 0.062500 0.562500
vt 0.062500 0.968750
vt 0.062500 0.140625
vt 0.062500 0.546875
vt 0.062500 0.953125
vt 0.062500 0.125000
vt 0.062500 0.531250
vt 0.062500 0.937500
vt 0.062500 0.109375
vt 0.062500 0.515625
vt 0.062500 0.921875
vt 0.062500 0.093750
vt 0.062500 0.500000
vt 0.062500 0.906250
vt 0.062500 0.078125
vt 0.062500 0.484375
vt 0.062500 0.890625
vt 0.062500 0.062500
vt 0.062500 0.468750
vt 0.062500 0.875000
vt 0.062500 0.046875
vt 0.062500 0.453125
vt 0.062500 0.859375
vt 0.062500 0.031250
vt 0.062500 0.437500
vt 0.062500 0.843750
vt 0.062500 0.015625
vt 0.062500 0.421875
vt 0.062500 0.828125
vt 0.070312 0.000000
vt 0.062500 0.406250
vt 0.062500 0.812500
vt 0.062500 0.390625
vt 0.062500 0.796875
vt 0.062500 0.375000
vt 0.062500 0.781250
vt 0.062500 0.359375
vt 0.046875 0.734375
vt 0.046875 0.718750
vt 0.046875 0.312500
vt 0.046875 0.296875
vt 0.046875 0.703125
vt 0.046875 0.281250
vt 0.046875 0.687500
vt 0.046875 0.265625
vt 0.046875 0.671875
vt 0.046875 0.250000
vt 0.046875 0.656250
vt 0.046875 0.234375
vt 0.046875 0.640625
vt 0.046875 0.218750
vt 0.046875 0.625000
vt 0.046875 0.203125
vt 0.046875 0.609375
vt 0.046875 0.187500
vt 0.046875 0.593750
vt 0.046875 0.171875
vt 0.046875 0.578125
vt 0.054688 1.000000
vt 0.046875 0.984375
vt 0.046875 0.156250
vt 0.046875 0.562500
vt 0.046875 0.968750
vt 0.046875 0.140625
vt 0.046875 0.546875
vt 0.046875 0.953125
vt 0.046875 0.125000
vt 0.046875 0.531250
vt 0.046875 0.937500
vt 0.046875 0.109375
vt 0.046875 0.515625
vt 0.046875 0.921875
vt 0.046875 0.093750
vt 0.046875 0.500000
vt 0.046875 0.906250
vt 0.046875 0.078125
vt 0.046875 0.484375
vt 0.046875 0.890625
vt 0.046875 0.062500
vt 0.046875 0.468750
vt 0.046875 0.875000
vt 0.046875 0.046875
vt 0.046875 0.453125
vt 0.046875 0.859375
vt 0.046875 0.031250
vt 0.046875 0.437500
vt 0.046875 0.843750
vt 0.046875 0.015625
vt 0.046875 0.421875
vt 0.046875 0.828125
vt 0.054688 0.000000
vt 0.046875 0.406250
vt 0.046875 0.812500
vt 0.046875 0.390625
vt 0.046875 0.796875
vt 0.046875 0.375000
vt 0.046875 0.781250
vt 0.046875 0.359375
vt 0.046875 0.765625
vt 0.046875 0.343750
vt 0.046875 0.750000
vt 0.046875 0.328125
vt 0.031250 0.703125
vt 0.031250 0.687500
vt 0.031250 0.281250
vt 0.031250 0.265625
vt 0.031250 0.671875
vt 0.031250 0.250000
vt 0.031250 0.656250
vt 0.031250 0.234375
vt 0.031250 0.640625
vt 0.031250 0.218750
vt 0.031250 0.625000
vt 0.031250 0.203125
vt 0.031250 0.609375
vt 0.031250 0.187500
vt 0.031250 0.593750
vt 0.031250 0.171875
vt 0.031250 0.578125
vt 0.039062 1.000000
vt 0.031250 0.984375
vt 0.031250 0.156250
vt 0.031250 0.562500
vt 0.031250 0.968750
vt 0.031250 0.140625
vt 0.031250 0.546875
vt 0.031250 0.953125
vt 0.031250 0.125000
vt 0.031250 0.531250
vt 0.031250 0.937500
vt 0.031250 0.109375
vt 0.031250 0.515625
vt 0.031250 0.921875
vt 0.031250 0.093750
vt 0.031250 0.500000
vt 0.031250 0.906250
vt 0.031250 0.078125
vt 0.031250 0.484375
vt 0.031250 0.890625
vt 0.031250 0.062500
vt 0.031250 0.468750
vt 0.031250 0.875000
vt 0.031250 0.046875
vt 0.031250 0.453125
vt 0.031250 0.859375
vt 0.031250 0.031250
vt 0.031250 0.437500
vt 0.031250 0.843750
vt 0.031250 0.015625
vt 0.031250 0.421875
vt 0.031250 0.828125
vt 0.039062 0.000000
vt 0.031250 0.406250
vt 0.031250 0.812500
vt 0.031250 0.390625
vt 0.031250 0.796875
vt 0.031250 0.375000
vt 0.031250 0.781250
vt 0.031250 0.359375
vt 0.031250 0.765625
vt 0.031250 0.343750
vt 0.031250 0.750000
vt 0.031250 0.328125
vt 0.031250 0.734375
vt 0.031250 0.312500
vt 0.031250 0.718750
vt 0.031250 0.296875
vt 0.015625 0.671875
vt 0.015625 0.656250
vt 0.015625 0.250000
vt 0.015625 0.234375
vt 0.015625 0.640625
vt 0.015625 0.218750
vt 0.015625 0.625000
vt 0.015625 0.203125
vt 0.015625 0.609375
vt 0.015625 0.187500
vt 0.015625 0.593750
vt 0.015625 0.171875
vt 0.015625 0.578125
vt 0.023438 1.000000
vt 0.015625 0.984375
vt 0.015625 0.156250
vt 0.015625 0.562500
vt 0.015625 0.968750
vt 0.015625 0.140625
vt 0.015625 0.546875
vt 0.015625 0.953125
vt 0.015625 0.125000
vt 0.015625 0.531250
vt 0.015625 0.937500
vt 0.015625 0.109375
vt 0.015625 0.515625
vt 0.015625 0.921875
vt 0.015625 0.093750
vt 0.015625 0.500000
vt 0.015625 0.906250
vt 0.015625 0.078125
vt 0.015625 0.484375
vt 0.015625 0.890625
vt 0.015625 0.062500
vt 0.015625 0.468750
vt 0.015625 0.875000
vt 0.015625 0.046875
vt 0.015625 0.453125
vt 0.015625 0.859375
vt 0.015625 0.031250
vt 0.015625 0.437500
vt 0.015625 0.843750
vt 0.015625 0.015625
vt 0.015625 0.421875
vt 0.015625 0.828125
vt 0.023438 0.000000
vt 0.015625 0.406250
vt 0.015625 0.812500
vt 0.015625 0.390625
vt 0.015625 0.796875
vt 0.015625 0.375000
vt 0.015625 0.781250
vt 0.015625 0.359375
vt 0.015625 0.765625
vt 0.015625 0.343750
vt 0.015625 0.750000
vt 0.015625 0.328125
vt 0.015625 0.734375
vt 0.015625 0.312500
vt 0.015625 0.718750
vt 0.015625 0.296875
vt 0.015625 0.703125
vt 0.015625 0.281250
vt 0.015625 0.687500
vt 0.015625 0.265625
vt 0.000000 0.640625
vt 0.000000 0.625000
vt 0.000000 0.218750
vt 0.000000 0.203125
vt 0.000000 0.609375
vt 0.000000 0.187500
vt 0.000000 0.593750
vt 0.000000 0.171875
vt 0.000000 0.578125
vt 0.007812 1.000000
vt 0.000000 0.984375
vt 0.000000 0.156250
vt 0.000000 0.562500
vt 0.000000 0.968750
vt 0.000000 0.140625
vt 0.000000 0.546875
vt 0.000000 0.953125
vt 0.000000 0.125000
vt 0.000000 0.531250
vt 0.000000 0.937500
vt 0.000000 0.109375
vt 0.000000 0.515625
vt 0.000000 0.921875
vt 0.000000 0.093750
vt 0.000000 0.500000
vt 0.000000 0.906250
vt 0.000000 0.078125
vt 0.000000 0.484375
vt 0.000000 0.890625
vt 0.000000 0.062500
vt 0.000000 0.468750
vt 0.000000 0.875000
vt 0.000000 0.046875
vt 0.000000 0.453125
vt 0.000000 0.859375
vt 0.000000 0.031250
vt 0.000000 0.437500
vt 0.000000 0.843750
vt 0.000000 0.015625
vt 0.000000 0.421875
vt 0.000000 0.828125
vt 0.007812 0.000000
vt 0.000000 0.406250
vt 0.000000 0.812500
vt 0.000000 0.390625
vt 0.000000 0.796875
vt 0.000000 0.375000
vt 0.000000 0.781250
vt 0.000000 0.359375
vt 0.000000 0.765625
vt 0.000000 0.343750
vt 0.000000 0.750000
vt 0.000000 0.328125
vt 0.000000 0.734375
vt 0.000000 0.312500
vt 0.000000 0.718750
vt 0.000000 0.296875
vt 0.000000 0.703125
vt 0.000000 0.281250
vt 0.000000 0.687500
vt 0.000000 0.265625
vt 0.000000 0.671875
vt 0.000000 0.250000
vt 0.000000 0.656250
vt 0.000000 0.234375
vt 1.000000 0.593750
vt 1.000000 0.609375
vt 0.984375 0.609375
vt 0.984375 0.593750
vt 1.000000 0.171875
vt 1.000000 0.187500
vt 0.984375 0.187500
vt 0.984375 0.171875
vt 1.000000 0.578125
vt 0.984375 0.578125
vt 1.000000 0.984375
vt 0.992187 1.000000
vt 0.984375 0.984375
vt 1.000000 0.156250
vt 0.984375 0.156250
vt 1.000000 0.562500
vt 0.984375 0.562500
vt 1.000000 0.968750
vt 0.984375 0.968750
vt 1.000000 0.140625
vt 0.984375 0.140625
vt 1.000000 0.546875
vt 0.984375 0.546875
vt 1.000000 0.953125
vt 0.984375 0.953125
vt 1.000000 0.125000
vt 0.984375 0.125000
vt 1.000000 0.531250
vt 0.984375 0.531250
vt 1.000000 0.937500
vt 0.984375 0.937500
vt 1.000000 0.109375
vt 0.984375 0.109375
vt 1.000000 0.515625
vt 0.984375 0.515625
vt 1.000000 0.921875
vt 0.984375 0.921875
vt 1.000000 0.093750
vt 0.984375 0.093750
vt 1.000000 0.500000
vt 0.984375 0.500000
vt 1.000000 0.906250
vt 0.984375 0.906250
vt 1.000000 0.078125
vt 0.984375 0.078125
vt 1.000000 0.484375
vt 0.984375 0.484375
vt 1.000000 0.890625
vt 0.984375 0.890625
vt 1.000000 0.062500
vt 0.984375 0.062500
vt 1.000000 0.468750
vt 0.984375 0.468750
vt 1.000000 0.875000
vt 0.984375 0.875000
vt 1.000000 0.046875
vt 0.984375 0.046875
vt 1.000000 0.453125
vt 0.984375 0.453125
vt 1.000000 0.859375
vt 0.984375 0.859375
vt 1.000000 0.031250
vt 0.984375 0.031250
vt 1.000000 0.437500
vt 0.984375 0.437500
vt 1.000000 0.843750
vt 0.984375 0.843750
vt 1.000000 0.015625
vt 0.984375 0.015625
vt 1.000000 0.421875
vt 0.984375 0.421875
vt 1.000000 0.828125
vt 0.984375 0.828125
vt 0.992187 0.000000
vt 1.000000 0.406250
vt 0.984375 0.406250
vt 1.000000 0.812500
vt 0.984375 0.812500
vt 1.000000 0.390625
vt 0.984375 0.390625
vt 1.000000 0.796875
vt 0.984375 0.796875
vt 1.000000 0.375000
vt 0.984375 0.375000
vt 1.000000 0.781250
vt 0.984375 0.781250
vt 1.000000 0.359375
vt 0.984375 0.359375
vt 1.000000 0.765625
vt 0.984375 0.765625
vt 1.000000 0.343750
vt 0.984375 0.343750
vt 1.000000 0.750000
vt 0.984375 0.750000
vt 1.000000 0.328125
vt 0.984375 0.328125
vt 1.000000 0.734375
vt 0.984375 0.734375
vt 1.000000 0.312500
vt 0.984375 0.312500
vt 1.000000 0.718750
vt 0.984375 0.718750
vt 1.000000 0.296875
vt 0.984375 0.296875
vt 1.000000 0.703125
vt 0.984375 0.703125
vt 1.000000 0.281250
vt 0.984375 0.281250
vt 1.000000 0.687500
vt 0.984375 0.687500
vt 1.000000 0.265625
vt 0.984375 0.265625
vt 1.000000 0.671875
vt 0.984375 0.671875
vt 1.000000 0.250000
vt 0.984375 0.250000
vt 1.000000 0.656250
vt 0.984375 0.656250
vt 1.000000 0.234375
vt 0.984375 0.234375
vt 1.000000 0.640625
vt 0.984375 0.640625
vt 1.000000 0.218750
vt 0.984375 0.218750
vt 1.000000 0.625000
vt 0.984375 0.625000
vt 1.000000 0.203125
vt 0.984375 0.203125
vt 0.968750 0.578125
vt 0.968750 0.562500
vt 0.968750 0.984375
vt 0.968750 0.968750
vt 0.968750 0.156250
vt 0.968750 0.140625
vt 0.968750 0.546875
vt 0.968750 0.953125
vt 0.968750 0.125000
vt 0.968750 0.531250
vt 0.968750 0.937500
vt 0.968750 0.109375
vt 0.968750 0.515625
vt 0.968750 0.921875
vt 0.968750 0.093750
vt 0.968750 0.500000
vt 0.968750 0.906250
vt 0.968750 0.078125
vt 0.968750 0.484375
vt 0.968750 0.890625
vt 0.968750 0.062500
vt 0.968750 0.468750
vt 0.968750 0.875000
vt 0.968750 0.046875
vt 0.968750 0.453125
vt 0.968750 0.859375
vt 0.968750 0.031250
vt 0.968750 0.437500
vt 0.968750 0.843750
vt 0.968750 0.015625
vt 0.968750 0.421875
vt 0.968750 0.828125
vt 0.976562 0.000000
vt 0.968750 0.406250
vt 0.968750 0.812500
vt 0.968750 0.390625
vt 0.968750 0.796875
vt 0.968750 0.375000
vt 0.968750 0.781250
vt 0.968750 0.359375
vt 0.968750 0.765625
vt 0.968750 0.343750
vt 0.968750 0.750000
vt 0.968750 0.328125
vt 0.968750 0.734375
vt 0.968750 0.312500
vt 0.968750 0.718750
vt 0.968750 0.296875
vt 0.968750 0.703125
vt 0.968750 0.281250
vt 0.968750 0.687500
vt 0.968750 0.265625
vt 0.968750 0.671875
vt 0.968750 0.250000
vt 0.968750 0.656250
vt 0.968750 0.234375
vt 0.968750 0.640625
vt 0.968750 0.218750
vt 0.968750 0.625000
vt 0.968750 0.203125
vt 0.968750 0.609375
vt 0.968750 0.187500
vt 0.968750 0.593750
vt 0.968750 0.171875
vt 0.976562 1.000000
vt 0.953125 0.546875
vt 0.953125 0.531250
vt 0.953125 0.953125
vt 0.953125 0.937500
vt 0.953125 0.125000
vt 0.953125 0.109375
vt 0.953125 0.515625
vt 0.953125 0.921875
vt 0.953125 0.093750
vt 0.953125 0.500000
vt 0.953125 0.906250
vt 0.953125 0.078125
vt 0.953125 0.484375
vt 0.953125 0.890625
vt 0.953125 0.062500
vt 0.953125 0.468750
vt 0.953125 0.875000
vt 0.953125 0.046875
vt 0.953125 0.453125
vt 0.953125 0.859375
vt 0.953125 0.031250
vt 0.953125 0.437500
vt 0.953125 0.843750
vt 0.953125 0.015625
vt 0.953125 0.421875
vt 0.953125 0.828125
vt 0.960938 0.000000
vt 0.953125 0.406250
vt 0.953125 0.812500
vt 0.953125 0.390625
vt 0.953125 0.796875
vt 0.953125 0.375000
vt 0.953125 0.781250
vt 0.953125 0.359375
vt 0.953125 0.765625
vt 0.953125 0.343750
vt 0.953125 0.750000
vt 0.953125 0.328125
vt 0.953125 0.734375
vt 0.953125 0.312500
vt 0.953125 0.718750
vt 0.953125 0.296875
vt 0.953125 0.703125
vt 0.953125 0.281250
vt 0.953125 0.687500
vt 0.953125 0.265625
vt 0.953125 0.671875
vt 0.953125 0.250000
vt 0.953125 0.656250
vt 0.953125 0.234375
vt 0.953125 0.640625
vt 0.953125 0.218750
vt 0.953125 0.625000
vt 0.953125 0.203125
vt 0.953125 0.609375
vt 0.953125 0.187500
vt 0.953125 0.593750
vt 0.953125 0.171875
vt 0.953125 0.578125
vt 0.960938 1.000000
vt 0.953125 0.984375
vt 0.953125 0.156250
vt 0.953125 0.562500
vt 0.953125 0.968750
vt 0.953125 0.140625
vt 0.937500 0.515625
vt 0.937500 0.500000
vt 0.937500 0.390625
vt 0.937500 0.375000
vt 0.937500 0.921875
vt 0.937500 0.906250
vt 0.937500 0.484375
vt 0.937500 0.890625
vt 0.937500 0.359375
vt 0.937500 0.468750
vt 0.937500 0.875000
vt 0.937500 0.343750
vt 0.937500 0.453125
vt 0.937500 0.328125
vt 0.937500 0.859375
vt 0.937500 0.437500
vt 0.937500 0.312500
vt 0.937500 0.843750
vt 0.937500 0.421875
vt 0.937500 0.296875
vt 0.937500 0.828125
vt 0.937500 0.406250
vt 0.937500 0.281250
vt 0.937500 0.812500
vt 0.937500 0.265625
vt 0.937500 0.796875
vt 0.937500 0.250000
vt 0.937500 0.781250
vt 0.937500 0.234375
vt 0.937500 0.765625
vt 0.937500 0.218750
vt 0.937500 0.750000
vt 0.937500 0.203125
vt 0.937500 0.734375
vt 0.937500 0.187500
vt 0.937500 0.718750
vt 0.937500 0.171875
vt 0.937500 0.703125
vt 0.937500 0.156250
vt 0.937500 0.687500
vt 0.937500 0.140625
vt 0.937500 0.671875
vt 0.937500 0.125000
vt 0.937500 0.656250
vt 0.937500 0.109375
vt 0.937500 0.640625
vt 0.937500 0.093750
vt 0.937500 0.625000
vt 0.937500 0.078125
vt 0.937500 0.609375
vt 0.937500 0.062500
vt 0.937500 0.593750
vt 0.937500 0.046875
vt 0.937500 0.578125
vt 0.945312 1.000000
vt 0.937500 0.984375
vt 0.937500 0.031250
vt 0.937500 0.562500
vt 0.937500 0.968750
vt 0.937500 0.015625
vt 0.937500 0.546875
vt 0.937500 0.953125
vt 0.945312 0.000000
vt 0.937500 0.531250
vt 0.937500 0.937500
vt 0.921875 0.359375
vt 0.921875 0.343750
vt 0.921875 0.765625
vt 0.921875 0.750000
vt 0.921875 0.328125
vt 0.921875 0.734375
vt 0.921875 0.312500
vt 0.921875 0.718750
vt 0.921875 0.296875
vt 0.921875 0.703125
vt 0.921875 0.281250
vt 0.921875 0.687500
vt 0.921875 0.265625
vt 0.921875 0.671875
vt 0.921875 0.250000
vt 0.921875 0.656250
vt 0.921875 0.234375
vt 0.921875 0.640625
vt 0.921875 0.218750
vt 0.921875 0.625000
vt 0.921875 0.203125
vt 0.921875 0.609375
vt 0.921875 0.187500
vt 0.921875 0.593750
vt 0.921875 0.171875
vt 0.921875 0.578125
vt 0.929687 1.000000
vt 0.921875 0.984375
vt 0.921875 0.156250
vt 0.921875 0.562500
vt 0.921875 0.968750
vt 0.921875 0.140625
vt 0.921875 0.546875
vt 0.921875 0.953125
vt 0.921875 0.125000
vt 0.921875 0.531250
vt 0.921875 0.937500
vt 0.921875 0.109375
vt 0.921875 0.515625
vt 0.921875 0.921875
vt 0.921875 0.093750
vt 0.921875 0.500000
vt 0.921875 0.906250
vt 0.921875 0.078125
vt 0.921875 0.484375
vt 0.921875 0.890625
vt 0.921875 0.062500
vt 0.921875 0.468750
vt 0.921875 0.875000
vt 0.921875 0.046875
vt 0.921875 0.453125
vt 0.921875 0.859375
vt 0.921875 0.031250
vt 0.921875 0.437500
vt 0.921875 0.843750
vt 0.921875 0.015625
vt 0.921875 0.421875
vt 0.921875 0.828125
vt 0.929687 0.000000
vt 0.921875 0.406250
vt 0.921875 0.812500
vt 0.921875 0.390625
vt 0.921875 0.796875
vt 0.921875 0.375000
vt 0.921875 0.781250
vt 0.906250 0.328125
vt 0.906250 0.312500
vt 0.906250 0.734375
vt 0.906250 0.718750
vt 0.906250 0.296875
vt 0.906250 0.703125
vt 0.906250 0.281250
vt 0.906250 0.687500
vt 0.906250 0.265625
vt 0.906250 0.671875
vt 0.906250 0.250000
vt 0.906250 0.656250
vt 0.906250 0.234375
vt 0.906250 0.640625
vt 0.906250 0.218750
vt 0.906250 0.625000
vt 0.906250 0.203125
vt 0.906250 0.609375
vt 0.906250 0.187500
vt 0.906250 0.593750
vt 0.906250 0.171875
vt 0.906250 0.578125
vt 0.914062 1.000000
vt 0.906250 0.984375
vt 0.906250 0.156250
vt 0.906250 0.562500
vt 0.906250 0.968750
vt 0.906250 0.140625
vt 0.906250 0.546875
vt 0.906250 0.953125
vt 0.906250 0.125000
vt 0.906250 0.531250
vt 0.906250 0.937500
vt 0.906250 0.109375
vt 0.906250 0.515625
vt 0.906250 0.921875
vt 0.906250 0.093750
vt 0.906250 0.500000
vt 0.906250 0.906250
vt 0.906250 0.078125
vt 0.906250 0.484375
vt 0.906250 0.890625
vt 0.906250 0.062500
vt 0.906250 0.468750
vt 0.906250 0.875000
vt 0.906250 0.046875
vt 0.906250 0.453125
vt 0.906250 0.859375
vt 0.906250 0.031250
vt 0.906250 0.437500
vt 0.906250 0.843750
vt 0.906250 0.015625
vt 0.906250 0.421875
vt 0.906250 0.828125
vt 0.914062 0.000000
vt 0.906250 0.406250
vt 0.906250 0.812500
vt 0.906250 0.390625
vt 0.906250 0.796875
vt 0.906250 0.375000
vt 0.906250 0.781250
vt 0.906250 0.359375
vt 0.906250 0.765625
vt 0.906250 0.343750
vt 0.906250 0.750000
vt 0.890625 0.296875
vt 0.890625 0.281250
vt 0.890625 0.703125
vt 0.890625 0.687500
vt 0.890625 0.265625
vt 0.890625 0.671875
vt 0.890625 0.250000
vt 0.890625 0.656250
vt 0.890625 0.234375
vt 0.890625 0.640625
vt 0.890625 0.218750
vt 0.890625 0.625000
vt 0.890625 0.203125
vt 0.890625 0.609375
vt 0.890625 0.187500
vt 0.890625 0.593750
vt 0.890625 0.171875
vt 0.890625 0.578125
vt 0.898437 1.000000
vt 0.890625 0.984375
vt 0.890625 0.156250
vt 0.890625 0.562500
vt 0.890625 0.968750
vt 0.890625 0.140625
vt 0.890625 0.546875
vt 0.890625 0.953125
vt 0.890625 0.125000
vt 0.890625 0.531250
vt 0.890625 0.937500
vt 0.890625 0.109375
vt 0.890625 0.515625
vt 0.890625 0.921875
vt 0.890625 0.093750
vt 0.890625 0.500000
vt 0.890625 0.906250
vt 0.890625 0.078125
vt 0.890625 0.484375
vt 0.890625 0.890625
vt 0.890625 0.062500
vt 0.890625 0.468750
vt 0.890625 0.875000
vt 0.890625 0.046875
vt 0.890625 0.453125
vt 0.890625 0.859375
vt 0.890625 0.031250
vt 0.890625 0.437500
vt 0.890625 0.843750
vt 0.890625 0.015625
vt 0.890625 0.421875
vt 0.890625 0.828125
vt 0.898437 0.000000
vt 0.890625 0.406250
vt 0.890625 0.812500
vt 0.890625 0.390625
vt 0.890625 0.796875
vt 0.890625 0.375000
vt 0.890625 0.781250
vt 0.890625 0.359375
vt 0.890625 0.765625
vt 0.890625 0.343750
vt 0.890625 0.750000
vt 0.890625 0.328125
vt 0.890625 0.734375
vt 0.890625 0.312500
vt 0.890625 0.718750
vt 0.875000 0.265625
vt 0.875000 0.250000
vt 0.875000 0.671875
vt 0.875000 0.656250
vt 0.875000 0.234375
vt 0.875000 0.640625
vt 0.875000 0.218750
vt 0.875000 0.625000
vt 0.875000 0.203125
vt 0.875000 0.609375
vt 0.875000 0.187500
vt 0.875000 0.593750
vt 0.875000 0.171875
vt 0.875000 0.578125
vt 0.882812 1.000000
vt 0.875000 0.984375
vt 0.875000 0.156250
vt 0.875000 0.562500
vt 0.875000 0.968750
vt 0.875000 0.140625
vt 0.875000 0.546875
vt 0.875000 0.953125
vt 0.875000 0.125000
vt 0.875000 0.531250
vt 0.875000 0.937500
vt 0.875000 0.109375
vt 0.875000 0.515625
vt 0.875000 0.921875
vt 0.875000 0.093750
vt 0.875000 0.500000
vt 0.875000 0.906250
vt 0.875000 0.078125
vt 0.875000 0.484375
vt 0.875000 0.890625
vt 0.875000 0.062500
vt 0.875000 0.468750
vt 0.875000 0.875000
vt 0.875000 0.046875
vt 0.875000 0.453125
vt 0.875000 0.859375
vt 0.875000 0.031250
vt 0.875000 0.437500
vt 0.875000 0.843750
vt 0.875000 0.015625
vt 0.875000 0.421875
vt 0.875000 0.828125
vt 0.882812 0.000000
vt 0.875000 0.406250
vt 0.875000 0.812500
vt 0.875000 0.390625
vt 0.875000 0.796875
vt 0.875000 0.375000
vt 0.875000 0.781250
vt 0.875000 0.359375
vt 0.875000 0.765625
vt 0.875000 0.343750
vt 0.875000 0.750000
vt 0.875000 0.328125
vt 0.875000 0.734375
vt 0.875000 0.312500
vt 0.875000 0.718750
vt 0.875000 0.296875
vt 0.875000 0.703125
vt 0.875000 0.281250
vt 0.875000 0.687500
vt 0.859375 0.234375
vt 0.859375 0.218750
vt 0.859375 0.640625
vt 0.859375 0.625000
vt 0.859375 0.203125
vt 0.859375 0.609375
vt 0.859375 0.187500
vt 0.859375 0.593750
vt 0.859375 0.171875
vt 0.859375 0.578125
vt 0.867187 1.000000
vt 0.859375 0.984375
vt 0.859375 0.156250
vt 0.859375 0.562500
vt 0.859375 0.968750
vt 0.859375 0.140625
vt 0.859375 0.546875
vt 0.859375 0.953125
vt 0.859375 0.125000
vt 0.859375 0.531250
vt 0.859375 0.937500
vt 0.859375 0.109375
vt 0.859375 0.515625
vt 0.859375 0.921875
vt 0.859375 0.093750
vt 0.859375 0.500000
vt 0.859375 0.906250
vt 0.859375 0.078125
vt 0.859375 0.484375
vt 0.859375 0.890625
vt 0.859375 0.062500
vt 0.859375 0.468750
vt 0.859375 0.875000
vt 0.859375 0.046875
vt 0.859375 0.453125
vt 0.859375 0.859375
vt 0.859375 0.031250
vt 0.859375 0.437500
vt 0.859375 0.843750
vt 0.859375 0.015625
vt 0.859375 0.421875
vt 0.859375 0.828125
vt 0.867187 0.000000
vt 0.859375 0.406250
vt 0.859375 0.812500
vt 0.859375 0.390625
vt 0.859375 0.796875
vt 0.859375 0.375000
vt 0.859375 0.781250
vt 0.859375 0.359375
vt 0.859375 0.765625
vt 0.859375 0.343750
vt 0.859375 0.750000
vt 0.859375 0.328125
vt 0.859375 0.734375
vt 0.859375 0.312500
vt 0.859375 0.718750
vt 0.859375 0.296875
vt 0.859375 0.703125
vt 0.859375 0.281250
vt 0.859375 0.687500
vt 0.859375 0.265625
vt 0.859375 0.671875
vt 0.859375 0.250000
vt 0.859375 0.656250
vt 0.843750 0.203125
vt 0.843750 0.187500
vt 0.843750 0.609375
vt 0.843750 0.593750
vt 0.843750 0.171875
vt 0.843750 0.578125
vt 0.851562 1.000000
vt 0.843750 0.984375
vt 0.843750 0.156250
vt 0.843750 0.562500
vt 0.843750 0.968750
vt 0.843750 0.140625
vt 0.843750 0.546875
vt 0.843750 0.953125
vt 0.843750 0.125000
vt 0.843750 0.531250
vt 0.843750 0.937500
vt 0.843750 0.109375
vt 0.843750 0.515625
vt 0.843750 0.921875
vt 0.843750 0.093750
vt 0.843750 0.500000
vt 0.843750 0.906250
vt 0.843750 0.078125
vt 0.843750 0.484375
vt 0.843750 0.890625
vt 0.843750 0.062500
vt 0.843750 0.468750
vt 0.843750 0.875000
vt 0.843750 0.046875
vt 0.843750 0.453125
vt 0.843750 0.859375
vt 0.843750 0.031250
vt 0.843750 0.437500
vt 0.843750 0.843750
vt 0.843750 0.015625
vt 0.843750 0.421875
vt 0.843750 0.828125
vt 0.851562 0.000000
vt 0.843750 0.406250
vt 0.843750 0.812500
vt 0.843750 0.390625
vt 0.843750 0.796875
vt 0.843750 0.375000
vt 0.843750 0.781250
vt 0.843750 0.359375
vt 0.843750 0.765625
vt 0.843750 0.343750
vt 0.843750 0.750000
vt 0.843750 0.328125
vt 0.843750 0.734375
vt 0.843750 0.312500
vt 0.843750 0.718750
vt 0.843750 0.296875
vt 0.843750 0.703125
vt 0.843750 0.281250
vt 0.843750 0.687500
vt 0.843750 0.265625
vt 0.843750 0.671875
vt 0.843750 0.250000
vt 0.843750 0.656250
vt 0.843750 0.234375
vt 0.843750 0.640625
vt 0.843750 0.218750
vt 0.843750 0.625000
vt 0.828125 0.171875
vt 0.828125 0.156250
vt 0.828125 0.578125
vt 0.828125 0.562500
vt 0.828125 0.984375
vt 0.828125 0.968750
vt 0.828125 0.140625
vt 0.828125 0.546875
vt 0.828125 0.953125
vt 0.828125 0.125000
vt 0.828125 0.531250
vt 0.828125 0.937500
vt 0.828125 0.109375
vt 0.828125 0.515625
vt 0.828125 0.921875
vt 0.828125 0.093750
vt 0.828125 0.500000
vt 0.828125 0.906250
vt 0.828125 0.078125
vt 0.828125 0.484375
vt 0.828125 0.890625
vt 0.828125 0.062500
vt 0.828125 0.468750
vt 0.828125 0.875000
vt 0.828125 0.046875
vt 0.828125 0.453125
vt 0.828125 0.859375
vt 0.828125 0.031250
vt 0.828125 0.437500
vt 0.828125 0.843750
vt 0.828125 0.015625
vt 0.828125 0.421875
vt 0.828125 0.828125
vt 0.835938 0.000000
vt 0.828125 0.406250
vt 0.828125 0.812500
vt 0.828125 0.390625
vt 0.828125 0.796875
vt 0.828125 0.375000
vt 0.828125 0.781250
vt 0.828125 0.359375
vt 0.828125 0.765625
vt 0.828125 0.343750
vt 0.828125 0.750000
vt 0.828125 0.328125
vt 0.828125 0.734375
vt 0.828125 0.312500
vt 0.828125 0.718750
vt 0.828125 0.296875
vt 0.828125 0.703125
vt 0.828125 0.281250
vt 0.828125 0.687500
vt 0.828125 0.265625
vt 0.828125 0.671875
vt 0.828125 0.250000
vt 0.828125 0.656250
vt 0.828125 0.234375
vt 0.828125 0.640625
vt 0.828125 0.218750
vt 0.828125 0.625000
vt 0.828125 0.203125
vt 0.828125 0.609375
vt 0.828125 0.187500
vt 0.828125 0.593750
vt 0.835938 1.000000
vt 0.812500 0.140625
vt 0.812500 0.125000
vt 0.812500 0.546875
vt 0.812500 0.531250
vt 0.812500 0.953125
vt 0.812500 0.937500
vt 0.812500 0.109375
vt 0.812500 0.515625
vt 0.812500 0.921875
vt 0.812500 0.093750
vt 0.812500 0.500000
vt 0.812500 0.906250
vt 0.812500 0.078125
vt 0.812500 0.484375
vt 0.812500 0.890625
vt 0.812500 0.062500
vt 0.812500 0.468750
vt 0.812500 0.875000
vt 0.812500 0.046875
vt 0.812500 0.453125
vt 0.812500 0.859375
vt 0.812500 0.031250
vt 0.812500 0.437500
vt 0.812500 0.843750
vt 0.812500 0.015625
vt 0.812500 0.421875
vt 0.812500 0.828125
vt 0.820312 0.000000
vt 0.812500 0.406250
vt 0.812500 0.812500
vt 0.812500 0.390625
vt 0.812500 0.796875
vt 0.812500 0.375000
vt 0.812500 0.781250
vt 0.812500 0.359375
vt 0.812500 0.765625
vt 0.812500 0.343750
vt 0.812500 0.750000
vt 0.812500 0.328125
vt 0.812500 0.734375
vt 0.812500 0.312500
vt 0.812500 0.718750
vt 0.812500 0.296875
vt 0.812500 0.703125
vt 0.812500 0.281250
vt 0.812500 0.687500
vt 0.812500 0.265625
vt 0.812500 0.671875
vt 0.812500 0.250000
vt 0.812500 0.656250
vt 0.812500 0.234375
vt 0.812500 0.640625
vt 0.812500 0.218750
vt 0.812500 0.625000
vt 0.812500 0.203125
vt 0.812500 0.609375
vt 0.812500 0.187500
vt 0.812500 0.593750
vt 0.812500 0.171875
vt 0.812500 0.578125
vt 0.820312 1.000000
vt 0.812500 0.984375
vt 0.812500 0.156250
vt 0.812500 0.562500
vt 0.812500 0.968750
vt 0.796875 0.109375
vt 0.796875 0.093750
vt 0.796875 0.515625
vt 0.796875 0.500000
vt 0.796875 0.921875
vt 0.796875 0.906250
vt 0.796875 0.078125
vt 0.796875 0.484375
vt 0.796875 0.890625
vt 0.796875 0.062500
vt 0.796875 0.468750
vt 0.796875 0.875000
vt 0.796875 0.046875
vt 0.796875 0.453125
vt 0.796875 0.859375
vt 0.796875 0.031250
vt 0.796875 0.437500
vt 0.796875 0.843750
vt 0.796875 0.015625
vt 0.796875 0.421875
vt 0.796875 0.828125
vt 0.804688 0.000000
vt 0.796875 0.406250
vt 0.796875 0.812500
vt 0.796875 0.390625
vt 0.796875 0.796875
vt 0.796875 0.375000
vt 0.796875 0.781250
vt 0.796875 0.359375
vt 0.796875 0.765625
vt 0.796875 0.343750
vt 0.796875 0.750000
vt 0.796875 0.328125
vt 0.796875 0.734375
vt 0.796875 0.312500
vt 0.796875 0.718750
vt 0.796875 0.296875
vt 0.796875 0.703125
vt 0.796875 0.281250
vt 0.796875 0.687500
vt 0.796875 0.265625
vt 0.796875 0.671875
vt 0.796875 0.250000
vt 0.796875 0.656250
vt 0.796875 0.234375
vt 0.796875 0.640625
vt 0.796875 0.218750
vt 0.796875 0.625000
vt 0.796875 0.203125
vt 0.796875 0.609375
vt 0.796875 0.187500
vt 0.796875 0.593750
vt 0.796875 0.171875
vt 0.796875 0.578125
vt 0.804688 1.000000
vt 0.796875 0.984375
vt 0.796875 0.156250
vt 0.796875 0.562500
vt 0.796875 0.968750
vt 0.796875 0.140625
vt 0.796875 0.546875
vt 0.796875 0.953125
vt 0.796875 0.125000
vt 0.796875 0.531250
vt 0.796875 0.937500
vt 0.781250 0.078125
vt 0.781250 0.062500
vt 0.781250 0.484375
vt 0.781250 0.468750
vt 0.781250 0.890625
vt 0.781250 0.875000
vt 0.781250 0.046875
vt 0.781250 0.453125
vt 0.781250 0.859375
vt 0.781250 0.031250
vt 0.781250 0.437500
vt 0.781250 0.843750
vt 0.781250 0.015625
vt 0.781250 0.421875
vt 0.781250 0.828125
vt 0.789062 0.000000
vt 0.781250 0.406250
vt 0.781250 0.812500
vt 0.781250 0.390625
vt 0.781250 0.796875
vt 0.781250 0.375000
vt 0.781250 0.781250
vt 0.781250 0.359375
vt 0.781250 0.765625
vt 0.781250 0.343750
vt 0.781250 0.750000
vt 0.781250 0.328125
vt 0.781250 0.734375
vt 0.781250 0.312500
vt 0.781250 0.718750
vt 0.781250 0.296875
vt 0.781250 0.703125
vt 0.781250 0.281250
vt 0.781250 0.687500
vt 0.781250 0.265625
vt 0.781250 0.671875
vt 0.781250 0.250000
vt 0.781250 0.656250
vt 0.781250 0.234375
vt 0.781250 0.640625
vt 0.781250 0.218750
vt 0.781250 0.625000
vt 0.781250 0.203125
vt 0.781250 0.609375
vt 0.781250 0.187500
vt 0.781250 0.593750
vt 0.781250 0.171875
vt 0.781250 0.578125
vt 0.789062 1.000000
vt 0.781250 0.984375
vt 0.781250 0.156250
vt 0.781250 0.562500
vt 0.781250 0.968750
vt 0.781250 0.140625
vt 0.781250 0.546875
vt 0.781250 0.953125
vt 0.781250 0.125000
vt 0.781250 0.531250
vt 0.781250 0.937500
vt 0.781250 0.109375
vt 0.781250 0.515625
vt 0.781250 0.921875
vt 0.781250 0.093750
vt 0.781250 0.500000
vt 0.781250 0.906250
vt 0.765625 0.046875
vt 0.765625 0.031250
vt 0.765625 0.453125
vt 0.765625 0.437500
vt 0.765625 0.859375
vt 0.765625 0.843750
vt 0.765625 0.015625
vt 0.765625 0.421875
vt 0.765625 0.828125
vt 0.773437 0.000000
vt 0.765625 0.406250
vt 0.765625 0.812500
vt 0.765625 0.390625
vt 0.765625 0.796875
vt 0.765625 0.375000
vt 0.765625 0.781250
vt 0.765625 0.359375
vt 0.765625 0.765625
vt 0.765625 0.343750
vt 0.765625 0.750000
vt 0.765625 0.328125
vt 0.765625 0.734375
vt 0.765625 0.312500
vt 0.765625 0.718750
vt 0.765625 0.296875
vt 0.765625 0.703125
vt 0.765625 0.281250
vt 0.765625 0.687500
vt 0.765625 0.265625
vt 0.765625 0.671875
vt 0.765625 0.250000
vt 0.765625 0.656250
vt 0.765625 0.234375
vt 0.765625 0.640625
vt 0.765625 0.218750
vt 0.765625 0.625000
vt 0.765625 0.203125
vt 0.765625 0.609375
vt 0.765625 0.187500
vt 0.765625 0.593750
vt 0.765625 0.171875
vt 0.765625 0.578125
vt 0.773437 1.000000
vt 0.765625 0.984375
vt 0.765625 0.156250
vt 0.765625 0.562500
vt 0.765625 0.968750
vt 0.765625 0.140625
vt 0.765625 0.546875
vt 0.765625 0.953125
vt 0.765625 0.125000
vt 0.765625 0.531250
vt 0.765625 0.937500
vt 0.765625 0.109375
vt 0.765625 0.515625
vt 0.765625 0.921875
vt 0.765625 0.093750
vt 0.765625 0.500000
vt 0.765625 0.906250
vt 0.765625 0.078125
vt 0.765625 0.484375
vt 0.765625 0.890625
vt 0.765625 0.062500
vt 0.765625 0.468750
vt 0.765625 0.875000
vt 0.757812 0.000000
vt 0.757812 1.000000
s 1
f 27/1/27 26/2/26 83/3/83 84/4/84
f 6/5/6 5/6/5 57/7/57 58/8/58
f 28/9/28 27/1/27 84/4/84 85/10/85
f 4024/11/4024 6/5/6 58/8/58 59/12/59
f 29/13/29 28/9/28 85/10/85 86/14/86
f 7/15/7 4024/11/4024 59/12/59 60/16/60
f 4029/17/4029 29/13/29 86/14/86 87/18/87
f 8/19/8 7/15/7 60/16/60 61/20/61
f 30/21/30 4029/17/4029 87/18/87 88/22/88
f 9/23/9 8/19/8 61/20/61 62/24/62
f 31/25/31 30/21/30 88/22/88 89/26/89
f 10/27/10 9/23/9 62/24/62 63/28/63
f 32/29/32 31/25/31 89/26/89 90/30/90
f 11/31/11 10/27/10 63/28/63 64/32/64
f 33/33/33 32/29/32 90/30/90 91/34/91
f 12/35/12 11/31/11 64/32/64 65/36/65
f 34/37/34 33/33/33 91/34/91 92/38/92
f 13/39/13 12/35/12 65/36/65 66/40/66
f 4030/41/4030 34/37/34 92/38/92 93/42/93
f 14/43/14 13/39/13 66/40/66 67/44/67
f 35/45/35 4030/41/4030 93/42/93 94/46/94
f 15/47/15 14/43/14 67/44/67 68/48/68
f 4013/49/4013 2058/50/2058 42/51/42
f 36/52/36 35/45/35 94/46/94 95/53/95
f 4025/54/4025 15/47/15 68/48/68 69/55/69
f 4014/56/4014 4013/49/4013 42/51/42 43/57/43
f 37/58/37 36/52/36 95/53/95 96/59/96
f 16/60/16 4025/54/4025 69/55/69 70/61/70
f 4015/62/4015 4014/56/4014 43/57/43 44/63/44
f 38/64/38 37/58/37 96/59/96 97/65/97
f 17/66/17 16/60/16 70/61/70 71/67/71
f 1/68/1 4015/62/4015 44/63/44 45/69/45
f 39/70/39 38/64/38 97/65/97 98/71/98
f 18/72/18 17/66/17 71/67/71 72/73/72
f 4016/74/4016 1/68/1 45/69/45 46/75/46
f 40/76/40 39/70/39 98/71/98 99/77/99
f 19/78/19 18/72/18 72/73/72 73/79/73
f 2/80/2 4016/74/4016 46/75/46 47/81/47
f 4031/82/4031 40/76/40 99/77/99 100/83/100
f 4026/84/4026 19/78/19 73/79/73 74/85/74
f 4017/86/4017 2/80/2 47/81/47 48/87/48
f 41/88/41 4031/82/4031 100/83/100 101/89/101
f 20/90/20 4026/84/4026 74/85/74 75/91/75
f 4018/92/4018 4017/86/4017 48/87/48 49/93/49
f 4032/94/4032 41/88/41 101/89/101 102/95/102
f 21/96/21 20/90/20 75/91/75 76/97/76
f 4019/98/4019 4018/92/4018 49/93/49 50/99/50
f 4033/100/4033 4032/94/4032 102/95/102 103/101/103
f 4027/102/4027 21/96/21 76/97/76 77/103/77
f 4020/104/4020 4019/98/4019 50/99/50 51/105/51
f 4034/106/4034 4033/100/4033 103/101/103 104/107/104
f 22/108/22 4027/102/4027 77/103/77 78/109/78
f 4021/110/4021 4020/104/4020 51/105/51 52/111/52
f 2752/112/2752 4034/106/4034 104/107/104
f 23/113/23 22/108/22 78/109/78 79/114/79
f 4022/115/4022 4021/110/4021 52/111/52 53/116/53
f 4028/117/4028 23/113/23 79/114/79 80/118/80
f 3/119/3 4022/115/4022 53/116/53 54/120/54
f 24/121/24 4028/117/4028 80/118/80 81/122/81
f 4023/123/4023 3/119/3 54/120/54 55/124/55
f 25/125/25 24/121/24 81/122/81 82/126/82
f 4/127/4 4023/123/4023 55/124/55 56/128/56
f 26/2/26 25/125/25 82/126/82 83/3/83
f 5/6/5 4/127/4 56/128/56 57/7/57
f 99/77/99 98/71/98 161/129/161 162/130/162
f 73/79/73 72/73/72 135/131/135 136/132/136
f 47/81/47 46/75/46 109/133/109 110/134/110
f 100/83/100 99/77/99 162/130/162 163/135/163
f 74/85/74 73/79/73 136/132/136 137/136/137
f 48/87/48 47/81/47 110/134/110 111/137/111
f 101/89/101 100/83/100 163/135/163 164/138/164
f 75/91/75 74/85/74 137/136/137 138/139/138
f 49/93/49 48/87/48 111/137/111 112/140/112
f 102/95/102 101/89/101 164/138/164 165/141/165
f 76/97/76 75/91/75 138/139/138 139/142/139
f 50/99/50 49/93/49 112/140/112 113/143/113
f 103/101/103 102/95/102 165/141/165 166/144/166
f 77/103/77 76/97/76 139/142/139 140/145/140
f 51/105/51 50/99/50 113/143/113 114/146/114
f 104/107/104 103/101/103 166/144/166 167/147/167
f 78/109/78 77/103/77 140/145/140 141/148/141
f 52/111/52 51/105/51 114/146/114 115/149/115
f 2752/150/2752 104/107/104 167/147/167
f 79/114/79 78/109/78 141/148/141 142/151/142
f 53/116/53 52/111/52 115/149/115 116/152/116
f 80/118/80 79/114/79 142/151/142 143/153/143
f 54/120/54 53/116/53 116/152/116 117/154/117
f 81/122/81 80/118/80 143/153/143 144/155/144
f 55/124/55 54/120/54 117/154/117 118/156/118
f 82/126/82 81/122/81 144/155/144 145/157/145
f 56/128/56 55/124/55 118/156/118 119/158/119
f 83/3/83 82/126/82 145/157/145 146/159/146
f 57/7/57 56/128/56 119/158/119 120/160/120
f 84/4/84 83/3/83 146/159/146 147/161/147
f 58/8/58 57/7/57 120/160/120 121/162/121
f 85/10/85 84/4/84 147/161/147 148/163/148
f 59/12/59 58/8/58 121/162/121 122/164/122
f 86/14/86 85/10/85 148/163/148 149/165/149
f 60/16/60 59/12/59 122/164/122 123/166/123
f 87/18/87 86/14/86 149/165/149 150/167/150
f 61/20/61 60/16/60 123/166/123 124/168/124
f 88/22/88 87/18/87 150/167/150 151/169/151
f 62/24/62 61/20/61 124/168/124 125/170/125
f 89/26/89 88/22/88 151/169/151 152/171/152
f 63/28/63 62/24/62 125/170/125 126/172/126
f 90/30/90 89/26/89 152/171/152 153/173/153
f 64/32/64 63/28/63 126/172/126 127/174/127
f 91/34/91 90/30/90 153/173/153 154/175/154
f 65/36/65 64/32/64 127/174/127 128/176/128
f 92/38/92 91/34/91 154/175/154 155/177/155
f 66/40/66 65/36/65 128/176/128 129/178/129
f 93/42/93 92/38/92 155/177/155 156/179/156
f 67/44/67 66/40/66 129/178/129 130/180/130
f 94/46/94 93/42/93 156/179/156 157/181/157
f 68/48/68 67/44/67 130/180/130 131/182/131
f 42/51/42 2058/183/2058 105/184/105
f 95/53/95 94/46/94 157/181/157 158/185/158
f 69/55/69 68/48/68 131/182/131 132/186/132
f 43/57/43 42/51/42 105/184/105 106/187/106
f 96/59/96 95/53/95 158/185/158 159/188/159
f 70/61/70 69/55/69 132/186/132 133/189/133
f 44/63/44 43/57/43 106/187/106 107/190/107
f 97/65/97 96/59/96 159/188/159 160/191/160
f 71/67/71 70/61/70 133/189/133 134/192/134
f 45/69/45 44/63/44 107/190/107 108/193/108
f 98/71/98 97/65/97 160/191/160 161/129/161
f 72/73/72 71/67/71 134/192/134 135/131/135
f 46/75/46 45/69/45 108/193/108 109/133/109
f 164/138/164 163/135/163 226/194/226 227/195/227
f 138/139/138 137/136/137 200/196/200 201/197/201
f 112/140/112 111/137/111 174/198/174 175/199/175
f 165/141/165 164/138/164 227/195/227 228/200/228
f 139/142/139 138/139/138 201/197/201 202/201/202
f 113/143/113 112/140/112 175/199/175 176/202/176
f 166/144/166 165/141/165 228/200/228 229/203/229
f 140/145/140 139/142/139 202/201/202 203/204/203
f 114/146/114 113/143/113 176/202/176 177/205/177
f 167/147/167 166/144/166 229/203/229 230/206/230
f 141/148/141 140/145/140 203/204/203 204/207/204
f 115/149/115 114/146/114 177/205/177 178/208/178
f 2752/209/2752 167/147/167 230/206/230
f 142/151/142 141/148/141 204/207/204 205/210/205
f 116/152/116 115/149/115 178/208/178 179/211/179
f 143/153/143 142/151/142 205/210/205 206/212/206
f 117/154/117 116/152/116 179/211/179 180/213/180
f 144/155/144 143/153/143 206/212/206 207/214/207
f 118/156/118 117/154/117 180/213/180 181/215/181
f 145/157/145 144/155/144 207/214/207 208/216/208
f 119/158/119 118/156/118 181/215/181 182/217/182
f 146/159/146 145/157/145 208/216/208 209/218/209
f 120/160/120 119/158/119 182/217/182 183/219/183
f 147/161/147 146/159/146 209/218/209 210/220/210
f 121/162/121 120/160/120 183/219/183 184/221/184
f 148/163/148 147/161/147 210/220/210 211/222/211
f 122/164/122 121/162/121 184/221/184 185/223/185
f 149/165/149 148/163/148 211/222/211 212/224/212
f 123/166/123 122/164/122 185/223/185 186/225/186
f 150/167/150 149/165/149 212/224/212 213/226/213
f 124/168/124 123/166/123 186/225/186 187/227/187
f 151/169/151 150/167/150 213/226/213 214/228/214
f 125/170/125 124/168/124 187/227/187 188/229/188
f 152/171/152 151/169/151 214/228/214 215/230/215
f 126/172/126 125/170/125 188/229/188 189/231/189
f 153/173/153 152/171/152 215/230/215 216/232/216
f 127/174/127 126/172/126 189/231/189 190/233/190
f 154/175/154 153/173/153 216/232/216 217/234/217
f 128/176/128 127/174/127 190/233/190 191/235/191
f 155/177/155 154/175/154 217/234/217 218/236/218
f 129/178/129 128/176/128 191/235/191 192/237/192
f 156/179/156 155/177/155 218/236/218 219/238/219
f 130/180/130 129/178/129 192/237/192 193/239/193
f 157/181/157 156/179/156 219/238/219 220/240/220
f 131/182/131 130/180/130 193/239/193 194/241/194
f 105/184/105 2058/242/2058 168/243/168
f 158/185/158 157/181/157 220/240/220 221/244/221
f 132/186/132 131/182/131 194/241/194 195/245/195
f 106/187/106 105/184/105 168/243/168 169/246/169
f 159/188/159 158/185/158 221/244/221 222/247/222
f 133/189/133 132/186/132 195/245/195 196/248/196
f 107/190/107 106/187/106 169/246/169 170/249/170
f 160/191/160 159/188/159 222/247/222 223/250/223
f 134/192/134 133/189/133 196/248/196 197/251/197
f 108/193/108 107/190/107 170/249/170 171/252/171
f 161/129/161 160/191/160 223/250/223 224/253/224
f 135/131/135 134/192/134 197/251/197 198/254/198
f 109/133/109 108/193/108 171/252/171 172/255/172
f 162/130/162 161/129/161 224/253/224 225/256/225
f 136/132/136 135/131/135 198/254/198 199/257/199
f 110/134/110 109/133/109 172/255/172 173/258/173
f 163/135/163 162/130/162 225/256/225 226/194/226
f 137/136/137 136/132/136 199/257/199 200/196/200
f 111/137/111 110/134/110 173/258/173 174/198/174
f 229/203/229 228/200/228 291/259/291 292/260/292
f 203/204/203 202/201/202 265/261/265 266/262/266
f 177/205/177 176/202/176 239/263/239 240/264/240
f 230/206/230 229/203/229 292/260/292 293/265/293
f 204/207/204 203/204/203 266/262/266 267/266/267
f 178/208/178 177/205/177 240/264/240 241/267/241
f 2752/268/2752 230/206/230 293/265/293
f 205/210/205 204/207/204 267/266/267 268/269/268
f 179/211/179 178/208/178 241/267/241 242/270/242
f 206/212/206 205/210/205 268/269/268 269/271/269
f 180/213/180 179/211/179 242/270/242 243/272/243
f 207/214/207 206/212/206 269/271/269 270/273/270
f 181/215/181 180/213/180 243/272/243 244/274/244
f 208/216/208 207/214/207 270/273/270 271/275/271
f 182/217/182 181/215/181 244/274/244 245/276/245
f 209/218/209 208/216/208 271/275/271 272/277/272
f 183/219/183 182/217/182 245/276/245 246/278/246
f 210/220/210 209/218/209 272/277/272 273/279/273
f 184/221/184 183/219/183 246/278/246 247/280/247
f 211/222/211 210/220/210 273/279/273 274/281/274
f 185/223/185 184/221/184 247/280/247 248/282/248
f 212/224/212 211/222/211 274/281/274 275/283/275
f 186/225/186 185/223/185 248/282/248 249/284/249
f 213/226/213 212/224/212 275/283/275 276/285/276
f 187/227/187 186/225/186 249/284/249 250/286/250
f 214/228/214 213/226/213 276/285/276 277/287/277
f 188/229/188 187/227/187 250/286/250 251/288/251
f 215/230/215 214/228/214 277/287/277 278/289/278
f 189/231/189 188/229/188 251/288/251 252/290/252
f 216/232/216 215/230/215 278/289/278 279/291/279
f 190/233/190 189/231/189 252/290/252 253/292/253
f 217/234/217 216/232/216 279/291/279 280/293/280
f 191/235/191 190/233/190 253/292/253 254/294/254
f 218/236/218 217/234/217 280/293/280 281/295/281
f 192/237/192 191/235/191 254/294/254 255/296/255
f 219/238/219 218/236/218 281/295/281 282/297/282
f 193/239/193 192/237/192 255/296/255 256/298/256
f 220/240/220 219/238/219 282/297/282 283/299/283
f 194/241/194 193/239/193 256/298/256 257/300/257
f 168/243/168 2058/301/2058 231/302/231
f 221/244/221 220/240/220 283/299/283 284/303/284
f 195/245/195 194/241/194 257/300/257 258/304/258
f 169/246/169 168/243/168 231/302/231 232/305/232
f 222/247/222 221/244/221 284/303/284 285/306/285
f 196/248/196 195/245/195 258/304/258 259/307/259
f 170/249/170 169/246/169 232/305/232 233/308/233
f 223/250/223 222/247/222 285/306/285 286/309/286
f 197/251/197 196/248/196 259/307/259 260/310/260
f 171/252/171 170/249/170 233/308/233 234/311/234
f 224/253/224 223/250/223 286/309/286 287/312/287
f 198/254/198 197/251/197 260/310/260 261/313/261
f 172/255/172 171/252/171 234/311/234 235/314/235
f 225/256/225 224/253/224 287/312/287 288/315/288
f 199/257/199 198/254/198 261/313/261 262/316/262
f 173/258/173 172/255/172 235/314/235 236/317/236
f 226/194/226 225/256/225 288/315/288 289/318/289
f 200/196/200 199/257/199 262/316/262 263/319/263
f 174/198/174 173/258/173 236/317/236 237/320/237
f 227/195/227 226/194/226 289/318/289 290/321/290
f 201/197/201 200/196/200 263/319/263 264/322/264
f 175/199/175 174/198/174 237/320/237 238/323/238
f 228/200/228 227/195/227 290/321/290 291/259/291
f 202/201/202 201/197/201 264/322/264 265/261/265
f 176/202/176 175/199/175 238/323/238 239/263/239
f 2752/324/2752 293/265/293 356/325/356
f 268/269/268 267/266/267 330/326/330 331/327/331
f 242/270/242 241/267/241 304/328/304 305/329/305
f 269/271/269 268/269/268 331/327/331 332/330/332
f 243/272/243 242/270/242 305/329/305 306/331/306
f 270/273/270 269/271/269 332/330/332 333/332/333
f 244/274/244 243/272/243 306/331/306 307/333/307
f 271/275/271 270/273/270 333/332/333 334/334/334
f 245/276/245 244/274/244 307/333/307 308/335/308
f 272/277/272 271/275/271 334/334/334 335/336/335
f 246/278/246 245/276/245 308/335/308 309/337/309
f 273/279/273 272/277/272 335/336/335 336/338/336
f 247/280/247 246/278/246 309/337/309 310/339/310
f 274/281/274 273/279/273 336/338/336 337/340/337
f 248/282/248 247/280/247 310/339/310 311/341/311
f 275/283/275 274/281/274 337/340/337 338/342/338
f 249/284/249 248/282/248 311/341/311 312/343/312
f 276/285/276 275/283/275 338/342/338 339/344/339
f 250/286/250 249/284/249 312/343/312 313/345/313
f 277/287/277 276/285/276 339/344/339 340/346/340
f 251/288/251 250/286/250 313/345/313 314/347/314
f 278/289/278 277/287/277 340/346/340 341/348/341
f 252/290/252 251/288/251 314/347/314 315/349/315
f 279/291/279 278/289/278 341/348/341 342/350/342
f 253/292/253 252/290/252 315/349/315 316/351/316
f 280/293/280 279/291/279 342/350/342 343/352/343
f 254/294/254 253/292/253 316/351/316 317/353/317
f 281/295/281 280/293/280 343/352/343 344/354/344
f 255/296/255 254/294/254 317/353/317 318/355/318
f 282/297/282 281/295/281 344/354/344 345/356/345
f 256/298/256 255/296/255 318/355/318 319/357/319
f 283/299/283 282/297/282 345/356/345 346/358/346
f 257/300/257 256/298/256 319/357/319 320/359/320
f 231/302/231 2058/360/2058 294/361/294
f 284/303/284 283/299/283 346/358/346 347/362/347
f 258/304/258 257/300/257 320/359/320 321/363/321
f 232/305/232 231/302/231 294/361/294 295/364/295
f 285/306/285 284/303/284 347/362/347 348/365/348
f 259/307/259 258/304/258 321/363/321 322/366/322
f 233/308/233 232/305/232 295/364/295 296/367/296
f 286/309/286 285/306/285 348/365/348 349/368/349
f 260/310/260 259/307/259 322/366/322 323/369/323
f 234/311/234 233/308/233 296/367/296 297/370/297
f 287/312/287 286/309/286 349/368/349 350/371/350
f 261/313/261 260/310/260 323/369/323 324/372/324
f 235/314/235 234/311/234 297/370/297 298/373/298
f 288/315/288 287/312/287 350/371/350 351/374/351
f 262/316/262 261/313/261 324/372/324 325/375/325
f 236/317/236 235/314/235 298/373/298 299/376/299
f 289/318/289 288/315/288 351/374/351 352/377/352
f 263/319/263 262/316/262 325/375/325 326/378/326
f 237/320/237 236/317/236 299/376/299 300/379/300
f 290/321/290 289/318/289 352/377/352 353/380/353
f 264/322/264 263/319/263 326/378/326 327/381/327
f 238/323/238 237/320/237 300/379/300 301/382/301
f 291/259/291 290/321/290 353/380/353 354/383/354
f 265/261/265 264/322/264 327/381/327 328/384/328
f 239/263/239 238/323/238 301/382/301 302/385/302
f 292/260/292 291/259/291 354/383/354 355/386/355
f 266/262/266 265/261/265 328/384/328 329/387/329
f 240/264/240 239/263/239 302/385/302 303/388/303
f 293/265/293 292/260/292 355/386/355 356/325/356
f 267/266/267 266/262/266 329/387/329 330/326/330
f 241/267/241 240/264/240 303/388/303 304/328/304
f 333/332/333 332/330/332 395/389/395 396/390/396
f 307/333/307 306/331/306 369/391/369 370/392/370
f 334/334/334 333/332/333 396/390/396 397/393/397
f 308/335/308 307/333/307 370/392/370 371/394/371
f 335/336/335 334/334/334 397/393/397 398/395/398
f 309/337/309 308/335/308 371/394/371 372/396/372
f 336/338/336 335/336/335 398/395/398 399/397/399
f 310/339/310 309/337/309 372/396/372 373/398/373
f 337/340/337 336/338/336 399/397/399 400/399/400
f 311/341/311 310/339/310 373/398/373 374/400/374
f 338/342/338 337/340/337 400/399/400 401/401/401
f 312/343/312 311/341/311 374/400/374 375/402/375
f 339/344/339 338/342/338 401/401/401 402/403/402
f 313/345/313 312/343/312 375/402/375 376/404/376
f 340/346/340 339/344/339 402/403/402 403/405/403
f 314/347/314 313/345/313 376/404/376 377/406/377
f 341/348/341 340/346/340 403/405/403 404/407/404
f 315/349/315 314/347/314 377/406/377 378/408/378
f 342/350/342 341/348/341 404/407/404 405/409/405
f 316/351/316 315/349/315 378/408/378 379/410/379
f 343/352/343 342/350/342 405/409/405 406/411/406
f 317/353/317 316/351/316 379/410/379 380/412/380
f 344/354/344 343/352/343 406/411/406 407/413/407
f 318/355/318 317/353/317 380/412/380 381/414/381
f 345/356/345 344/354/344 407/413/407 408/415/408
f 319/357/319 318/355/318 381/414/381 382/416/382
f 346/358/346 345/356/345 408/415/408 409/417/409
f 320/359/320 319/357/319 382/416/382 383/418/383
f 294/361/294 2058/419/2058 357/420/357
f 347/362/347 346/358/346 409/417/409 410/421/410
f 321/363/321 320/359/320 383/418/383 384/422/384
f 295/364/295 294/361/294 357/420/357 358/423/358
f 348/365/348 347/362/347 410/421/410 411/424/411
f 322/366/322 321/363/321 384/422/384 385/425/385
f 296/367/296 295/364/295 358/423/358 359/426/359
f 349/368/349 348/365/348 411/424/411 412/427/412
f 323/369/323 322/366/322 385/425/385 386/428/386
f 297/370/297 296/367/296 359/426/359 360/429/360
f 350/371/350 349/368/349 412/427/412 413/430/413
f 324/372/324 323/369/323 386/428/386 387/431/387
f 298/373/298 297/370/297 360/429/360 361/432/361
f 351/374/351 350/371/350 413/430/413 414/433/414
f 325/375/325 324/372/324 387/431/387 388/434/388
f 299/376/299 298/373/298 361/432/361 362/435/362
f 352/377/352 351/374/351 414/433/414 415/436/415
f 326/378/326 325/375/325 388/434/388 389/437/389
f 300/379/300 299/376/299 362/435/362 363/438/363
f 353/380/353 352/377/352 415/436/415 416/439/416
f 327/381/327 326/378/326 389/437/389 390/440/390
f 301/382/301 300/379/300 363/438/363 364/441/364
f 354/383/354 353/380/353 416/439/416 417/442/417
f 328/384/328 327/381/327 390/440/390 391/443/391
f 302/385/302 301/382/301 364/441/364 365/444/365
f 355/386/355 354/383/354 417/442/417 418/445/418
f 329/387/329 328/384/328 391/443/391 392/446/392
f 303/388/303 302/385/302 365/444/365 366/447/366
f 356/325/356 355/386/355 418/445/418 419/448/419
f 330/326/330 329/387/329 392/446/392 393/449/393
f 304/328/304 303/388/303 366/447/366 367/450/367
f 2752/451/2752 356/325/356 419/448/419
f 331/327/331 330/326/330 393/449/393 394/452/394
f 305/329/305 304/328/304 367/450/367 368/453/368
f 332/330/332 331/327/331 394/452/394 395/389/395
f 306/331/306 305/329/305 368/453/368 369/391/369
f 398/395/398 397/393/397 460/454/460 461/455/461
f 372/396/372 371/394/371 434/456/434 435/457/435
f 399/397/399 398/395/398 461/455/461 462/458/462
f 373/398/373 372/396/372 435/457/435 436/459/436
f 400/399/400 399/397/399 462/458/462 463/460/463
f 374/400/374 373/398/373 436/459/436 437/461/437
f 401/401/401 400/399/400 463/460/463 464/462/464
f 375/402/375 374/400/374 437/461/437 438/463/438
f 402/403/402 401/401/401 464/462/464 465/464/465
f 376/404/376 375/402/375 438/463/438 439/465/439
f 403/405/403 402/403/402 465/464/465 466/466/466
f 377/406/377 376/404/376 439/465/439 440/467/440
f 404/407/404 403/405/403 466/466/466 467/468/467
f 378/408/378 377/406/377 440/467/440 441/469/441
f 405/409/405 404/407/404 467/468/467 468/470/468
f 379/410/379 378/408/378 441/469/441 442/471/442
f 406/411/406 405/409/405 468/470/468 469/472/469
f 380/412/380 379/410/379 442/471/442 443/473/443
f 407/413/407 406/411/406 469/472/469 470/474/470
f 381/414/381 380/412/380 443/473/443 444/475/444
f 408/415/408 407/413/407 470/474/470 471/476/471
f 382/416/382 381/414/381 444/475/444 445/477/445
f 409/417/409 408/415/408 471/476/471 472/478/472
f 383/418/383 382/416/382 445/477/445 446/479/446
f 357/420/357 2058/480/2058 420/481/420
f 410/421/410 409/417/409 472/478/472 473/482/473
f 384/422/384 383/418/383 446/479/446 447/483/447
f 358/423/358 357/420/357 420/481/420 421/484/421
f 411/424/411 410/421/410 473/482/473 474/485/474
f 385/425/385 384/422/384 447/483/447 448/486/448
f 359/426/359 358/423/358 421/484/421 422/487/422
f 412/427/412 411/424/411 474/485/474 475/488/475
f 386/428/386 385/425/385 448/486/448 449/489/449
f 360/429/360 359/426/359 422/487/422 423/490/423
f 413/430/413 412/427/412 475/488/475 476/491/476
f 387/431/387 386/428/386 449/489/449 450/492/450
f 361/432/361 360/429/360 423/490/423 424/493/424
f 414/433/414 413/430/413 476/491/476 477/494/477
f 388/434/388 387/431/387 450/492/450 451/495/451
f 362/435/362 361/432/361 424/493/424 425/496/425
f 415/436/415 414/433/414 477/494/477 478/497/478
f 389/437/389 388/434/388 451/495/451 452/498/452
f 363/438/363 362/435/362 425/496/425 426/499/426
f 416/439/416 415/436/415 478/497/478 479/500/479
f 390/440/390 389/437/389 452/498/452 453/501/453
f 364/441/364 363/438/363 426/499/426 427/502/427
f 417/442/417 416/439/416 479/500/479 480/503/480
f 391/443/391 390/440/390 453/501/453 454/504/454
f 365/444/365 364/441/364 427/502/427 428/505/428
f 418/445/418 417/442/417 480/503/480 481/506/481
f 392/446/392 391/443/391 454/504/454 455/507/455
f 366/447/366 365/444/365 428/505/428 429/508/429
f 419/448/419 418/445/418 481/506/481 482/509/482
f 393/449/393 392/446/392 455/507/455 456/510/456
f 367/450/367 366/447/366 429/508/429 430/511/430
f 2752/512/2752 419/448/419 482/509/482
f 394/452/394 393/449/393 456/510/456 457/513/457
f 368/453/368 367/450/367 430/511/430 431/514/431
f 395/389/395 394/452/394 457/513/457 458/515/458
f 369/391/369 368/453/368 431/514/431 432/516/432
f 396/390/396 395/389/395 458/515/458 459/517/459
f 370/392/370 369/391/369 432/516/432 433/518/433
f 397/393/397 396/390/396 459/517/459 460/454/460
f 371/394/371 370/392/370 433/518/433 434/456/434
f 463/460/463 462/458/462 525/519/525 526/520/526
f 437/461/437 436/459/436 499/521/499 500/522/500
f 464/462/464 463/460/463 526/520/526 527/523/527
f 438/463/438 437/461/437 500/522/500 501/524/501
f 465/464/465 464/462/464 527/523/527 528/525/528
f 439/465/439 438/463/438 501/524/501 502/526/502
f 466/466/466 465/464/465 528/525/528 529/527/529
f 440/467/440 439/465/439 502/526/502 503/528/503
f 467/468/467 466/466/466 529/527/529 530/529/530
f 441/469/441 440/467/440 503/528/503 504/530/504
f 468/470/468 467/468/467 530/529/530 531/531/531
f 442/471/442 441/469/441 504/530/504 505/532/505
f 469/472/469 468/470/468 531/531/531 532/533/532
f 443/473/443 442/471/442 505/532/505 506/534/506
f 470/474/470 469/472/469 532/533/532 533/535/533
f 444/475/444 443/473/443 506/534/506 507/536/507
f 471/476/471 470/474/470 533/535/533 534/537/534
f 445/477/445 444/475/444 507/536/507 508/538/508
f 472/478/472 471/476/471 534/537/534 535/539/535
f 446/479/446 445/477/445 508/538/508 509/540/509
f 420/481/420 2058/541/2058 483/542/483
f 473/482/473 472/478/472 535/539/535 536/543/536
f 447/483/447 446/479/446 509/540/509 510/544/510
f 421/484/421 420/481/420 483/542/483 484/545/484
f 474/485/474 473/482/473 536/543/536 537/546/537
f 448/486/448 447/483/447 510/544/510 511/547/511
f 422/487/422 421/484/421 484/545/484 485/548/485
f 475/488/475 474/485/474 537/546/537 538/549/538
f 449/489/449 448/486/448 511/547/511 512/550/512
f 423/490/423 422/487/422 485/548/485 486/551/486
f 476/491/476 475/488/475 538/549/538 539/552/539
f 450/492/450 449/489/449 512/550/512 513/553/513
f 424/493/424 423/490/423 486/551/486 487/554/487
f 477/494/477 476/491/476 539/552/539 540/555/540
f 451/495/451 450/492/450 513/553/513 514/556/514
f 425/496/425 424/493/424 487/554/487 488/557/488
f 478/497/478 477/494/477 540/555/540 541/558/541
f 452/498/452 451/495/451 514/556/514 515/559/515
f 426/499/426 425/496/425 488/557/488 489/560/489
f 479/500/479 478/497/478 541/558/541 542/561/542
f 453/501/453 452/498/452 515/559/515 516/562/516
f 427/502/427 426/499/426 489/560/489 490/563/490
f 480/503/480 479/500/479 542/561/542 543/564/543
f 454/504/454 453/501/453 516/562/516 517/565/517
f 428/505/428 427/502/427 490/563/490 491/566/491
f 481/506/481 480/503/480 543/564/543 544/567/544
f 455/507/455 454/504/454 517/565/517 518/568/518
f 429/508/429 428/505/428 491/566/491 492/569/492
f 482/509/482 481/506/481 544/567/544 545/570/545
f 456/510/456 455/507/455 518/568/518 519/571/519
f 430/511/430 429/508/429 492/569/492 493/572/493
f 2752/573/2752 482/509/482 545/570/545
f 457/513/457 456/510/456 519/571/519 520/574/520
f 431/514/431 430/511/430 493/572/493 494/575/494
f 458/515/458 457/513/457 520/574/520 521/576/521
f 432/516/432 431/514/431 494/575/494 495/577/495
f 459/517/459 458/515/458 521/576/521 522/578/522
f 433/518/433 432/516/432 495/577/495 496/579/496
f 460/454/460 459/517/459 522/578/522 523/580/523
f 434/456/434 433/518/433 496/579/496 497/581/497
f 461/455/461 460/454/460 523/580/523 524/582/524
f 435/457/435 434/456/434 497/581/497 498/583/498
f 462/458/462 461/455/461 524/582/524 525/519/525
f 436/459/436 435/457/435 498/583/498 499/521/499
f 528/525/528 527/523/527 590/584/590 591/585/591
f 502/526/502 501/524/501 564/586/564 565/587/565
f 529/527/529 528/525/528 591/585/591 592/588/592
f 503/528/503 502/526/502 565/587/565 566/589/566
f 530/529/530 529/527/529 592/588/592 593/590/593
f 504/530/504 503/528/503 566/589/566 567/591/567
f 531/531/531 530/529/530 593/590/593 594/592/594
f 505/532/505 504/530/504 567/591/567 568/593/568
f 532/533/532 531/531/531 594/592/594 595/594/595
f 506/534/506 505/532/505 568/593/568 569/595/569
f 533/535/533 532/533/532 595/594/595 596/596/596
f 507/536/507 506/534/506 569/595/569 570/597/570
f 534/537/534 533/535/533 596/596/596 597/598/597
f 508/538/508 507/536/507 570/597/570 571/599/571
f 535/539/535 534/537/534 597/598/597 598/600/598
f 509/540/509 508/538/508 571/599/571 572/601/572
f 483/542/483 2058/602/2058 546/603/546
f 536/543/536 535/539/535 598/600/598 599/604/599
f 510/544/510 509/540/509 572/601/572 573/605/573
f 484/545/484 483/542/483 546/603/546 547/606/547
f 537/546/537 536/543/536 599/604/599 600/607/600
f 511/547/511 510/544/510 573/605/573 574/608/574
f 485/548/485 484/545/484 547/606/547 548/609/548
f 538/549/538 537/546/537 600/607/600 601/610/601
f 512/550/512 511/547/511 574/608/574 575/611/575
f 486/551/486 485/548/485 548/609/548 549/612/549
f 539/552/539 538/549/538 601/610/601 602/613/602
f 513/553/513 512/550/512 575/611/575 576/614/576
f 487/554/487 486/551/486 549/612/549 550/615/550
f 540/555/540 539/552/539 602/613/602 603/616/603
f 514/556/514 513/553/513 576/614/576 577/617/577
f 488/557/488 487/554/487 550/615/550 551/618/551
f 541/558/541 540/555/540 603/616/603 604/619/604
f 515/559/515 514/556/514 577/617/577 578/620/578
f 489/560/489 488/557/488 551/618/551 552/621/552
f 542/561/542 541/558/541 604/619/604 605/622/605
f 516/562/516 515/559/515 578/620/578 579/623/579
f 490/563/490 489/560/489 552/621/552 553/624/553
f 543/564/543 542/561/542 605/622/605 606/625/606
f 517/565/517 516/562/516 579/623/579 580/626/580
f 491/566/491 490/563/490 553/624/553 554/627/554
f 544/567/544 543/564/543 606/625/606 607/628/607
f 518/568/518 517/565/517 580/626/580 581/629/581
f 492/569/492 491/566/491 554/627/554 555/630/555
f 545/570/545 544/567/544 607/628/607 608/631/608
f 519/571/519 518/568/518 581/629/581 582/632/582
f 493/572/493 492/569/492 555/630/555 556/633/556
f 2752/634/2752 545/570/545 608/631/608
f 520/574/520 519/571/519 582/632/582 583/635/583
f 494/575/494 493/572/493 556/633/556 557/636/557
f 521/576/521 520/574/520 583/635/583 584/637/584
f 495/577/495 494/575/494 557/636/557 558/638/558
f 522/578/522 521/576/521 584/637/584 585/639/585
f 496/579/496 495/577/495 558/638/558 559/640/559
f 523/580/523 522/578/522 585/639/585 586/641/586
f 497/581/497 496/579/496 559/640/559 560/642/560
f 524/582/524 523/580/523 586/641/586 587/643/587
f 498/583/498 497/581/497 560/642/560 561/644/561
f 525/519/525 524/582/524 587/643/587 588/645/588
f 499/521/499 498/583/498 561/644/561 562/646/562
f 526/520/526 525/519/525 588/645/588 589/647/589
f 500/522/500 499/521/499 562/646/562 563/648/563
f 527/523/527 526/520/526 589/647/589 590/584/590
f 501/524/501 500/522/500 563/648/563 564/586/564
f 593/590/593 592/588/592 655/649/655 656/650/656
f 567/591/567 566/589/566 629/651/629 630/652/630
f 594/592/594 593/590/593 656/650/656 657/653/657
f 568/593/568 567/591/567 630/652/630 631/654/631
f 595/594/595 594/592/594 657/653/657 658/655/658
f 569/595/569 568/593/568 631/654/631 632/656/632
f 596/596/596 595/594/595 658/655/658 659/657/659
f 570/597/570 569/595/569 632/656/632 633/658/633
f 597/598/597 596/596/596 659/657/659 660/659/660
f 571/599/571 570/597/570 633/658/633 634/660/634
f 598/600/598 597/598/597 660/659/660 661/661/661
f 572/601/572 571/599/571 634/660/634 635/662/635
f 546/603/546 2058/663/2058 609/664/609
f 599/604/599 598/600/598 661/661/661 662/665/662
f 573/605/573 572/601/572 635/662/635 636/666/636
f 547/606/547 546/603/546 609/664/609 610/667/610
f 600/607/600 599/604/599 662/665/662 663/668/663
f 574/608/574 573/605/573 636/666/636 637/669/637
f 548/609/548 547/606/547 610/667/610 611/670/611
f 601/610/601 600/607/600 663/668/663 664/671/664
f 575/611/575 574/608/574 637/669/637 638/672/638
f 549/612/549 548/609/548 611/670/611 612/673/612
f 602/613/602 601/610/601 664/671/664 665/674/665
f 576/614/576 575/611/575 638/672/638 639/675/639
f 550/615/550 549/612/549 612/673/612 613/676/613
f 603/616/603 602/613/602 665/674/665 666/677/666
f 577/617/577 576/614/576 639/675/639 640/678/640
f 551/618/551 550/615/550 613/676/613 614/679/614
f 604/619/604 603/616/603 666/677/666 667/680/667
f 578/620/578 577/617/577 640/678/640 641/681/641
f 552/621/552 551/618/551 614/679/614 615/682/615
f 605/622/605 604/619/604 667/680/667 668/683/668
f 579/623/579 578/620/578 641/681/641 642/684/642
f 553/624/553 552/621/552 615/682/615 616/685/616
f 606/625/606 605/622/605 668/683/668 669/686/669
f 580/626/580 579/623/579 642/684/642 643/687/643
f 554/627/554 553/624/553 616/685/616 617/688/617
f 607/628/607 606/625/606 669/686/669 670/689/670
f 581/629/581 580/626/580 643/687/643 644/690/644
f 555/630/555 554/627/554 617/688/617 618/691/618
f 608/631/608 607/628/607 670/689/670 671/692/671
f 582/632/582 581/629/581 644/690/644 645/693/645
f 556/633/556 555/630/555 618/691/618 619/694/619
f 2752/695/2752 608/631/608 671/692/671
f 583/635/583 582/632/582 645/693/645 646/696/646
f 557/636/557 556/633/556 619/694/619 620/697/620
f 584/637/584 583/635/583 646/696/646 647/698/647
f 558/638/558 557/636/557 620/697/620 621/699/621
f 585/639/585 584/637/584 647/698/647 648/700/648
f 559/640/559 558/638/558 621/699/621 622/701/622
f 586/641/586 585/639/585 648/700/648 649/702/649
f 560/642/560 559/640/559 622/701/622 623/703/623
f 587/643/587 586/641/586 649/702/649 650/704/650
f 561/644/561 560/642/560 623/703/623 624/705/624
f 588/645/588 587/643/587 650/704/650 651/706/651
f 562/646/562 561/644/561 624/705/624 625/707/625
f 589/647/589 588/645/588 651/706/651 652/708/652
f 563/648/563 562/646/562 625/707/625 626/709/626
f 590/584/590 589/647/589 652/708/652 653/710/653
f 564/586/564 563/648/563 626/709/626 627/711/627
f 591/585/591 590/584/590 653/710/653 654/712/654
f 565/587/565 564/586/564 627/711/627 628/713/628
f 592/588/592 591/585/591 654/712/654 655/649/655
f 566/589/566 565/587/565 628/713/628 629/651/629
f 658/655/658 657/653/657 720/714/720 721/715/721
f 632/656/632 631/654/631 694/716/694 695/717/695
f 659/657/659 658/655/658 721/715/721 722/718/722
f 633/658/633 632/656/632 695/717/695 696/719/696
f 660/659/660 659/657/659 722/718/722 723/720/723
f 634/660/634 633/658/633 696/719/696 697/721/697
f 661/661/661 660/659/660 723/720/723 724/722/724
f 635/662/635 634/660/634 697/721/697 698/723/698
f 609/664/609 2058/724/2058 672/725/672
f 662/665/662 661/661/661 724/722/724 725/726/725
f 636/666/636 635/662/635 698/723/698 699/727/699
f 610/667/610 609/664/609 672/725/672 673/728/673
f 663/668/663 662/665/662 725/726/725 726/729/726
f 637/669/637 636/666/636 699/727/699 700/730/700
f 611/670/611 610/667/610 673/728/673 674/731/674
f 664/671/664 663/668/663 726/729/726 727/732/727
f 638/672/638 637/669/637 700/730/700 701/733/701
f 612/673/612 611/670/611 674/731/674 675/734/675
f 665/674/665 664/671/664 727/732/727 728/735/728
f 639/675/639 638/672/638 701/733/701 702/736/702
f 613/676/613 612/673/612 675/734/675 676/737/676
f 666/677/666 665/674/665 728/735/728 729/738/729
f 640/678/640 639/675/639 702/736/702 703/739/703
f 614/679/614 613/676/613 676/737/676 677/740/677
f 667/680/667 666/677/666 729/738/729 730/741/730
f 641/681/641 640/678/640 703/739/703 704/742/704
f 615/682/615 614/679/614 677/740/677 678/743/678
f 668/683/668 667/680/667 730/741/730 731/744/731
f 642/684/642 641/681/641 704/742/704 705/745/705
f 616/685/616 615/682/615 678/743/678 679/746/679
f 669/686/669 668/683/668 731/744/731 732/747/732
f 643/687/643 642/684/642 705/745/705 706/748/706
f 617/688/617 616/685/616 679/746/679 680/749/680
f 670/689/670 669/686/669 732/747/732 733/750/733
f 644/690/644 643/687/643 706/748/706 707/751/707
f 618/691/618 617/688/617 680/749/680 681/752/681
f 671/692/671 670/689/670 733/750/733 734/753/734
f 645/693/645 644/690/644 707/751/707 708/754/708
f 619/694/619 618/691/618 681/752/681 682/755/682
f 2752/756/2752 671/692/671 734/753/734
f 646/696/646 645/693/645 708/754/708 709/757/709
f 620/697/620 619/694/619 682/755/682 683/758/683
f 647/698/647 646/696/646 709/757/709 710/759/710
f 621/699/621 620/697/620 683/758/683 684/760/684
f 648/700/648 647/698/647 710/759/710 711/761/711
f 622/701/622 621/699/621 684/760/684 685/762/685
f 649/702/649 648/700/648 711/761/711 712/763/712
f 623/703/623 622/701/622 685/762/685 686/764/686
f 650/704/650 649/702/649 712/763/712 713/765/713
f 624/705/624 623/703/623 686/764/686 687/766/687
f 651/706/651 650/704/650 713/765/713 714/767/714
f 625/707/625 624/705/624 687/766/687 688/768/688
f 652/708/652 651/706/651 714/767/714 715/769/715
f 626/709/626 625/707/625 688/768/688 689/770/689
f 653/710/653 652/708/652 715/769/715 716/771/716
f 627/711/627 626/709/626 689/770/689 690/772/690
f 654/712/654 653/710/653 716/771/716 717/773/717
f 628/713/628 627/711/627 690/772/690 691/774/691
f 655/649/655 654/712/654 717/773/717 718/775/718
f 629/651/629 628/713/628 691/774/691 692/776/692
f 656/650/656 655/649/655 718/775/718 719/777/719
f 630/652/630 629/651/629 692/776/692 693/778/693
f 657/653/657 656/650/656 719/777/719 720/714/720
f 631/654/631 630/652/630 693/778/693 694/716/694
f 723/720/723 722/718/722 785/779/785 786/780/786
f 697/721/697 696/719/696 759/781/759 760/782/760
f 724/722/724 723/720/723 786/780/786 787/783/787
f 698/723/698 697/721/697 760/782/760 761/784/761
f 672/725/672 2058/785/2058 735/786/735
f 725/726/725 724/722/724 787/783/787 788/787/788
f 699/727/699 698/723/698 761/784/761 762/788/762
f 673/728/673 672/725/672 735/786/735 736/789/736
f 726/729/726 725/726/725 788/787/788 789/790/789
f 700/730/700 699/727/699 762/788/762 763/791/763
f 674/731/674 673/728/673 736/789/736 737/792/737
f 727/732/727 726/729/726 789/790/789 790/793/790
f 701/733/701 700/730/700 763/791/763 764/794/764
f 675/734/675 674/731/674 737/792/737 738/795/738
f 728/735/728 727/732/727 790/793/790 791/796/791
f 702/736/702 701/733/701 764/794/764 765/797/765
f 676/737/676 675/734/675 738/795/738 739/798/739
f 729/738/729 728/735/728 791/796/791 792/799/792
f 703/739/703 702/736/702 765/797/765 766/800/766
f 677/740/677 676/737/676 739/798/739 740/801/740
f 730/741/730 729/738/729 792/799/792 793/802/793
f 704/742/704 703/739/703 766/800/766 767/803/767
f 678/743/678 677/740/677 740/801/740 741/804/741
f 731/744/731 730/741/730 793/802/793 794/805/794
f 705/745/705 704/742/704 767/803/767 768/806/768
f 679/746/679 678/743/678 741/804/741 742/807/742
f 732/747/732 731/744/731 794/805/794 795/808/795
f 706/748/706 705/745/705 768/806/768 769/809/769
f 680/749/680 679/746/679 742/807/742 743/810/743
f 733/750/733 732/747/732 795/808/795 796/811/796
f 707/751/707 706/748/706 769/809/769 770/812/770
f 681/752/681 680/749/680 743/810/743 744/813/744
f 734/753/734 733/750/733 796/811/796 797/814/797
f 708/754/708 707/751/707 770/812/770 771/815/771
f 682/755/682 681/752/681 744/813/744 745/816/745
f 2752/817/2752 734/753/734 797/814/797
f 709/757/709 708/754/708 771/815/771 772/818/772
f 683/758/683 682/755/682 745/816/745 746/819/746
f 710/759/710 709/757/709 772/818/772 773/820/773
f 684/760/684 683/758/683 746/819/746 747/821/747
f 711/761/711 710/759/710 773/820/773 774/822/774
f 685/762/685 684/760/684 747/821/747 748/823/748
f 712/763/712 711/761/711 774/822/774 775/824/775
f 686/764/686 685/762/685 748/823/748 749/825/749
f 713/765/713 712/763/712 775/824/775 776/826/776
f 687/766/687 686/764/686 749/825/749 750/827/750
f 714/767/714 713/765/713 776/826/776 777/828/777
f 688/768/688 687/766/687 750/827/750 751/829/751
f 715/769/715 714/767/714 777/828/777 778/830/778
f 689/770/689 688/768/688 751/829/751 752/831/752
f 716/771/716 715/769/715 778/830/778 779/832/779
f 690/772/690 689/770/689 752/831/752 753/833/753
f 717/773/717 716/771/716 779/832/779 780/834/780
f 691/774/691 690/772/690 753/833/753 754/835/754
f 718/775/718 717/773/717 780/834/780 781/836/781
f 692/776/692 691/774/691 754/835/754 755/837/755
f 719/777/719 718/775/718 781/836/781 782/838/782
f 693/778/693 692/776/692 755/837/755 756/839/756
f 720/714/720 719/777/719 782/838/782 783/840/783
f 694/716/694 693/778/693 756/839/756 757/841/757
f 721/715/721 720/714/720 783/840/783 784/842/784
f 695/717/695 694/716/694 757/841/757 758/843/758
f 722/718/722 721/715/721 784/842/784 785/779/785
f 696/719/696 695/717/695 758/843/758 759/781/759
f 735/786/735 2058/844/2058 798/845/798
f 788/787/788 787/783/787 850/846/850 851/847/851
f 762/788/762 761/784/761 824/848/824 825/849/825
f 736/789/736 735/786/735 798/845/798 799/850/799
f 789/790/789 788/787/788 851/847/851 852/851/852
f 763/791/763 762/788/762 825/849/825 826/852/826
f 737/792/737 736/789/736 799/850/799 800/853/800
f 790/793/790 789/790/789 852/851/852 853/854/853
f 764/794/764 763/791/763 826/852/826 827/855/827
f 738/795/738 737/792/737 800/853/800 801/856/801
f 791/796/791 790/793/790 853/854/853 854/857/854
f 765/797/765 764/794/764 827/855/827 828/858/828
f 739/798/739 738/795/738 801/856/801 802/859/802
f 792/799/792 791/796/791 854/857/854 855/860/855
f 766/800/766 765/797/765 828/858/828 829/861/829
f 740/801/740 739/798/739 802/859/802 803/862/803
f 793/802/793 792/799/792 855/860/855 856/863/856
f 767/803/767 766/800/766 829/861/829 830/864/830
f 741/804/741 740/801/740 803/862/803 804/865/804
f 794/805/794 793/802/793 856/863/856 857/866/857
f 768/806/768 767/803/767 830/864/830 831/867/831
f 742/807/742 741/804/741 804/865/804 805/868/805
f 795/808/795 794/805/794 857/866/857 858/869/858
f 769/809/769 768/806/768 831/867/831 832/870/832
f 743/810/743 742/807/742 805/868/805 806/871/806
f 796/811/796 795/808/795 858/869/858 859/872/859
f 770/812/770 769/809/769 832/870/832 833/873/833
f 744/813/744 743/810/743 806/871/806 807/874/807
f 797/814/797 796/811/796 859/872/859 860/875/860
f 771/815/771 770/812/770 833/873/833 834/876/834
f 745/816/745 744/813/744 807/874/807 808/877/808
f 2752/878/2752 797/814/797 860/875/860
f 772/818/772 771/815/771 834/876/834 835/879/835
f 746/819/746 745/816/745 808/877/808 809/880/809
f 773/820/773 772/818/772 835/879/835 836/881/836
f 747/821/747 746/819/746 809/880/809 810/882/810
f 774/822/774 773/820/773 836/881/836 837/883/837
f 748/823/748 747/821/747 810/882/810 811/884/811
f 775/824/775 774/822/774 837/883/837 838/885/838
f 749/825/749 748/823/748 811/884/811 812/886/812
f 776/826/776 775/824/775 838/885/838 839/887/839
f 750/827/750 749/825/749 812/886/812 813/888/813
f 777/828/777 776/826/776 839/887/839 840/889/840
f 751/829/751 750/827/750 813/888/813 814/890/814
f 778/830/778 777/828/777 840/889/840 841/891/841
f 752/831/752 751/829/751 814/890/814 815/892/815
f 779/832/779 778/830/778 841/891/841 842/893/842
f 753/833/753 752/831/752 815/892/815 816/894/816
f 780/834/780 779/832/779 842/893/842 843/895/843
f 754/835/754 753/833/753 816/894/816 817/896/817
f 781/836/781 780/834/780 843/895/843 844/897/844
f 755/837/755 754/835/754 817/896/817 818/898/818
f 782/838/782 781/836/781 844/897/844 845/899/845
f 756/839/756 755/837/755 818/898/818 819/900/819
f 783/840/783 782/838/782 845/899/845 846/901/846
f 757/841/757 756/839/756 819/900/819 820/902/820
f 784/842/784 783/840/783 846/901/846 847/903/847
f 758/843/758 757/841/757 820/902/820 821/904/821
f 785/779/785 784/842/784 847/903/847 848/905/848
f 759/781/759 758/843/758 821/904/821 822/906/822
f 786/780/786 785/779/785 848/905/848 849/907/849
f 760/782/760 759/781/759 822/906/822 823/908/823
f 787/783/787 786/780/786 849/907/849 850/846/850
f 761/784/761 760/782/760 823/908/823 824/848/824
f 800/853/800 799/850/799 862/909/862 863/910/863
f 832/870/832 831/867/831 894/911/894 895/912/895
f 859/872/859 858/869/858 921/913/921 922/914/922
f 801/856/801 800/853/800 863/910/863 864/915/864
f 833/873/833 832/870/832 895/912/895 896/916/896
f 860/875/860 859/872/859 922/914/922 923/917/923
f 802/859/802 801/856/801 864/915/864 865/918/865
f 834/876/834 833/873/833 896/916/896 897/919/897
f 2752/920/2752 860/875/860 923/917/923
f 803/862/803 802/859/802 865/918/865 866/921/866
f 835/879/835 834/876/834 897/919/897 898/922/898
f 804/865/804 803/862/803 866/921/866 867/923/867
f 836/881/836 835/879/835 898/922/898 899/924/899
f 805/868/805 804/865/804 867/923/867 868/925/868
f 837/883/837 836/881/836 899/924/899 900/926/900
f 806/871/806 805/868/805 868/925/868 869/927/869
f 838/885/838 837/883/837 900/926/900 901/928/901
f 807/874/807 806/871/806 869/927/869 870/929/870
f 839/887/839 838/885/838 901/928/901 902/930/902
f 808/877/808 807/874/807 870/929/870 871/931/871
f 840/889/840 839/887/839 902/930/902 903/932/903
f 809/880/809 808/877/808 871/931/871 872/933/872
f 841/891/841 840/889/840 903/932/903 904/934/904
f 810/882/810 809/880/809 872/933/872 873/935/873
f 842/893/842 841/891/841 904/934/904 905/936/905
f 811/884/811 810/882/810 873/935/873 874/937/874
f 843/895/843 842/893/842 905/936/905 906/938/906
f 844/897/844 843/895/843 906/938/906 907/939/907
f 812/886/812 811/884/811 874/937/874 875/940/875
f 845/899/845 844/897/844 907/939/907 908/941/908
f 813/888/813 812/886/812 875/940/875 876/942/876
f 814/890/814 813/888/813 876/942/876 877/943/877
f 846/901/846 845/899/845 908/941/908 909/944/909
f 815/892/815 814/890/814 877/943/877 878/945/878
f 847/903/847 846/901/846 909/944/909 910/946/910
f 816/894/816 815/892/815 878/945/878 879/947/879
f 848/905/848 847/903/847 910/946/910 911/948/911
f 849/907/849 848/905/848 911/948/911 912/949/912
f 817/896/817 816/894/816 879/947/879 880/950/880
f 850/846/850 849/907/849 912/949/912 913/951/913
f 818/898/818 817/896/817 880/950/880 881/952/881
f 824/848/824 823/908/823 886/953/886 887/954/887
f 851/847/851 850/846/850 913/951/913 914/955/914
f 819/900/819 818/898/818 881/952/881 882/956/882
f 825/849/825 824/848/824 887/954/887 888/957/888
f 852/851/852 851/847/851 914/955/914 915/958/915
f 820/902/820 819/900/819 882/956/882 883/959/883
f 826/852/826 825/849/825 888/957/888 889/960/889
f 853/854/853 852/851/852 915/958/915 916/961/916
f 821/904/821 820/902/820 883/959/883 884/962/884
f 827/855/827 826/852/826 889/960/889 890/963/890
f 854/857/854 853/854/853 916/961/916 917/964/917
f 822/906/822 821/904/821 884/962/884 885/965/885
f 828/858/828 827/855/827 890/963/890 891/966/891
f 855/860/855 854/857/854 917/964/917 918/967/918
f 823/908/823 822/906/822 885/965/885 886/953/886
f 829/861/829 828/858/828 891/966/891 892/968/892
f 856/863/856 855/860/855 918/967/918 919/969/919
f 798/845/798 2058/970/2058 861/971/861
f 830/864/830 829/861/829 892/968/892 893/972/893
f 857/866/857 856/863/856 919/969/919 920/973/920
f 831/867/831 830/864/830 893/972/893 894/911/894
f 799/850/799 798/845/798 861/971/861 862/909/862
f 858/869/858 857/866/857 920/973/920 921/913/921
f 897/919/897 896/916/896 959/974/959 960/975/960
f 871/931/871 870/929/870 933/976/933 934/977/934
f 2752/978/2752 923/917/923 986/979/986
f 898/922/898 897/919/897 960/975/960 961/980/961
f 872/933/872 871/931/871 934/977/934 935/981/935
f 899/924/899 898/922/898 961/980/961 962/982/962
f 873/935/873 872/933/872 935/981/935 936/983/936
f 900/926/900 899/924/899 962/982/962 963/984/963
f 874/937/874 873/935/873 936/983/936 937/985/937
f 901/928/901 900/926/900 963/984/963 964/986/964
f 875/940/875 874/937/874 937/985/937 938/987/938
f 902/930/902 901/928/901 964/986/964 965/988/965
f 876/942/876 875/940/875 938/987/938 939/989/939
f 903/932/903 902/930/902 965/988/965 966/990/966
f 877/943/877 876/942/876 939/989/939 940/991/940
f 904/934/904 903/932/903 966/990/966 967/992/967
f 878/945/878 877/943/877 940/991/940 941/993/941
f 905/936/905 904/934/904 967/992/967 968/994/968
f 879/947/879 878/945/878 941/993/941 942/995/942
f 906/938/906 905/936/905 968/994/968 969/996/969
f 880/950/880 879/947/879 942/995/942 943/997/943
f 907/939/907 906/938/906 969/996/969 970/998/970
f 881/952/881 880/950/880 943/997/943 944/999/944
f 908/941/908 907/939/907 970/998/970 971/1000/971
f 882/956/882 881/952/881 944/999/944 945/1001/945
f 909/944/909 908/941/908 971/1000/971 972/1002/972
f 883/959/883 882/956/882 945/1001/945 946/1003/946
f 910/946/910 909/944/909 972/1002/972 973/1004/973
f 884/962/884 883/959/883 946/1003/946 947/1005/947
f 911/948/911 910/946/910 973/1004/973 974/1006/974
f 885/965/885 884/962/884 947/1005/947 948/1007/948
f 912/949/912 911/948/911 974/1006/974 975/1008/975
f 886/953/886 885/965/885 948/1007/948 949/1009/949
f 913/951/913 912/949/912 975/1008/975 976/1010/976
f 887/954/887 886/953/886 949/1009/949 950/1011/950
f 861/971/861 2058/1012/2058 924/1013/924
f 914/955/914 913/951/913 976/1010/976 977/1014/977
f 888/957/888 887/954/887 950/1011/950 951/1015/951
f 862/909/862 861/971/861 924/1013/924 925/1016/925
f 915/958/915 914/955/914 977/1014/977 978/1017/978
f 889/960/889 888/957/888 951/1015/951 952/1018/952
f 863/910/863 862/909/862 925/1016/925 926/1019/926
f 916/961/916 915/958/915 978/1017/978 979/1020/979
f 890/963/890 889/960/889 952/1018/952 953/1021/953
f 864/915/864 863/910/863 926/1019/926 927/1022/927
f 917/964/917 916/961/916 979/1020/979 980/1023/980
f 891/966/891 890/963/890 953/1021/953 954/1024/954
f 865/918/865 864/915/864 927/1022/927 928/1025/928
f 918/967/918 917/964/917 980/1023/980 981/1026/981
f 892/968/892 891/966/891 954/1024/954 955/1027/955
f 866/921/866 865/918/865 928/1025/928 929/1028/929
f 919/969/919 918/967/918 981/1026/981 982/1029/982
f 893/972/893 892/968/892 955/1027/955 956/1030/956
f 867/923/867 866/921/866 929/1028/929 930/1031/930
f 920/973/920 919/969/919 982/1029/982 983/1032/983
f 894/911/894 893/972/893 956/1030/956 957/1033/957
f 868/925/868 867/923/867 930/1031/930 931/1034/931
f 921/913/921 920/973/920 983/1032/983 984/1035/984
f 895/912/895 894/911/894 957/1033/957 958/1036/958
f 869/927/869 868/925/868 931/1034/931 932/1037/932
f 922/914/922 921/913/921 984/1035/984 985/1038/985
f 896/916/896 895/912/895 958/1036/958 959/974/959
f 870/929/870 869/927/869 932/1037/932 933/976/933
f 923/917/923 922/914/922 985/1038/985 986/979/986
f 962/982/962 961/980/961 1024/1039/1024 1025/1040/1025
f 936/983/936 935/981/935 998/1041/998 999/1042/999
f 963/984/963 962/982/962 1025/1040/1025 1026/1043/1026
f 937/985/937 936/983/936 999/1042/999 1000/1044/1000
f 964/986/964 963/984/963 1026/1043/1026 1027/1045/1027
f 938/987/938 937/985/937 1000/1044/1000 1001/1046/1001
f 965/988/965 964/986/964 1027/1045/1027 1028/1047/1028
f 939/989/939 938/987/938 1001/1046/1001 1002/1048/1002
f 966/990/966 965/988/965 1028/1047/1028 1029/1049/1029
f 940/991/940 939/989/939 1002/1048/1002 1003/1050/1003
f 967/992/967 966/990/966 1029/1049/1029 1030/1051/1030
f 941/993/941 940/991/940 1003/1050/1003 1004/1052/1004
f 968/994/968 967/992/967 1030/1051/1030 1031/1053/1031
f 942/995/942 941/993/941 1004/1052/1004 1005/1054/1005
f 969/996/969 968/994/968 1031/1053/1031 1032/1055/1032
f 943/997/943 942/995/942 1005/1054/1005 1006/1056/1006
f 970/998/970 969/996/969 1032/1055/1032 1033/1057/1033
f 944/999/944 943/997/943 1006/1056/1006 1007/1058/1007
f 971/1000/971 970/998/970 1033/1057/1033 1034/1059/1034
f 945/1001/945 944/999/944 1007/1058/1007 1008/1060/1008
f 972/1002/972 971/1000/971 1034/1059/1034 1035/1061/1035
f 946/1003/946 945/1001/945 1008/1060/1008 1009/1062/1009
f 973/1004/973 972/1002/972 1035/1061/1035 1036/1063/1036
f 947/1005/947 946/1003/946 1009/1062/1009 1010/1064/1010
f 974/1006/974 973/1004/973 1036/1063/1036 1037/1065/1037
f 948/1007/948 947/1005/947 1010/1064/1010 1011/1066/1011
f 975/1008/975 974/1006/974 1037/1065/1037 1038/1067/1038
f 949/1009/949 948/1007/948 1011/1066/1011 1012/1068/1012
f 976/1010/976 975/1008/975 1038/1067/1038 1039/1069/1039
f 950/1011/950 949/1009/949 1012/1068/1012 1013/1070/1013
f 924/1013/924 2058/1071/2058 987/1072/987
f 977/1014/977 976/1010/976 1039/1069/1039 1040/1073/1040
f 951/1015/951 950/1011/950 1013/1070/1013 1014/1074/1014
f 925/1016/925 924/1013/924 987/1072/987 988/1075/988
f 978/1017/978 977/1014/977 1040/1073/1040 1041/1076/1041
f 952/1018/952 951/1015/951 1014/1074/1014 1015/1077/1015
f 926/1019/926 925/1016/925 988/1075/988 989/1078/989
f 979/1020/979 978/1017/978 1041/1076/1041 1042/1079/1042
f 953/1021/953 952/1018/952 1015/1077/1015 1016/1080/1016
f 927/1022/927 926/1019/926 989/1078/989 990/1081/990
f 980/1023/980 979/1020/979 1042/1079/1042 1043/1082/1043
f 954/1024/954 953/1021/953 1016/1080/1016 1017/1083/1017
f 928/1025/928 927/1022/927 990/1081/990 991/1084/991
f 981/1026/981 980/1023/980 1043/1082/1043 1044/1085/1044
f 955/1027/955 954/1024/954 1017/1083/1017 1018/1086/1018
f 929/1028/929 928/1025/928 991/1084/991 992/1087/992
f 982/1029/982 981/1026/981 1044/1085/1044 1045/1088/1045
f 956/1030/956 955/1027/955 1018/1086/1018 1019/1089/1019
f 930/1031/930 929/1028/929 992/1087/992 993/1090/993
f 983/1032/983 982/1029/982 1045/1088/1045 1046/1091/1046
f 957/1033/957 956/1030/956 1019/1089/1019 1020/1092/1020
f 931/1034/931 930/1031/930 993/1090/993 994/1093/994
f 984/1035/984 983/1032/983 1046/1091/1046 1047/1094/1047
f 958/1036/958 957/1033/957 1020/1092/1020 1021/1095/1021
f 932/1037/932 931/1034/931 994/1093/994 995/1096/995
f 985/1038/985 984/1035/984 1047/1094/1047 1048/1097/1048
f 959/974/959 958/1036/958 1021/1095/1021 1022/1098/1022
f 933/976/933 932/1037/932 995/1096/995 996/1099/996
f 986/979/986 985/1038/985 1048/1097/1048 1049/1100/1049
f 960/975/960 959/974/959 1022/1098/1022 1023/1101/1023
f 934/977/934 933/976/933 996/1099/996 997/1102/997
f 2752/1103/2752 986/979/986 1049/1100/1049
f 961/980/961 960/975/960 1023/1101/1023 1024/1039/1024
f 935/981/935 934/977/934 997/1102/997 998/1041/998
f 1027/1045/1027 1026/1043/1026 1089/1104/1089 1090/1105/1090
f 1001/1046/1001 1000/1044/1000 1063/1106/1063 1064/1107/1064
f 1028/1047/1028 1027/1045/1027 1090/1105/1090 1091/1108/1091
f 1002/1048/1002 1001/1046/1001 1064/1107/1064 1065/1109/1065
f 1029/1049/1029 1028/1047/1028 1091/1108/1091 1092/1110/1092
f 1003/1050/1003 1002/1048/1002 1065/1109/1065 1066/1111/1066
f 1030/1051/1030 1029/1049/1029 1092/1110/1092 1093/1112/1093
f 1004/1052/1004 1003/1050/1003 1066/1111/1066 1067/1113/1067
f 1031/1053/1031 1030/1051/1030 1093/1112/1093 1094/1114/1094
f 1005/1054/1005 1004/1052/1004 1067/1113/1067 1068/1115/1068
f 1032/1055/1032 1031/1053/1031 1094/1114/1094 1095/1116/1095
f 1006/1056/1006 1005/1054/1005 1068/1115/1068 1069/1117/1069
f 1033/1057/1033 1032/1055/1032 1095/1116/1095 1096/1118/1096
f 1007/1058/1007 1006/1056/1006 1069/1117/1069 1070/1119/1070
f 1034/1059/1034 1033/1057/1033 1096/1118/1096 1097/1120/1097
f 1008/1060/1008 1007/1058/1007 1070/1119/1070 1071/1121/1071
f 1035/1061/1035 1034/1059/1034 1097/1120/1097 1098/1122/1098
f 1009/1062/1009 1008/1060/1008 1071/1121/1071 1072/1123/1072
f 1036/1063/1036 1035/1061/1035 1098/1122/1098 1099/1124/1099
f 1010/1064/1010 1009/1062/1009 1072/1123/1072 1073/1125/1073
f 1037/1065/1037 1036/1063/1036 1099/1124/1099 1100/1126/1100
f 1011/1066/1011 1010/1064/1010 1073/1125/1073 1074/1127/1074
f 1038/1067/1038 1037/1065/1037 1100/1126/1100 1101/1128/1101
f 1012/1068/1012 1011/1066/1011 1074/1127/1074 1075/1129/1075
f 1039/1069/1039 1038/1067/1038 1101/1128/1101 1102/1130/1102
f 1013/1070/1013 1012/1068/1012 1075/1129/1075 1076/1131/1076
f 987/1072/987 2058/1132/2058 1050/1133/1050
f 1040/1073/1040 1039/1069/1039 1102/1130/1102 1103/1134/1103
f 1014/1074/1014 1013/1070/1013 1076/1131/1076 1077/1135/1077
f 988/1075/988 987/1072/987 1050/1133/1050 1051/1136/1051
f 1041/1076/1041 1040/1073/1040 1103/1134/1103 1104/1137/1104
f 1015/1077/1015 1014/1074/1014 1077/1135/1077 1078/1138/1078
f 989/1078/989 988/1075/988 1051/1136/1051 1052/1139/1052
f 1042/1079/1042 1041/1076/1041 1104/1137/1104 1105/1140/1105
f 1016/1080/1016 1015/1077/1015 1078/1138/1078 1079/1141/1079
f 990/1081/990 989/1078/989 1052/1139/1052 1053/1142/1053
f 1043/1082/1043 1042/1079/1042 1105/1140/1105 1106/1143/1106
f 1017/1083/1017 1016/1080/1016 1079/1141/1079 1080/1144/1080
f 991/1084/991 990/1081/990 1053/1142/1053 1054/1145/1054
f 1044/1085/1044 1043/1082/1043 1106/1143/1106 1107/1146/1107
f 1018/1086/1018 1017/1083/1017 1080/1144/1080 1081/1147/1081
f 992/1087/992 991/1084/991 1054/1145/1054 1055/1148/1055
f 1045/1088/1045 1044/1085/1044 1107/1146/1107 1108/1149/1108
f 1019/1089/1019 1018/1086/1018 1081/1147/1081 1082/1150/1082
f 993/1090/993 992/1087/992 1055/1148/1055 1056/1151/1056
f 1046/1091/1046 1045/1088/1045 1108/1149/1108 1109/1152/1109
f 1020/1092/1020 1019/1089/1019 1082/1150/1082 1083/1153/1083
f 994/1093/994 993/1090/993 1056/1151/1056 1057/1154/1057
f 1047/1094/1047 1046/1091/1046 1109/1152/1109 1110/1155/1110
f 1021/1095/1021 1020/1092/1020 1083/1153/1083 1084/1156/1084
f 995/1096/995 994/1093/994 1057/1154/1057 1058/1157/1058
f 1048/1097/1048 1047/1094/1047 1110/1155/1110 1111/1158/1111
f 1022/1098/1022 1021/1095/1021 1084/1156/1084 1085/1159/1085
f 996/1099/996 995/1096/995 1058/1157/1058 1059/1160/1059
f 1049/1100/1049 1048/1097/1048 1111/1158/1111 1112/1161/1112
f 1023/1101/1023 1022/1098/1022 1085/1159/1085 1086/1162/1086
f 997/1102/997 996/1099/996 1059/1160/1059 1060/1163/1060
f 2752/1164/2752 1049/1100/1049 1112/1161/1112
f 1024/1039/1024 1023/1101/1023 1086/1162/1086 1087/1165/1087
f 998/1041/998 997/1102/997 1060/1163/1060 1061/1166/1061
f 1025/1040/1025 1024/1039/1024 1087/1165/1087 1088/1167/1088
f 999/1042/999 998/1041/998 1061/1166/1061 1062/1168/1062
f 1026/1043/1026 1025/1040/1025 1088/1167/1088 1089/1104/1089
f 1000/1044/1000 999/1042/999 1062/1168/1062 1063/1106/1063
f 1092/1110/1092 1091/1108/1091 1154/1169/1154 1155/1170/1155
f 1066/1111/1066 1065/1109/1065 1128/1171/1128 1129/1172/1129
f 1093/1112/1093 1092/1110/1092 1155/1170/1155 1156/1173/1156
f 1067/1113/1067 1066/1111/1066 1129/1172/1129 1130/1174/1130
f 1094/1114/1094 1093/1112/1093 1156/1173/1156 1157/1175/1157
f 1068/1115/1068 1067/1113/1067 1130/1174/1130 1131/1176/1131
f 1095/1116/1095 1094/1114/1094 1157/1175/1157 1158/1177/1158
f 1069/1117/1069 1068/1115/1068 1131/1176/1131 1132/1178/1132
f 1096/1118/1096 1095/1116/1095 1158/1177/1158 1159/1179/1159
f 1070/1119/1070 1069/1117/1069 1132/1178/1132 1133/1180/1133
f 1097/1120/1097 1096/1118/1096 1159/1179/1159 1160/1181/1160
f 1071/1121/1071 1070/1119/1070 1133/1180/1133 1134/1182/1134
f 1098/1122/1098 1097/1120/1097 1160/1181/1160 1161/1183/1161
f 1072/1123/1072 1071/1121/1071 1134/1182/1134 1135/1184/1135
f 1099/1124/1099 1098/1122/1098 1161/1183/1161 1162/1185/1162
f 1073/1125/1073 1072/1123/1072 1135/1184/1135 1136/1186/1136
f 1100/1126/1100 1099/1124/1099 1162/1185/1162 1163/1187/1163
f 1074/1127/1074 1073/1125/1073 1136/1186/1136 1137/1188/1137
f 1101/1128/1101 1100/1126/1100 1163/1187/1163 1164/1189/1164
f 1075/1129/1075 1074/1127/1074 1137/1188/1137 1138/1190/1138
f 1102/1130/1102 1101/1128/1101 1164/1189/1164 1165/1191/1165
f 1076/1131/1076 1075/1129/1075 1138/1190/1138 1139/1192/1139
f 1050/1133/1050 2058/1193/2058 1113/1194/1113
f 1103/1134/1103 1102/1130/1102 1165/1191/1165 1166/1195/1166
f 1077/1135/1077 1076/1131/1076 1139/1192/1139 1140/1196/1140
f 1051/1136/1051 1050/1133/1050 1113/1194/1113 1114/1197/1114
f 1104/1137/1104 1103/1134/1103 1166/1195/1166 1167/1198/1167
f 1078/1138/1078 1077/1135/1077 1140/1196/1140 1141/1199/1141
f 1052/1139/1052 1051/1136/1051 1114/1197/1114 1115/1200/1115
f 1105/1140/1105 1104/1137/1104 1167/1198/1167 1168/1201/1168
f 1079/1141/1079 1078/1138/1078 1141/1199/1141 1142/1202/1142
f 1053/1142/1053 1052/1139/1052 1115/1200/1115 1116/1203/1116
f 1106/1143/1106 1105/1140/1105 1168/1201/1168 1169/1204/1169
f 1080/1144/1080 1079/1141/1079 1142/1202/1142 1143/1205/1143
f 1054/1145/1054 1053/1142/1053 1116/1203/1116 1117/1206/1117
f 1107/1146/1107 1106/1143/1106 1169/1204/1169 1170/1207/1170
f 1081/1147/1081 1080/1144/1080 1143/1205/1143 1144/1208/1144
f 1055/1148/1055 1054/1145/1054 1117/1206/1117 1118/1209/1118
f 1108/1149/1108 1107/1146/1107 1170/1207/1170 1171/1210/1171
f 1082/1150/1082 1081/1147/1081 1144/1208/1144 1145/1211/1145
f 1056/1151/1056 1055/1148/1055 1118/1209/1118 1119/1212/1119
f 1109/1152/1109 1108/1149/1108 1171/1210/1171 1172/1213/1172
f 1083/1153/1083 1082/1150/1082 1145/1211/1145 1146/1214/1146
f 1057/1154/1057 1056/1151/1056 1119/1212/1119 1120/1215/1120
f 1110/1155/1110 1109/1152/1109 1172/1213/1172 1173/1216/1173
f 1084/1156/1084 1083/1153/1083 1146/1214/1146 1147/1217/1147
f 1058/1157/1058 1057/1154/1057 1120/1215/1120 1121/1218/1121
f 1111/1158/1111 1110/1155/1110 1173/1216/1173 1174/1219/1174
f 1085/1159/1085 1084/1156/1084 1147/1217/1147 1148/1220/1148
f 1059/1160/1059 1058/1157/1058 1121/1218/1121 1122/1221/1122
f 1112/1161/1112 1111/1158/1111 1174/1219/1174 1175/1222/1175
f 1086/1162/1086 1085/1159/1085 1148/1220/1148 1149/1223/1149
f 1060/1163/1060 1059/1160/1059 1122/1221/1122 1123/1224/1123
f 2752/1225/2752 1112/1161/1112 1175/1222/1175
f 1087/1165/1087 1086/1162/1086 1149/1223/1149 1150/1226/1150
f 1061/1166/1061 1060/1163/1060 1123/1224/1123 1124/1227/1124
f 1088/1167/1088 1087/1165/1087 1150/1226/1150 1151/1228/1151
f 1062/1168/1062 1061/1166/1061 1124/1227/1124 1125/1229/1125
f 1089/1104/1089 1088/1167/1088 1151/1228/1151 1152/1230/1152
f 1063/1106/1063 1062/1168/1062 1125/1229/1125 1126/1231/1126
f 1090/1105/1090 1089/1104/1089 1152/1230/1152 1153/1232/1153
f 1064/1107/1064 1063/1106/1063 1126/1231/1126 1127/1233/1127
f 1091/1108/1091 1090/1105/1090 1153/1232/1153 1154/1169/1154
f 1065/1109/1065 1064/1107/1064 1127/1233/1127 1128/1171/1128
f 1157/1175/1157 1156/1173/1156 1219/1234/1219 1220/1235/1220
f 1131/1176/1131 1130/1174/1130 1193/1236/1193 1194/1237/1194
f 1158/1177/1158 1157/1175/1157 1220/1235/1220 1221/1238/1221
f 1132/1178/1132 1131/1176/1131 1194/1237/1194 1195/1239/1195
f 1159/1179/1159 1158/1177/1158 1221/1238/1221 1222/1240/1222
f 1133/1180/1133 1132/1178/1132 1195/1239/1195 1196/1241/1196
f 1160/1181/1160 1159/1179/1159 1222/1240/1222 1223/1242/1223
f 1134/1182/1134 1133/1180/1133 1196/1241/1196 1197/1243/1197
f 1161/1183/1161 1160/1181/1160 1223/1242/1223 1224/1244/1224
f 1135/1184/1135 1134/1182/1134 1197/1243/1197 1198/1245/1198
f 1162/1185/1162 1161/1183/1161 1224/1244/1224 1225/1246/1225
f 1136/1186/1136 1135/1184/1135 1198/1245/1198 1199/1247/1199
f 1163/1187/1163 1162/1185/1162 1225/1246/1225 1226/1248/1226
f 1137/1188/1137 1136/1186/1136 1199/1247/1199 1200/1249/1200
f 1164/1189/1164 1163/1187/1163 1226/1248/1226 1227/1250/1227
f 1138/1190/1138 1137/1188/1137 1200/1249/1200 1201/1251/1201
f 1165/1191/1165 1164/1189/1164 1227/1250/1227 1228/1252/1228
f 1139/1192/1139 1138/1190/1138 1201/1251/1201 1202/1253/1202
f 1113/1194/1113 2058/1254/2058 1176/1255/1176
f 1166/1195/1166 1165/1191/1165 1228/1252/1228 1229/1256/1229
f 1140/1196/1140 1139/1192/1139 1202/1253/1202 1203/1257/1203
f 1114/1197/1114 1113/1194/1113 1176/1255/1176 1177/1258/1177
f 1167/1198/1167 1166/1195/1166 1229/1256/1229 1230/1259/1230
f 1141/1199/1141 1140/1196/1140 1203/1257/1203 1204/1260/1204
f 1115/1200/1115 1114/1197/1114 1177/1258/1177 1178/1261/1178
f 1168/1201/1168 1167/1198/1167 1230/1259/1230 1231/1262/1231
f 1142/1202/1142 1141/1199/1141 1204/1260/1204 1205/1263/1205
f 1116/1203/1116 1115/1200/1115 1178/1261/1178 1179/1264/1179
f 1169/1204/1169 1168/1201/1168 1231/1262/1231 1232/1265/1232
f 1143/1205/1143 1142/1202/1142 1205/1263/1205 1206/1266/1206
f 1117/1206/1117 1116/1203/1116 1179/1264/1179 1180/1267/1180
f 1170/1207/1170 1169/1204/1169 1232/1265/1232 1233/1268/1233
f 1144/1208/1144 1143/1205/1143 1206/1266/1206 1207/1269/1207
f 1118/1209/1118 1117/1206/1117 1180/1267/1180 1181/1270/1181
f 1171/1210/1171 1170/1207/1170 1233/1268/1233 1234/1271/1234
f 1145/1211/1145 1144/1208/1144 1207/1269/1207 1208/1272/1208
f 1119/1212/1119 1118/1209/1118 1181/1270/1181 1182/1273/1182
f 1172/1213/1172 1171/1210/1171 1234/1271/1234 1235/1274/1235
f 1146/1214/1146 1145/1211/1145 1208/1272/1208 1209/1275/1209
f 1120/1215/1120 1119/1212/1119 1182/1273/1182 1183/1276/1183
f 1173/1216/1173 1172/1213/1172 1235/1274/1235 1236/1277/1236
f 1147/1217/1147 1146/1214/1146 1209/1275/1209 1210/1278/1210
f 1121/1218/1121 1120/1215/1120 1183/1276/1183 1184/1279/1184
f 1174/1219/1174 1173/1216/1173 1236/1277/1236 1237/1280/1237
f 1148/1220/1148 1147/1217/1147 1210/1278/1210 1211/1281/1211
f 1122/1221/1122 1121/1218/1121 1184/1279/1184 1185/1282/1185
f 1175/1222/1175 1174/1219/1174 1237/1280/1237 1238/1283/1238
f 1149/1223/1149 1148/1220/1148 1211/1281/1211 1212/1284/1212
f 1123/1224/1123 1122/1221/1122 1185/1282/1185 1186/1285/1186
f 2752/1286/2752 1175/1222/1175 1238/1283/1238
f 1150/1226/1150 1149/1223/1149 1212/1284/1212 1213/1287/1213
f 1124/1227/1124 1123/1224/1123 1186/1285/1186 1187/1288/1187
f 1151/1228/1151 1150/1226/1150 1213/1287/1213 1214/1289/1214
f 1125/1229/1125 1124/1227/1124 1187/1288/1187 1188/1290/1188
f 1152/1230/1152 1151/1228/1151 1214/1289/1214 1215/1291/1215
f 1126/1231/1126 1125/1229/1125 1188/1290/1188 1189/1292/1189
f 1153/1232/1153 1152/1230/1152 1215/1291/1215 1216/1293/1216
f 1127/1233/1127 1126/1231/1126 1189/1292/1189 1190/1294/1190
f 1154/1169/1154 1153/1232/1153 1216/1293/1216 1217/1295/1217
f 1128/1171/1128 1127/1233/1127 1190/1294/1190 1191/1296/1191
f 1155/1170/1155 1154/1169/1154 1217/1295/1217 1218/1297/1218
f 1129/1172/1129 1128/1171/1128 1191/1296/1191 1192/1298/1192
f 1156/1173/1156 1155/1170/1155 1218/1297/1218 1219/1234/1219
f 1130/1174/1130 1129/1172/1129 1192/1298/1192 1193/1236/1193
f 1222/1240/1222 1221/1238/1221 1284/1299/1284 1285/1300/1285
f 1196/1241/1196 1195/1239/1195 1258/1301/1258 1259/1302/1259
f 1223/1242/1223 1222/1240/1222 1285/1300/1285 1286/1303/1286
f 1197/1243/1197 1196/1241/1196 1259/1302/1259 1260/1304/1260
f 1224/1244/1224 1223/1242/1223 1286/1303/1286 1287/1305/1287
f 1198/1245/1198 1197/1243/1197 1260/1304/1260 1261/1306/1261
f 1225/1246/1225 1224/1244/1224 1287/1305/1287 1288/1307/1288
f 1199/1247/1199 1198/1245/1198 1261/1306/1261 1262/1308/1262
f 1226/1248/1226 1225/1246/1225 1288/1307/1288 1289/1309/1289
f 1200/1249/1200 1199/1247/1199 1262/1308/1262 1263/1310/1263
f 1227/1250/1227 1226/1248/1226 1289/1309/1289 1290/1311/1290
f 1201/1251/1201 1200/1249/1200 1263/1310/1263 1264/1312/1264
f 1228/1252/1228 1227/1250/1227 1290/1311/1290 1291/1313/1291
f 1202/1253/1202 1201/1251/1201 1264/1312/1264 1265/1314/1265
f 1176/1255/1176 2058/1315/2058 1239/1316/1239
f 1229/1256/1229 1228/1252/1228 1291/1313/1291 1292/1317/1292
f 1203/1257/1203 1202/1253/1202 1265/1314/1265 1266/1318/1266
f 1177/1258/1177 1176/1255/1176 1239/1316/1239 1240/1319/1240
f 1230/1259/1230 1229/1256/1229 1292/1317/1292 1293/1320/1293
f 1204/1260/1204 1203/1257/1203 1266/1318/1266 1267/1321/1267
f 1178/1261/1178 1177/1258/1177 1240/1319/1240 1241/1322/1241
f 1231/1262/1231 1230/1259/1230 1293/1320/1293 1294/1323/1294
f 1205/1263/1205 1204/1260/1204 1267/1321/1267 1268/1324/1268
f 1179/1264/1179 1178/1261/1178 1241/1322/1241 1242/1325/1242
f 1232/1265/1232 1231/1262/1231 1294/1323/1294 1295/1326/1295
f 1206/1266/1206 1205/1263/1205 1268/1324/1268 1269/1327/1269
f 1180/1267/1180 1179/1264/1179 1242/1325/1242 1243/1328/1243
f 1233/1268/1233 1232/1265/1232 1295/1326/1295 1296/1329/1296
f 1207/1269/1207 1206/1266/1206 1269/1327/1269 1270/1330/1270
f 1181/1270/1181 1180/1267/1180 1243/1328/1243 1244/1331/1244
f 1234/1271/1234 1233/1268/1233 1296/1329/1296 1297/1332/1297
f 1208/1272/1208 1207/1269/1207 1270/1330/1270 1271/1333/1271
f 1182/1273/1182 1181/1270/1181 1244/1331/1244 1245/1334/1245
f 1235/1274/1235 1234/1271/1234 1297/1332/1297 1298/1335/1298
f 1209/1275/1209 1208/1272/1208 1271/1333/1271 1272/1336/1272
f 1183/1276/1183 1182/1273/1182 1245/1334/1245 1246/1337/1246
f 1236/1277/1236 1235/1274/1235 1298/1335/1298 1299/1338/1299
f 1210/1278/1210 1209/1275/1209 1272/1336/1272 1273/1339/1273
f 1184/1279/1184 1183/1276/1183 1246/1337/1246 1247/1340/1247
f 1237/1280/1237 1236/1277/1236 1299/1338/1299 1300/1341/1300
f 1211/1281/1211 1210/1278/1210 1273/1339/1273 1274/1342/1274
f 1185/1282/1185 1184/1279/1184 1247/1340/1247 1248/1343/1248
f 1238/1283/1238 1237/1280/1237 1300/1341/1300 1301/1344/1301
f 1212/1284/1212 1211/1281/1211 1274/1342/1274 1275/1345/1275
f 1186/1285/1186 1185/1282/1185 1248/1343/1248 1249/1346/1249
f 2752/1347/2752 1238/1283/1238 1301/1344/1301
f 1213/1287/1213 1212/1284/1212 1275/1345/1275 1276/1348/1276
f 1187/1288/1187 1186/1285/1186 1249/1346/1249 1250/1349/1250
f 1214/1289/1214 1213/1287/1213 1276/1348/1276 1277/1350/1277
f 1188/1290/1188 1187/1288/1187 1250/1349/1250 1251/1351/1251
f 1215/1291/1215 1214/1289/1214 1277/1350/1277 1278/1352/1278
f 1189/1292/1189 1188/1290/1188 1251/1351/1251 1252/1353/1252
f 1216/1293/1216 1215/1291/1215 1278/1352/1278 1279/1354/1279
f 1190/1294/1190 1189/1292/1189 1252/1353/1252 1253/1355/1253
f 1217/1295/1217 1216/1293/1216 1279/1354/1279 1280/1356/1280
f 1191/1296/1191 1190/1294/1190 1253/1355/1253 1254/1357/1254
f 1218/1297/1218 1217/1295/1217 1280/1356/1280 1281/1358/1281
f 1192/1298/1192 1191/1296/1191 1254/1357/1254 1255/1359/1255
f 1219/1234/1219 1218/1297/1218 1281/1358/1281 1282/1360/1282
f 1193/1236/1193 1192/1298/1192 1255/1359/1255 1256/1361/1256
f 1220/1235/1220 1219/1234/1219 1282/1360/1282 1283/1362/1283
f 1194/1237/1194 1193/1236/1193 1256/1361/1256 1257/1363/1257
f 1221/1238/1221 1220/1235/1220 1283/1362/1283 1284/1299/1284
f 1195/1239/1195 1194/1237/1194 1257/1363/1257 1258/1301/1258
f 1287/1305/1287 1286/1303/1286 1349/1364/1349 1350/1365/1350
f 1261/1306/1261 1260/1304/1260 1323/1366/1323 1324/1367/1324
f 1288/1307/1288 1287/1305/1287 1350/1365/1350 1351/1368/1351
f 1262/1308/1262 1261/1306/1261 1324/1367/1324 1325/1369/1325
f 1289/1309/1289 1288/1307/1288 1351/1368/1351 1352/1370/1352
f 1263/1310/1263 1262/1308/1262 1325/1369/1325 1326/1371/1326
f 1290/1311/1290 1289/1309/1289 1352/1370/1352 1353/1372/1353
f 1264/1312/1264 1263/1310/1263 1326/1371/1326 1327/1373/1327
f 1291/1313/1291 1290/1311/1290 1353/1372/1353 1354/1374/1354
f 1265/1314/1265 1264/1312/1264 1327/1373/1327 1328/1375/1328
f 1239/1316/1239 2058/1376/2058 1302/1377/1302
f 1292/1317/1292 1291/1313/1291 1354/1374/1354 1355/1378/1355
f 1266/1318/1266 1265/1314/1265 1328/1375/1328 1329/1379/1329
f 1240/1319/1240 1239/1316/1239 1302/1377/1302 1303/1380/1303
f 1293/1320/1293 1292/1317/1292 1355/1378/1355 1356/1381/1356
f 1267/1321/1267 1266/1318/1266 1329/1379/1329 1330/1382/1330
f 1241/1322/1241 1240/1319/1240 1303/1380/1303 1304/1383/1304
f 1294/1323/1294 1293/1320/1293 1356/1381/1356 1357/1384/1357
f 1268/1324/1268 1267/1321/1267 1330/1382/1330 1331/1385/1331
f 1242/1325/1242 1241/1322/1241 1304/1383/1304 1305/1386/1305
f 1295/1326/1295 1294/1323/1294 1357/1384/1357 1358/1387/1358
f 1269/1327/1269 1268/1324/1268 1331/1385/1331 1332/1388/1332
f 1243/1328/1243 1242/1325/1242 1305/1386/1305 1306/1389/1306
f 1296/1329/1296 1295/1326/1295 1358/1387/1358 1359/1390/1359
f 1270/1330/1270 1269/1327/1269 1332/1388/1332 1333/1391/1333
f 1244/1331/1244 1243/1328/1243 1306/1389/1306 1307/1392/1307
f 1297/1332/1297 1296/1329/1296 1359/1390/1359 1360/1393/1360
f 1271/1333/1271 1270/1330/1270 1333/1391/1333 1334/1394/1334
f 1245/1334/1245 1244/1331/1244 1307/1392/1307 1308/1395/1308
f 1298/1335/1298 1297/1332/1297 1360/1393/1360 1361/1396/1361
f 1272/1336/1272 1271/1333/1271 1334/1394/1334 1335/1397/1335
f 1246/1337/1246 1245/1334/1245 1308/1395/1308 1309/1398/1309
f 1299/1338/1299 1298/1335/1298 1361/1396/1361 1362/1399/1362
f 1273/1339/1273 1272/1336/1272 1335/1397/1335 1336/1400/1336
f 1247/1340/1247 1246/1337/1246 1309/1398/1309 1310/1401/1310
f 1300/1341/1300 1299/1338/1299 1362/1399/1362 1363/1402/1363
f 1274/1342/1274 1273/1339/1273 1336/1400/1336 1337/1403/1337
f 1248/1343/1248 1247/1340/1247 1310/1401/1310 1311/1404/1311
f 1301/1344/1301 1300/1341/1300 1363/1402/1363 1364/1405/1364
f 1275/1345/1275 1274/1342/1274 1337/1403/1337 1338/1406/1338
f 1249/1346/1249 1248/1343/1248 1311/1404/1311 1312/1407/1312
f 2752/1408/2752 1301/1344/1301 1364/1405/1364
f 1276/1348/1276 1275/1345/1275 1338/1406/1338 1339/1409/1339
f 1250/1349/1250 1249/1346/1249 1312/1407/1312 1313/1410/1313
f 1277/1350/1277 1276/1348/1276 1339/1409/1339 1340/1411/1340
f 1251/1351/1251 1250/1349/1250 1313/1410/1313 1314/1412/1314
f 1278/1352/1278 1277/1350/1277 1340/1411/1340 1341/1413/1341
f 1252/1353/1252 1251/1351/1251 1314/1412/1314 1315/1414/1315
f 1279/1354/1279 1278/1352/1278 1341/1413/1341 1342/1415/1342
f 1253/1355/1253 1252/1353/1252 1315/1414/1315 1316/1416/1316
f 1280/1356/1280 1279/1354/1279 1342/1415/1342 1343/1417/1343
f 1254/1357/1254 1253/1355/1253 1316/1416/1316 1317/1418/1317
f 1281/1358/1281 1280/1356/1280 1343/1417/1343 1344/1419/1344
f 1255/1359/1255 1254/1357/1254 1317/1418/1317 1318/1420/1318
f 1282/1360/1282 1281/1358/1281 1344/1419/1344 1345/1421/1345
f 1256/1361/1256 1255/1359/1255 1318/1420/1318 1319/1422/1319
f 1283/1362/1283 1282/1360/1282 1345/1421/1345 1346/1423/1346
f 1257/1363/1257 1256/1361/1256 1319/1422/1319 1320/1424/1320
f 1284/1299/1284 1283/1362/1283 1346/1423/1346 1347/1425/1347
f 1258/1301/1258 1257/1363/1257 1320/1424/1320 1321/1426/1321
f 1285/1300/1285 1284/1299/1284 1347/1425/1347 1348/1427/1348
f 1259/1302/1259 1258/1301/1258 1321/1426/1321 1322/1428/1322
f 1286/1303/1286 1285/1300/1285 1348/1427/1348 1349/1364/1349
f 1260/1304/1260 1259/1302/1259 1322/1428/1322 1323/1366/1323
f 1352/1370/1352 1351/1368/1351 1414/1429/1414 1415/1430/1415
f 1326/1371/1326 1325/1369/1325 1388/1431/1388 1389/1432/1389
f 1353/1372/1353 1352/1370/1352 1415/1430/1415 1416/1433/1416
f 1327/1373/1327 1326/1371/1326 1389/1432/1389 1390/1434/1390
f 1354/1374/1354 1353/1372/1353 1416/1433/1416 1417/1435/1417
f 1328/1375/1328 1327/1373/1327 1390/1434/1390 1391/1436/1391
f 1302/1377/1302 2058/1437/2058 1365/1438/1365
f 1355/1378/1355 1354/1374/1354 1417/1435/1417 1418/1439/1418
f 1329/1379/1329 1328/1375/1328 1391/1436/1391 1392/1440/1392
f 1303/1380/1303 1302/1377/1302 1365/1438/1365 1366/1441/1366
f 1356/1381/1356 1355/1378/1355 1418/1439/1418 1419/1442/1419
f 1330/1382/1330 1329/1379/1329 1392/1440/1392 1393/1443/1393
f 1304/1383/1304 1303/1380/1303 1366/1441/1366 1367/1444/1367
f 1357/1384/1357 1356/1381/1356 1419/1442/1419 1420/1445/1420
f 1331/1385/1331 1330/1382/1330 1393/1443/1393 1394/1446/1394
f 1305/1386/1305 1304/1383/1304 1367/1444/1367 1368/1447/1368
f 1358/1387/1358 1357/1384/1357 1420/1445/1420 1421/1448/1421
f 1332/1388/1332 1331/1385/1331 1394/1446/1394 1395/1449/1395
f 1306/1389/1306 1305/1386/1305 1368/1447/1368 1369/1450/1369
f 1359/1390/1359 1358/1387/1358 1421/1448/1421 1422/1451/1422
f 1333/1391/1333 1332/1388/1332 1395/1449/1395 1396/1452/1396
f 1307/1392/1307 1306/1389/1306 1369/1450/1369 1370/1453/1370
f 1360/1393/1360 1359/1390/1359 1422/1451/1422 1423/1454/1423
f 1334/1394/1334 1333/1391/1333 1396/1452/1396 1397/1455/1397
f 1308/1395/1308 1307/1392/1307 1370/1453/1370 1371/1456/1371
f 1361/1396/1361 1360/1393/1360 1423/1454/1423 1424/1457/1424
f 1335/1397/1335 1334/1394/1334 1397/1455/1397 1398/1458/1398
f 1309/1398/1309 1308/1395/1308 1371/1456/1371 1372/1459/1372
f 1362/1399/1362 1361/1396/1361 1424/1457/1424 1425/1460/1425
f 1336/1400/1336 1335/1397/1335 1398/1458/1398 1399/1461/1399
f 1310/1401/1310 1309/1398/1309 1372/1459/1372 1373/1462/1373
f 1363/1402/1363 1362/1399/1362 1425/1460/1425 1426/1463/1426
f 1337/1403/1337 1336/1400/1336 1399/1461/1399 1400/1464/1400
f 1311/1404/1311 1310/1401/1310 1373/1462/1373 1374/1465/1374
f 1364/1405/1364 1363/1402/1363 1426/1463/1426 1427/1466/1427
f 1338/1406/1338 1337/1403/1337 1400/1464/1400 1401/1467/1401
f 1312/1407/1312 1311/1404/1311 1374/1465/1374 1375/1468/1375
f 2752/1469/2752 1364/1405/1364 1427/1466/1427
f 1339/1409/1339 1338/1406/1338 1401/1467/1401 1402/1470/1402
f 1313/1410/1313 1312/1407/1312 1375/1468/1375 1376/1471/1376
f 1340/1411/1340 1339/1409/1339 1402/1470/1402 1403/1472/1403
f 1314/1412/1314 1313/1410/1313 1376/1471/1376 1377/1473/1377
f 1341/1413/1341 1340/1411/1340 1403/1472/1403 1404/1474/1404
f 1315/1414/1315 1314/1412/1314 1377/1473/1377 1378/1475/1378
f 1342/1415/1342 1341/1413/1341 1404/1474/1404 1405/1476/1405
f 1316/1416/1316 1315/1414/1315 1378/1475/1378 1379/1477/1379
f 1343/1417/1343 1342/1415/1342 1405/1476/1405 1406/1478/1406
f 1317/1418/1317 1316/1416/1316 1379/1477/1379 1380/1479/1380
f 1344/1419/1344 1343/1417/1343 1406/1478/1406 1407/1480/1407
f 1318/1420/1318 1317/1418/1317 1380/1479/1380 1381/1481/1381
f 1345/1421/1345 1344/1419/1344 1407/1480/1407 1408/1482/1408
f 1319/1422/1319 1318/1420/1318 1381/1481/1381 1382/1483/1382
f 1346/1423/1346 1345/1421/1345 1408/1482/1408 1409/1484/1409
f 1320/1424/1320 1319/1422/1319 1382/1483/1382 1383/1485/1383
f 1347/1425/1347 1346/1423/1346 1409/1484/1409 1410/1486/1410
f 1321/1426/1321 1320/1424/1320 1383/1485/1383 1384/1487/1384
f 1348/1427/1348 1347/1425/1347 1410/1486/1410 1411/1488/1411
f 1322/1428/1322 1321/1426/1321 1384/1487/1384 1385/1489/1385
f 1349/1364/1349 1348/1427/1348 1411/1488/1411 1412/1490/1412
f 1323/1366/1323 1322/1428/1322 1385/1489/1385 1386/1491/1386
f 1350/1365/1350 1349/1364/1349 1412/1490/1412 1413/1492/1413
f 1324/1367/1324 1323/1366/1323 1386/1491/1386 1387/1493/1387
f 1351/1368/1351 1350/1365/1350 1413/1492/1413 1414/1429/1414
f 1325/1369/1325 1324/1367/1324 1387/1493/1387 1388/1431/1388
f 1417/1435/1417 1416/1433/1416 1479/1494/1479 1480/1495/1480
f 1391/1436/1391 1390/1434/1390 1453/1496/1453 1454/1497/1454
f 1365/1438/1365 2058/1498/2058 1428/1499/1428
f 1418/1439/1418 1417/1435/1417 1480/1495/1480 1481/1500/1481
f 1392/1440/1392 1391/1436/1391 1454/1497/1454 1455/1501/1455
f 1366/1441/1366 1365/1438/1365 1428/1499/1428 1429/1502/1429
f 1419/1442/1419 1418/1439/1418 1481/1500/1481 1482/1503/1482
f 1393/1443/1393 1392/1440/1392 1455/1501/1455 1456/1504/1456
f 1367/1444/1367 1366/1441/1366 1429/1502/1429 1430/1505/1430
f 1420/1445/1420 1419/1442/1419 1482/1503/1482 1483/1506/1483
f 1394/1446/1394 1393/1443/1393 1456/1504/1456 1457/1507/1457
f 1368/1447/1368 1367/1444/1367 1430/1505/1430 1431/1508/1431
f 1421/1448/1421 1420/1445/1420 1483/1506/1483 1484/1509/1484
f 1395/1449/1395 1394/1446/1394 1457/1507/1457 1458/1510/1458
f 1369/1450/1369 1368/1447/1368 1431/1508/1431 1432/1511/1432
f 1422/1451/1422 1421/1448/1421 1484/1509/1484 1485/1512/1485
f 1396/1452/1396 1395/1449/1395 1458/1510/1458 1459/1513/1459
f 1370/1453/1370 1369/1450/1369 1432/1511/1432 1433/1514/1433
f 1423/1454/1423 1422/1451/1422 1485/1512/1485 1486/1515/1486
f 1397/1455/1397 1396/1452/1396 1459/1513/1459 1460/1516/1460
f 1371/1456/1371 1370/1453/1370 1433/1514/1433 1434/1517/1434
f 1424/1457/1424 1423/1454/1423 1486/1515/1486 1487/1518/1487
f 1398/1458/1398 1397/1455/1397 1460/1516/1460 1461/1519/1461
f 1372/1459/1372 1371/1456/1371 1434/1517/1434 1435/1520/1435
f 1425/1460/1425 1424/1457/1424 1487/1518/1487 1488/1521/1488
f 1399/1461/1399 1398/1458/1398 1461/1519/1461 1462/1522/1462
f 1373/1462/1373 1372/1459/1372 1435/1520/1435 1436/1523/1436
f 1426/1463/1426 1425/1460/1425 1488/1521/1488 1489/1524/1489
f 1400/1464/1400 1399/1461/1399 1462/1522/1462 1463/1525/1463
f 1374/1465/1374 1373/1462/1373 1436/1523/1436 1437/1526/1437
f 1427/1466/1427 1426/1463/1426 1489/1524/1489 1490/1527/1490
f 1401/1467/1401 1400/1464/1400 1463/1525/1463 1464/1528/1464
f 1375/1468/1375 1374/1465/1374 1437/1526/1437 1438/1529/1438
f 2752/1530/2752 1427/1466/1427 1490/1527/1490
f 1402/1470/1402 1401/1467/1401 1464/1528/1464 1465/1531/1465
f 1376/1471/1376 1375/1468/1375 1438/1529/1438 1439/1532/1439
f 1403/1472/1403 1402/1470/1402 1465/1531/1465 1466/1533/1466
f 1377/1473/1377 1376/1471/1376 1439/1532/1439 1440/1534/1440
f 1404/1474/1404 1403/1472/1403 1466/1533/1466 1467/1535/1467
f 1378/1475/1378 1377/1473/1377 1440/1534/1440 1441/1536/1441
f 1405/1476/1405 1404/1474/1404 1467/1535/1467 1468/1537/1468
f 1379/1477/1379 1378/1475/1378 1441/1536/1441 1442/1538/1442
f 1406/1478/1406 1405/1476/1405 1468/1537/1468 1469/1539/1469
f 1380/1479/1380 1379/1477/1379 1442/1538/1442 1443/1540/1443
f 1407/1480/1407 1406/1478/1406 1469/1539/1469 1470/1541/1470
f 1381/1481/1381 1380/1479/1380 1443/1540/1443 1444/1542/1444
f 1408/1482/1408 1407/1480/1407 1470/1541/1470 1471/1543/1471
f 1382/1483/1382 1381/1481/1381 1444/1542/1444 1445/1544/1445
f 1409/1484/1409 1408/1482/1408 1471/1543/1471 1472/1545/1472
f 1383/1485/1383 1382/1483/1382 1445/1544/1445 1446/1546/1446
f 1410/1486/1410 1409/1484/1409 1472/1545/1472 1473/1547/1473
f 1384/1487/1384 1383/1485/1383 1446/1546/1446 1447/1548/1447
f 1411/1488/1411 1410/1486/1410 1473/1547/1473 1474/1549/1474
f 1385/1489/1385 1384/1487/1384 1447/1548/1447 1448/1550/1448
f 1412/1490/1412 1411/1488/1411 1474/1549/1474 1475/1551/1475
f 1386/1491/1386 1385/1489/1385 1448/1550/1448 1449/1552/1449
f 1413/1492/1413 1412/1490/1412 1475/1551/1475 1476/1553/1476
f 1387/1493/1387 1386/1491/1386 1449/1552/1449 1450/1554/1450
f 1414/1429/1414 1413/1492/1413 1476/1553/1476 1477/1555/1477
f 1388/1431/1388 1387/1493/1387 1450/1554/1450 1451/1556/1451
f 1415/1430/1415 1414/1429/1414 1477/1555/1477 1478/1557/1478
f 1389/1432/1389 1388/1431/1388 1451/1556/1451 1452/1558/1452
f 1416/1433/1416 1415/1430/1415 1478/1557/1478 1479/1494/1479
f 1390/1434/1390 1389/1432/1389 1452/1558/1452 1453/1496/1453
f 1482/1503/1482 1481/1500/1481 1544/1559/1544 1545/1560/1545
f 1456/1504/1456 1455/1501/1455 1518/1561/1518 1519/1562/1519
f 1430/1505/1430 1429/1502/1429 1492/1563/1492 1493/1564/1493
f 1483/1506/1483 1482/1503/1482 1545/1560/1545 1546/1565/1546
f 1457/1507/1457 1456/1504/1456 1519/1562/1519 1520/1566/1520
f 1431/1508/1431 1430/1505/1430 1493/1564/1493 1494/1567/1494
f 1484/1509/1484 1483/1506/1483 1546/1565/1546 1547/1568/1547
f 1458/1510/1458 1457/1507/1457 1520/1566/1520 1521/1569/1521
f 1432/1511/1432 1431/1508/1431 1494/1567/1494 1495/1570/1495
f 1485/1512/1485 1484/1509/1484 1547/1568/1547 1548/1571/1548
f 1459/1513/1459 1458/1510/1458 1521/1569/1521 1522/1572/1522
f 1433/1514/1433 1432/1511/1432 1495/1570/1495 1496/1573/1496
f 1486/1515/1486 1485/1512/1485 1548/1571/1548 1549/1574/1549
f 1460/1516/1460 1459/1513/1459 1522/1572/1522 1523/1575/1523
f 1434/1517/1434 1433/1514/1433 1496/1573/1496 1497/1576/1497
f 1487/1518/1487 1486/1515/1486 1549/1574/1549 1550/1577/1550
f 1461/1519/1461 1460/1516/1460 1523/1575/1523 1524/1578/1524
f 1435/1520/1435 1434/1517/1434 1497/1576/1497 1498/1579/1498
f 1488/1521/1488 1487/1518/1487 1550/1577/1550 1551/1580/1551
f 1462/1522/1462 1461/1519/1461 1524/1578/1524 1525/1581/1525
f 1436/1523/1436 1435/1520/1435 1498/1579/1498 1499/1582/1499
f 1489/1524/1489 1488/1521/1488 1551/1580/1551 1552/1583/1552
f 1463/1525/1463 1462/1522/1462 1525/1581/1525 1526/1584/1526
f 1437/1526/1437 1436/1523/1436 1499/1582/1499 1500/1585/1500
f 1490/1527/1490 1489/1524/1489 1552/1583/1552 1553/1586/1553
f 1464/1528/1464 1463/1525/1463 1526/1584/1526 1527/1587/1527
f 1438/1529/1438 1437/1526/1437 1500/1585/1500 1501/1588/1501
f 2752/1589/2752 1490/1527/1490 1553/1586/1553
f 1465/1531/1465 1464/1528/1464 1527/1587/1527 1528/1590/1528
f 1439/1532/1439 1438/1529/1438 1501/1588/1501 1502/1591/1502
f 1466/1533/1466 1465/1531/1465 1528/1590/1528 1529/1592/1529
f 1440/1534/1440 1439/1532/1439 1502/1591/1502 1503/1593/1503
f 1467/1535/1467 1466/1533/1466 1529/1592/1529 1530/1594/1530
f 1441/1536/1441 1440/1534/1440 1503/1593/1503 1504/1595/1504
f 1468/1537/1468 1467/1535/1467 1530/1594/1530 1531/1596/1531
f 1442/1538/1442 1441/1536/1441 1504/1595/1504 1505/1597/1505
f 1469/1539/1469 1468/1537/1468 1531/1596/1531 1532/1598/1532
f 1443/1540/1443 1442/1538/1442 1505/1597/1505 1506/1599/1506
f 1470/1541/1470 1469/1539/1469 1532/1598/1532 1533/1600/1533
f 1444/1542/1444 1443/1540/1443 1506/1599/1506 1507/1601/1507
f 1471/1543/1471 1470/1541/1470 1533/1600/1533 1534/1602/1534
f 1445/1544/1445 1444/1542/1444 1507/1601/1507 1508/1603/1508
f 1472/1545/1472 1471/1543/1471 1534/1602/1534 1535/1604/1535
f 1446/1546/1446 1445/1544/1445 1508/1603/1508 1509/1605/1509
f 1473/1547/1473 1472/1545/1472 1535/1604/1535 1536/1606/1536
f 1447/1548/1447 1446/1546/1446 1509/1605/1509 1510/1607/1510
f 1474/1549/1474 1473/1547/1473 1536/1606/1536 1537/1608/1537
f 1448/1550/1448 1447/1548/1447 1510/1607/1510 1511/1609/1511
f 1475/1551/1475 1474/1549/1474 1537/1608/1537 1538/1610/1538
f 1449/1552/1449 1448/1550/1448 1511/1609/1511 1512/1611/1512
f 1476/1553/1476 1475/1551/1475 1538/1610/1538 1539/1612/1539
f 1450/1554/1450 1449/1552/1449 1512/1611/1512 1513/1613/1513
f 1477/1555/1477 1476/1553/1476 1539/1612/1539 1540/1614/1540
f 1451/1556/1451 1450/1554/1450 1513/1613/1513 1514/1615/1514
f 1478/1557/1478 1477/1555/1477 1540/1614/1540 1541/1616/1541
f 1452/1558/1452 1451/1556/1451 1514/1615/1514 1515/1617/1515
f 1479/1494/1479 1478/1557/1478 1541/1616/1541 1542/1618/1542
f 1453/1496/1453 1452/1558/1452 1515/1617/1515 1516/1619/1516
f 1480/1495/1480 1479/1494/1479 1542/1618/1542 1543/1620/1543
f 1454/1497/1454 1453/1496/1453 1516/1619/1516 1517/1621/1517
f 1428/1499/1428 2058/1622/2058 1491/1623/1491
f 1481/1500/1481 1480/1495/1480 1543/1620/1543 1544/1559/1544
f 1455/1501/1455 1454/1497/1454 1517/1621/1517 1518/1561/1518
f 1429/1502/1429 1428/1499/1428 1491/1623/1491 1492/1563/1492
f 1547/1568/1547 1546/1565/1546 1609/1624/1609 1610/1625/1610
f 1521/1569/1521 1520/1566/1520 1583/1626/1583 1584/1627/1584
f 1495/1570/1495 1494/1567/1494 1557/1628/1557 1558/1629/1558
f 1548/1571/1548 1547/1568/1547 1610/1625/1610 1611/1630/1611
f 1522/1572/1522 1521/1569/1521 1584/1627/1584 1585/1631/1585
f 1496/1573/1496 1495/1570/1495 1558/1629/1558 1559/1632/1559
f 1549/1574/1549 1548/1571/1548 1611/1630/1611 1612/1633/1612
f 1523/1575/1523 1522/1572/1522 1585/1631/1585 1586/1634/1586
f 1497/1576/1497 1496/1573/1496 1559/1632/1559 1560/1635/1560
f 1550/1577/1550 1549/1574/1549 1612/1633/1612 1613/1636/1613
f 1524/1578/1524 1523/1575/1523 1586/1634/1586 1587/1637/1587
f 1498/1579/1498 1497/1576/1497 1560/1635/1560 1561/1638/1561
f 1551/1580/1551 1550/1577/1550 1613/1636/1613 1614/1639/1614
f 1525/1581/1525 1524/1578/1524 1587/1637/1587 1588/1640/1588
f 1499/1582/1499 1498/1579/1498 1561/1638/1561 1562/1641/1562
f 1552/1583/1552 1551/1580/1551 1614/1639/1614 1615/1642/1615
f 1526/1584/1526 1525/1581/1525 1588/1640/1588 1589/1643/1589
f 1500/1585/1500 1499/1582/1499 1562/1641/1562 1563/1644/1563
f 1553/1586/1553 1552/1583/1552 1615/1642/1615 1616/1645/1616
f 1527/1587/1527 1526/1584/1526 1589/1643/1589 1590/1646/1590
f 1501/1588/1501 1500/1585/1500 1563/1644/1563 1564/1647/1564
f 2752/1648/2752 1553/1586/1553 1616/1645/1616
f 1528/1590/1528 1527/1587/1527 1590/1646/1590 1591/1649/1591
f 1502/1591/1502 1501/1588/1501 1564/1647/1564 1565/1650/1565
f 1529/1592/1529 1528/1590/1528 1591/1649/1591 1592/1651/1592
f 1503/1593/1503 1502/1591/1502 1565/1650/1565 1566/1652/1566
f 1530/1594/1530 1529/1592/1529 1592/1651/1592 1593/1653/1593
f 1504/1595/1504 1503/1593/1503 1566/1652/1566 1567/1654/1567
f 1531/1596/1531 1530/1594/1530 1593/1653/1593 1594/1655/1594
f 1505/1597/1505 1504/1595/1504 1567/1654/1567 1568/1656/1568
f 1532/1598/1532 1531/1596/1531 1594/1655/1594 1595/1657/1595
f 1506/1599/1506 1505/1597/1505 1568/1656/1568 1569/1658/1569
f 1533/1600/1533 1532/1598/1532 1595/1657/1595 1596/1659/1596
f 1507/1601/1507 1506/1599/1506 1569/1658/1569 1570/1660/1570
f 1534/1602/1534 1533/1600/1533 1596/1659/1596 1597/1661/1597
f 1508/1603/1508 1507/1601/1507 1570/1660/1570 1571/1662/1571
f 1535/1604/1535 1534/1602/1534 1597/1661/1597 1598/1663/1598
f 1509/1605/1509 1508/1603/1508 1571/1662/1571 1572/1664/1572
f 1536/1606/1536 1535/1604/1535 1598/1663/1598 1599/1665/1599
f 1510/1607/1510 1509/1605/1509 1572/1664/1572 1573/1666/1573
f 1537/1608/1537 1536/1606/1536 1599/1665/1599 1600/1667/1600
f 1511/1609/1511 1510/1607/1510 1573/1666/1573 1574/1668/1574
f 1538/1610/1538 1537/1608/1537 1600/1667/1600 1601/1669/1601
f 1512/1611/1512 1511/1609/1511 1574/1668/1574 1575/1670/1575
f 1539/1612/1539 1538/1610/1538 1601/1669/1601 1602/1671/1602
f 1513/1613/1513 1512/1611/1512 1575/1670/1575 1576/1672/1576
f 1540/1614/1540 1539/1612/1539 1602/1671/1602 1603/1673/1603
f 1514/1615/1514 1513/1613/1513 1576/1672/1576 1577/1674/1577
f 1541/1616/1541 1540/1614/1540 1603/1673/1603 1604/1675/1604
f 1515/1617/1515 1514/1615/1514 1577/1674/1577 1578/1676/1578
f 1542/1618/1542 1541/1616/1541 1604/1675/1604 1605/1677/1605
f 1516/1619/1516 1515/1617/1515 1578/1676/1578 1579/1678/1579
f 1543/1620/1543 1542/1618/1542 1605/1677/1605 1606/1679/1606
f 1517/1621/1517 1516/1619/1516 1579/1678/1579 1580/1680/1580
f 1491/1623/1491 2058/1681/2058 1554/1682/1554
f 1544/1559/1544 1543/1620/1543 1606/1679/1606 1607/1683/1607
f 1518/1561/1518 1517/1621/1517 1580/1680/1580 1581/1684/1581
f 1492/1563/1492 1491/1623/1491 1554/1682/1554 1555/1685/1555
f 1545/1560/1545 1544/1559/1544 1607/1683/1607 1608/1686/1608
f 1519/1562/1519 1518/1561/1518 1581/1684/1581 1582/1687/1582
f 1493/1564/1493 1492/1563/1492 1555/1685/1555 1556/1688/1556
f 1546/1565/1546 1545/1560/1545 1608/1686/1608 1609/1624/1609
f 1520/1566/1520 1519/1562/1519 1582/1687/1582 1583/1626/1583
f 1494/1567/1494 1493/1564/1493 1556/1688/1556 1557/1628/1557
f 1612/1633/1612 1611/1630/1611 1674/1689/1674 1675/1690/1675
f 1586/1634/1586 1585/1631/1585 1648/1691/1648 1649/1692/1649
f 1560/1635/1560 1559/1632/1559 1622/1693/1622 1623/1694/1623
f 1613/1636/1613 1612/1633/1612 1675/1690/1675 1676/1695/1676
f 1587/1637/1587 1586/1634/1586 1649/1692/1649 1650/1696/1650
f 1561/1638/1561 1560/1635/1560 1623/1694/1623 1624/1697/1624
f 1614/1639/1614 1613/1636/1613 1676/1695/1676 1677/1698/1677
f 1588/1640/1588 1587/1637/1587 1650/1696/1650 1651/1699/1651
f 1562/1641/1562 1561/1638/1561 1624/1697/1624 1625/1700/1625
f 1615/1642/1615 1614/1639/1614 1677/1698/1677 1678/1701/1678
f 1589/1643/1589 1588/1640/1588 1651/1699/1651 1652/1702/1652
f 1563/1644/1563 1562/1641/1562 1625/1700/1625 1626/1703/1626
f 1616/1645/1616 1615/1642/1615 1678/1701/1678 1679/1704/1679
f 1590/1646/1590 1589/1643/1589 1652/1702/1652 1653/1705/1653
f 1564/1647/1564 1563/1644/1563 1626/1703/1626 1627/1706/1627
f 2752/1707/2752 1616/1645/1616 1679/1704/1679
f 1591/1649/1591 1590/1646/1590 1653/1705/1653 1654/1708/1654
f 1565/1650/1565 1564/1647/1564 1627/1706/1627 1628/1709/1628
f 1592/1651/1592 1591/1649/1591 1654/1708/1654 1655/1710/1655
f 1566/1652/1566 1565/1650/1565 1628/1709/1628 1629/1711/1629
f 1593/1653/1593 1592/1651/1592 1655/1710/1655 1656/1712/1656
f 1567/1654/1567 1566/1652/1566 1629/1711/1629 1630/1713/1630
f 1594/1655/1594 1593/1653/1593 1656/1712/1656 1657/1714/1657
f 1568/1656/1568 1567/1654/1567 1630/1713/1630 1631/1715/1631
f 1595/1657/1595 1594/1655/1594 1657/1714/1657 1658/1716/1658
f 1569/1658/1569 1568/1656/1568 1631/1715/1631 1632/1717/1632
f 1596/1659/1596 1595/1657/1595 1658/1716/1658 1659/1718/1659
f 1570/1660/1570 1569/1658/1569 1632/1717/1632 1633/1719/1633
f 1597/1661/1597 1596/1659/1596 1659/1718/1659 1660/1720/1660
f 1571/1662/1571 1570/1660/1570 1633/1719/1633 1634/1721/1634
f 1598/1663/1598 1597/1661/1597 1660/1720/1660 1661/1722/1661
f 1572/1664/1572 1571/1662/1571 1634/1721/1634 1635/1723/1635
f 1599/1665/1599 1598/1663/1598 1661/1722/1661 1662/1724/1662
f 1573/1666/1573 1572/1664/1572 1635/1723/1635 1636/1725/1636
f 1600/1667/1600 1599/1665/1599 1662/1724/1662 1663/1726/1663
f 1574/1668/1574 1573/1666/1573 1636/1725/1636 1637/1727/1637
f 1601/1669/1601 1600/1667/1600 1663/1726/1663 1664/1728/1664
f 1575/1670/1575 1574/1668/1574 1637/1727/1637 1638/1729/1638
f 1602/1671/1602 1601/1669/1601 1664/1728/1664 1665/1730/1665
f 1576/1672/1576 1575/1670/1575 1638/1729/1638 1639/1731/1639
f 1603/1673/1603 1602/1671/1602 1665/1730/1665 1666/1732/1666
f 1577/1674/1577 1576/1672/1576 1639/1731/1639 1640/1733/1640
f 1604/1675/1604 1603/1673/1603 1666/1732/1666 1667/1734/1667
f 1578/1676/1578 1577/1674/1577 1640/1733/1640 1641/1735/1641
f 1605/1677/1605 1604/1675/1604 1667/1734/1667 1668/1736/1668
f 1579/1678/1579 1578/1676/1578 1641/1735/1641 1642/1737/1642
f 1606/1679/1606 1605/1677/1605 1668/1736/1668 1669/1738/1669
f 1580/1680/1580 1579/1678/1579 1642/1737/1642 1643/1739/1643
f 1554/1682/1554 2058/1740/2058 1617/1741/1617
f 1607/1683/1607 1606/1679/1606 1669/1738/1669 1670/1742/1670
f 1581/1684/1581 1580/1680/1580 1643/1739/1643 1644/1743/1644
f 1555/1685/1555 1554/1682/1554 1617/1741/1617 1618/1744/1618
f 1608/1686/1608 1607/1683/1607 1670/1742/1670 1671/1745/1671
f 1582/1687/1582 1581/1684/1581 1644/1743/1644 1645/1746/1645
f 1556/1688/1556 1555/1685/1555 1618/1744/1618 1619/1747/1619
f 1609/1624/1609 1608/1686/1608 1671/1745/1671 1672/1748/1672
f 1583/1626/1583 1582/1687/1582 1645/1746/1645 1646/1749/1646
f 1557/1628/1557 1556/1688/1556 1619/1747/1619 1620/1750/1620
f 1610/1625/1610 1609/1624/1609 1672/1748/1672 1673/1751/1673
f 1584/1627/1584 1583/1626/1583 1646/1749/1646 1647/1752/1647
f 1558/1629/1558 1557/1628/1557 1620/1750/1620 1621/1753/1621
f 1611/1630/1611 1610/1625/1610 1673/1751/1673 1674/1689/1674
f 1585/1631/1585 1584/1627/1584 1647/1752/1647 1648/1691/1648
f 1559/1632/1559 1558/1629/1558 1621/1753/1621 1622/1693/1622
f 1626/1703/1626 1625/1700/1625 1688/1754/1688 1689/1755/1689
f 1679/1704/1679 1678/1701/1678 1741/1756/1741 1742/1757/1742
f 1653/1705/1653 1652/1702/1652 1715/1758/1715 1716/1759/1716
f 1627/1706/1627 1626/1703/1626 1689/1755/1689 1690/1760/1690
f 2752/1761/2752 1679/1704/1679 1742/1757/1742
f 1654/1708/1654 1653/1705/1653 1716/1759/1716 1717/1762/1717
f 1628/1709/1628 1627/1706/1627 1690/1760/1690 1691/1763/1691
f 1655/1710/1655 1654/1708/1654 1717/1762/1717 1718/1764/1718
f 1629/1711/1629 1628/1709/1628 1691/1763/1691 1692/1765/1692
f 1656/1712/1656 1655/1710/1655 1718/1764/1718 1719/1766/1719
f 1630/1713/1630 1629/1711/1629 1692/1765/1692 1693/1767/1693
f 1657/1714/1657 1656/1712/1656 1719/1766/1719 1720/1768/1720
f 1631/1715/1631 1630/1713/1630 1693/1767/1693 1694/1769/1694
f 1658/1716/1658 1657/1714/1657 1720/1768/1720 1721/1770/1721
f 1632/1717/1632 1631/1715/1631 1694/1769/1694 1695/1771/1695
f 1659/1718/1659 1658/1716/1658 1721/1770/1721 1722/1772/1722
f 1633/1719/1633 1632/1717/1632 1695/1771/1695 1696/1773/1696
f 1660/1720/1660 1659/1718/1659 1722/1772/1722 1723/1774/1723
f 1634/1721/1634 1633/1719/1633 1696/1773/1696 1697/1775/1697
f 1661/1722/1661 1660/1720/1660 1723/1774/1723 1724/1776/1724
f 1635/1723/1635 1634/1721/1634 1697/1775/1697 1698/1777/1698
f 1662/1724/1662 1661/1722/1661 1724/1776/1724 1725/1778/1725
f 1636/1725/1636 1635/1723/1635 1698/1777/1698 1699/1779/1699
f 1663/1726/1663 1662/1724/1662 1725/1778/1725 1726/1780/1726
f 1637/1727/1637 1636/1725/1636 1699/1779/1699 1700/1781/1700
f 1664/1728/1664 1663/1726/1663 1726/1780/1726 1727/1782/1727
f 1638/1729/1638 1637/1727/1637 1700/1781/1700 1701/1783/1701
f 1665/1730/1665 1664/1728/1664 1727/1782/1727 1728/1784/1728
f 1639/1731/1639 1638/1729/1638 1701/1783/1701 1702/1785/1702
f 1666/1732/1666 1665/1730/1665 1728/1784/1728 1729/1786/1729
f 1640/1733/1640 1639/1731/1639 1702/1785/1702 1703/1787/1703
f 1667/1734/1667 1666/1732/1666 1729/1786/1729 1730/1788/1730
f 1641/1735/1641 1640/1733/1640 1703/1787/1703 1704/1789/1704
f 1668/1736/1668 1667/1734/1667 1730/1788/1730 1731/1790/1731
f 1642/1737/1642 1641/1735/1641 1704/1789/1704 1705/1791/1705
f 1669/1738/1669 1668/1736/1668 1731/1790/1731 1732/1792/1732
f 1643/1739/1643 1642/1737/1642 1705/1791/1705 1706/1793/1706
f 1617/1741/1617 2058/1794/2058 1680/1795/1680
f 1670/1742/1670 1669/1738/1669 1732/1792/1732 1733/1796/1733
f 1644/1743/1644 1643/1739/1643 1706/1793/1706 1707/1797/1707
f 1618/1744/1618 1617/1741/1617 1680/1795/1680 1681/1798/1681
f 1671/1745/1671 1670/1742/1670 1733/1796/1733 1734/1799/1734
f 1645/1746/1645 1644/1743/1644 1707/1797/1707 1708/1800/1708
f 1619/1747/1619 1618/1744/1618 1681/1798/1681 1682/1801/1682
f 1672/1748/1672 1671/1745/1671 1734/1799/1734 1735/1802/1735
f 1646/1749/1646 1645/1746/1645 1708/1800/1708 1709/1803/1709
f 1620/1750/1620 1619/1747/1619 1682/1801/1682 1683/1804/1683
f 1673/1751/1673 1672/1748/1672 1735/1802/1735 1736/1805/1736
f 1647/1752/1647 1646/1749/1646 1709/1803/1709 1710/1806/1710
f 1621/1753/1621 1620/1750/1620 1683/1804/1683 1684/1807/1684
f 1674/1689/1674 1673/1751/1673 1736/1805/1736 1737/1808/1737
f 1648/1691/1648 1647/1752/1647 1710/1806/1710 1711/1809/1711
f 1622/1693/1622 1621/1753/1621 1684/1807/1684 1685/1810/1685
f 1675/1690/1675 1674/1689/1674 1737/1808/1737 1738/1811/1738
f 1649/1692/1649 1648/1691/1648 1711/1809/1711 1712/1812/1712
f 1623/1694/1623 1622/1693/1622 1685/1810/1685 1686/1813/1686
f 1676/1695/1676 1675/1690/1675 1738/1811/1738 1739/1814/1739
f 1650/1696/1650 1649/1692/1649 1712/1812/1712 1713/1815/1713
f 1624/1697/1624 1623/1694/1623 1686/1813/1686 1687/1816/1687
f 1677/1698/1677 1676/1695/1676 1739/1814/1739 1740/1817/1740
f 1651/1699/1651 1650/1696/1650 1713/1815/1713 1714/1818/1714
f 1625/1700/1625 1624/1697/1624 1687/1816/1687 1688/1754/1688
f 1678/1701/1678 1677/1698/1677 1740/1817/1740 1741/1756/1741
f 1652/1702/1652 1651/1699/1651 1714/1818/1714 1715/1758/1715
f 1691/1763/1691 1690/1760/1690 1753/1819/1753 1754/1820/1754
f 1718/1764/1718 1717/1762/1717 1780/1821/1780 1781/1822/1781
f 1692/1765/1692 1691/1763/1691 1754/1820/1754 1755/1823/1755
f 1719/1766/1719 1718/1764/1718 1781/1822/1781 1782/1824/1782
f 1693/1767/1693 1692/1765/1692 1755/1823/1755 1756/1825/1756
f 1720/1768/1720 1719/1766/1719 1782/1824/1782 1783/1826/1783
f 1694/1769/1694 1693/1767/1693 1756/1825/1756 1757/1827/1757
f 1721/1770/1721 1720/1768/1720 1783/1826/1783 1784/1828/1784
f 1695/1771/1695 1694/1769/1694 1757/1827/1757 1758/1829/1758
f 1722/1772/1722 1721/1770/1721 1784/1828/1784 1785/1830/1785
f 1696/1773/1696 1695/1771/1695 1758/1829/1758 1759/1831/1759
f 1723/1774/1723 1722/1772/1722 1785/1830/1785 1786/1832/1786
f 1697/1775/1697 1696/1773/1696 1759/1831/1759 1760/1833/1760
f 1724/1776/1724 1723/1774/1723 1786/1832/1786 1787/1834/1787
f 1698/1777/1698 1697/1775/1697 1760/1833/1760 1761/1835/1761
f 1725/1778/1725 1724/1776/1724 1787/1834/1787 1788/1836/1788
f 1699/1779/1699 1698/1777/1698 1761/1835/1761 1762/1837/1762
f 1726/1780/1726 1725/1778/1725 1788/1836/1788 1789/1838/1789
f 1700/1781/1700 1699/1779/1699 1762/1837/1762 1763/1839/1763
f 1727/1782/1727 1726/1780/1726 1789/1838/1789 1790/1840/1790
f 1701/1783/1701 1700/1781/1700 1763/1839/1763 1764/1841/1764
f 1728/1784/1728 1727/1782/1727 1790/1840/1790 1791/1842/1791
f 1702/1785/1702 1701/1783/1701 1764/1841/1764 1765/1843/1765
f 1729/1786/1729 1728/1784/1728 1791/1842/1791 1792/1844/1792
f 1703/1787/1703 1702/1785/1702 1765/1843/1765 1766/1845/1766
f 1730/1788/1730 1729/1786/1729 1792/1844/1792 1793/1846/1793
f 1704/1789/1704 1703/1787/1703 1766/1845/1766 1767/1847/1767
f 1731/1790/1731 1730/1788/1730 1793/1846/1793 1794/1848/1794
f 1705/1791/1705 1704/1789/1704 1767/1847/1767 1768/1849/1768
f 1732/1792/1732 1731/1790/1731 1794/1848/1794 1795/1850/1795
f 1706/1793/1706 1705/1791/1705 1768/1849/1768 1769/1851/1769
f 1680/1795/1680 2058/1852/2058 1743/1853/1743
f 1733/1796/1733 1732/1792/1732 1795/1850/1795 1796/1854/1796
f 1707/1797/1707 1706/1793/1706 1769/1851/1769 1770/1855/1770
f 1681/1798/1681 1680/1795/1680 1743/1853/1743 1744/1856/1744
f 1734/1799/1734 1733/1796/1733 1796/1854/1796 1797/1857/1797
f 1708/1800/1708 1707/1797/1707 1770/1855/1770 1771/1858/1771
f 1682/1801/1682 1681/1798/1681 1744/1856/1744 1745/1859/1745
f 1735/1802/1735 1734/1799/1734 1797/1857/1797 1798/1860/1798
f 1709/1803/1709 1708/1800/1708 1771/1858/1771 1772/1861/1772
f 1683/1804/1683 1682/1801/1682 1745/1859/1745 1746/1862/1746
f 1736/1805/1736 1735/1802/1735 1798/1860/1798 1799/1863/1799
f 1710/1806/1710 1709/1803/1709 1772/1861/1772 1773/1864/1773
f 1684/1807/1684 1683/1804/1683 1746/1862/1746 1747/1865/1747
f 1737/1808/1737 1736/1805/1736 1799/1863/1799 1800/1866/1800
f 1711/1809/1711 1710/1806/1710 1773/1864/1773 1774/1867/1774
f 1685/1810/1685 1684/1807/1684 1747/1865/1747 1748/1868/1748
f 1738/1811/1738 1737/1808/1737 1800/1866/1800 1801/1869/1801
f 1712/1812/1712 1711/1809/1711 1774/1867/1774 1775/1870/1775
f 1686/1813/1686 1685/1810/1685 1748/1868/1748 1749/1871/1749
f 1739/1814/1739 1738/1811/1738 1801/1869/1801 1802/1872/1802
f 1713/1815/1713 1712/1812/1712 1775/1870/1775 1776/1873/1776
f 1687/1816/1687 1686/1813/1686 1749/1871/1749 1750/1874/1750
f 1740/1817/1740 1739/1814/1739 1802/1872/1802 1803/1875/1803
f 1714/1818/1714 1713/1815/1713 1776/1873/1776 1777/1876/1777
f 1688/1754/1688 1687/1816/1687 1750/1874/1750 1751/1877/1751
f 1741/1756/1741 1740/1817/1740 1803/1875/1803 1804/1878/1804
f 1715/1758/1715 1714/1818/1714 1777/1876/1777 1778/1879/1778
f 1689/1755/1689 1688/1754/1688 1751/1877/1751 1752/1880/1752
f 1742/1757/1742 1741/1756/1741 1804/1878/1804 1805/1881/1805
f 1716/1759/1716 1715/1758/1715 1778/1879/1778 1779/1882/1779
f 1690/1760/1690 1689/1755/1689 1752/1880/1752 1753/1819/1753
f 2752/1883/2752 1742/1757/1742 1805/1881/1805
f 1717/1762/1717 1716/1759/1716 1779/1882/1779 1780/1821/1780
f 1756/1825/1756 1755/1823/1755 1818/1884/1818 1819/1885/1819
f 1783/1826/1783 1782/1824/1782 1845/1886/1845 1846/1887/1846
f 1757/1827/1757 1756/1825/1756 1819/1885/1819 1820/1888/1820
f 1784/1828/1784 1783/1826/1783 1846/1887/1846 1847/1889/1847
f 1758/1829/1758 1757/1827/1757 1820/1888/1820 1821/1890/1821
f 1785/1830/1785 1784/1828/1784 1847/1889/1847 1848/1891/1848
f 1759/1831/1759 1758/1829/1758 1821/1890/1821 1822/1892/1822
f 1786/1832/1786 1785/1830/1785 1848/1891/1848 1849/1893/1849
f 1760/1833/1760 1759/1831/1759 1822/1892/1822 1823/1894/1823
f 1787/1834/1787 1786/1832/1786 1849/1893/1849 1850/1895/1850
f 1761/1835/1761 1760/1833/1760 1823/1894/1823 1824/1896/1824
f 1788/1836/1788 1787/1834/1787 1850/1895/1850 1851/1897/1851
f 1762/1837/1762 1761/1835/1761 1824/1896/1824 1825/1898/1825
f 1789/1838/1789 1788/1836/1788 1851/1897/1851 1852/1899/1852
f 1763/1839/1763 1762/1837/1762 1825/1898/1825 1826/1900/1826
f 1790/1840/1790 1789/1838/1789 1852/1899/1852 1853/1901/1853
f 1764/1841/1764 1763/1839/1763 1826/1900/1826 1827/1902/1827
f 1791/1842/1791 1790/1840/1790 1853/1901/1853 1854/1903/1854
f 1765/1843/1765 1764/1841/1764 1827/1902/1827 1828/1904/1828
f 1792/1844/1792 1791/1842/1791 1854/1903/1854 1855/1905/1855
f 1766/1845/1766 1765/1843/1765 1828/1904/1828 1829/1906/1829
f 1793/1846/1793 1792/1844/1792 1855/1905/1855 1856/1907/1856
f 1767/1847/1767 1766/1845/1766 1829/1906/1829 1830/1908/1830
f 1794/1848/1794 1793/1846/1793 1856/1907/1856 1857/1909/1857
f 1768/1849/1768 1767/1847/1767 1830/1908/1830 1831/1910/1831
f 1795/1850/1795 1794/1848/1794 1857/1909/1857 1858/1911/1858
f 1769/1851/1769 1768/1849/1768 1831/1910/1831 1832/1912/1832
f 1743/1853/1743 2058/1913/2058 1806/1914/1806
f 1796/1854/1796 1795/1850/1795 1858/1911/1858 1859/1915/1859
f 1770/1855/1770 1769/1851/1769 1832/1912/1832 1833/1916/1833
f 1744/1856/1744 1743/1853/1743 1806/1914/1806 1807/1917/1807
f 1797/1857/1797 1796/1854/1796 1859/1915/1859 1860/1918/1860
f 1771/1858/1771 1770/1855/1770 1833/1916/1833 1834/1919/1834
f 1745/1859/1745 1744/1856/1744 1807/1917/1807 1808/1920/1808
f 1798/1860/1798 1797/1857/1797 1860/1918/1860 1861/1921/1861
f 1772/1861/1772 1771/1858/1771 1834/1919/1834 1835/1922/1835
f 1746/1862/1746 1745/1859/1745 1808/1920/1808 1809/1923/1809
f 1799/1863/1799 1798/1860/1798 1861/1921/1861 1862/1924/1862
f 1773/1864/1773 1772/1861/1772 1835/1922/1835 1836/1925/1836
f 1747/1865/1747 1746/1862/1746 1809/1923/1809 1810/1926/1810
f 1800/1866/1800 1799/1863/1799 1862/1924/1862 1863/1927/1863
f 1774/1867/1774 1773/1864/1773 1836/1925/1836 1837/1928/1837
f 1748/1868/1748 1747/1865/1747 1810/1926/1810 1811/1929/1811
f 1801/1869/1801 1800/1866/1800 1863/1927/1863 1864/1930/1864
f 1775/1870/1775 1774/1867/1774 1837/1928/1837 1838/1931/1838
f 1749/1871/1749 1748/1868/1748 1811/1929/1811 1812/1932/1812
f 1802/1872/1802 1801/1869/1801 1864/1930/1864 1865/1933/1865
f 1776/1873/1776 1775/1870/1775 1838/1931/1838 1839/1934/1839
f 1750/1874/1750 1749/1871/1749 1812/1932/1812 1813/1935/1813
f 1803/1875/1803 1802/1872/1802 1865/1933/1865 1866/1936/1866
f 1777/1876/1777 1776/1873/1776 1839/1934/1839 1840/1937/1840
f 1751/1877/1751 1750/1874/1750 1813/1935/1813 1814/1938/1814
f 1804/1878/1804 1803/1875/1803 1866/1936/1866 1867/1939/1867
f 1778/1879/1778 1777/1876/1777 1840/1937/1840 1841/1940/1841
f 1752/1880/1752 1751/1877/1751 1814/1938/1814 1815/1941/1815
f 1805/1881/1805 1804/1878/1804 1867/1939/1867 1868/1942/1868
f 1779/1882/1779 1778/1879/1778 1841/1940/1841 1842/1943/1842
f 1753/1819/1753 1752/1880/1752 1815/1941/1815 1816/1944/1816
f 2752/1945/2752 1805/1881/1805 1868/1942/1868
f 1780/1821/1780 1779/1882/1779 1842/1943/1842 1843/1946/1843
f 1754/1820/1754 1753/1819/1753 1816/1944/1816 1817/1947/1817
f 1781/1822/1781 1780/1821/1780 1843/1946/1843 1844/1948/1844
f 1755/1823/1755 1754/1820/1754 1817/1947/1817 1818/1884/1818
f 1782/1824/1782 1781/1822/1781 1844/1948/1844 1845/1886/1845
f 1821/1890/1821 1820/1888/1820 1883/1949/1883 1884/1950/1884
f 1848/1891/1848 1847/1889/1847 1910/1951/1910 1911/1952/1911
f 1822/1892/1822 1821/1890/1821 1884/1950/1884 1885/1953/1885
f 1849/1893/1849 1848/1891/1848 1911/1952/1911 1912/1954/1912
f 1823/1894/1823 1822/1892/1822 1885/1953/1885 1886/1955/1886
f 1850/1895/1850 1849/1893/1849 1912/1954/1912 1913/1956/1913
f 1824/1896/1824 1823/1894/1823 1886/1955/1886 1887/1957/1887
f 1851/1897/1851 1850/1895/1850 1913/1956/1913 1914/1958/1914
f 1825/1898/1825 1824/1896/1824 1887/1957/1887 1888/1959/1888
f 1852/1899/1852 1851/1897/1851 1914/1958/1914 1915/1960/1915
f 1826/1900/1826 1825/1898/1825 1888/1959/1888 1889/1961/1889
f 1853/1901/1853 1852/1899/1852 1915/1960/1915 1916/1962/1916
f 1827/1902/1827 1826/1900/1826 1889/1961/1889 1890/1963/1890
f 1854/1903/1854 1853/1901/1853 1916/1962/1916 1917/1964/1917
f 1828/1904/1828 1827/1902/1827 1890/1963/1890 1891/1965/1891
f 1855/1905/1855 1854/1903/1854 1917/1964/1917 1918/1966/1918
f 1829/1906/1829 1828/1904/1828 1891/1965/1891 1892/1967/1892
f 1856/1907/1856 1855/1905/1855 1918/1966/1918 1919/1968/1919
f 1830/1908/1830 1829/1906/1829 1892/1967/1892 1893/1969/1893
f 1857/1909/1857 1856/1907/1856 1919/1968/1919 1920/1970/1920
f 1831/1910/1831 1830/1908/1830 1893/1969/1893 1894/1971/1894
f 1858/1911/1858 1857/1909/1857 1920/1970/1920 1921/1972/1921
f 1832/1912/1832 1831/1910/1831 1894/1971/1894 1895/1973/1895
f 1806/1914/1806 2058/1974/2058 1869/1975/1869
f 1859/1915/1859 1858/1911/1858 1921/1972/1921 1922/1976/1922
f 1833/1916/1833 1832/1912/1832 1895/1973/1895 1896/1977/1896
f 1807/1917/1807 1806/1914/1806 1869/1975/1869 1870/1978/1870
f 1860/1918/1860 1859/1915/1859 1922/1976/1922 1923/1979/1923
f 1834/1919/1834 1833/1916/1833 1896/1977/1896 1897/1980/1897
f 1808/1920/1808 1807/1917/1807 1870/1978/1870 1871/1981/1871
f 1861/1921/1861 1860/1918/1860 1923/1979/1923 1924/1982/1924
f 1835/1922/1835 1834/1919/1834 1897/1980/1897 1898/1983/1898
f 1809/1923/1809 1808/1920/1808 1871/1981/1871 1872/1984/1872
f 1862/1924/1862 1861/1921/1861 1924/1982/1924 1925/1985/1925
f 1836/1925/1836 1835/1922/1835 1898/1983/1898 1899/1986/1899
f 1810/1926/1810 1809/1923/1809 1872/1984/1872 1873/1987/1873
f 1863/1927/1863 1862/1924/1862 1925/1985/1925 1926/1988/1926
f 1837/1928/1837 1836/1925/1836 1899/1986/1899 1900/1989/1900
f 1811/1929/1811 1810/1926/1810 1873/1987/1873 1874/1990/1874
f 1864/1930/1864 1863/1927/1863 1926/1988/1926 1927/1991/1927
f 1838/1931/1838 1837/1928/1837 1900/1989/1900 1901/1992/1901
f 1812/1932/1812 1811/1929/1811 1874/1990/1874 1875/1993/1875
f 1865/1933/1865 1864/1930/1864 1927/1991/1927 1928/1994/1928
f 1839/1934/1839 1838/1931/1838 1901/1992/1901 1902/1995/1902
f 1813/1935/1813 1812/1932/1812 1875/1993/1875 1876/1996/1876
f 1866/1936/1866 1865/1933/1865 1928/1994/1928 1929/1997/1929
f 1840/1937/1840 1839/1934/1839 1902/1995/1902 1903/1998/1903
f 1814/1938/1814 1813/1935/1813 1876/1996/1876 1877/1999/1877
f 1867/1939/1867 1866/1936/1866 1929/1997/1929 1930/2000/1930
f 1841/1940/1841 1840/1937/1840 1903/1998/1903 1904/2001/1904
f 1815/1941/1815 1814/1938/1814 1877/1999/1877 1878/2002/1878
f 1868/1942/1868 1867/1939/1867 1930/2000/1930 1931/2003/1931
f 1842/1943/1842 1841/1940/1841 1904/2001/1904 1905/2004/1905
f 1816/1944/1816 1815/1941/1815 1878/2002/1878 1879/2005/1879
f 2752/2006/2752 1868/1942/1868 1931/2003/1931
f 1843/1946/1843 1842/1943/1842 1905/2004/1905 1906/2007/1906
f 1817/1947/1817 1816/1944/1816 1879/2005/1879 1880/2008/1880
f 1844/1948/1844 1843/1946/1843 1906/2007/1906 1907/2009/1907
f 1818/1884/1818 1817/1947/1817 1880/2008/1880 1881/2010/1881
f 1845/1886/1845 1844/1948/1844 1907/2009/1907 1908/2011/1908
f 1819/1885/1819 1818/1884/1818 1881/2010/1881 1882/2012/1882
f 1846/1887/1846 1845/1886/1845 1908/2011/1908 1909/2013/1909
f 1820/1888/1820 1819/1885/1819 1882/2012/1882 1883/1949/1883
f 1847/1889/1847 1846/1887/1846 1909/2013/1909 1910/1951/1910
f 1886/1955/1886 1885/1953/1885 1948/2014/1948 1949/2015/1949
f 1913/1956/1913 1912/1954/1912 1975/2016/1975 1976/2017/1976
f 1887/1957/1887 1886/1955/1886 1949/2015/1949 1950/2018/1950
f 1914/1958/1914 1913/1956/1913 1976/2017/1976 1977/2019/1977
f 1888/1959/1888 1887/1957/1887 1950/2018/1950 1951/2020/1951
f 1915/1960/1915 1914/1958/1914 1977/2019/1977 1978/2021/1978
f 1889/1961/1889 1888/1959/1888 1951/2020/1951 1952/2022/1952
f 1916/1962/1916 1915/1960/1915 1978/2021/1978 1979/2023/1979
f 1890/1963/1890 1889/1961/1889 1952/2022/1952 1953/2024/1953
f 1917/1964/1917 1916/1962/1916 1979/2023/1979 1980/2025/1980
f 1891/1965/1891 1890/1963/1890 1953/2024/1953 1954/2026/1954
f 1918/1966/1918 1917/1964/1917 1980/2025/1980 1981/2027/1981
f 1892/1967/1892 1891/1965/1891 1954/2026/1954 1955/2028/1955
f 1919/1968/1919 1918/1966/1918 1981/2027/1981 1982/2029/1982
f 1893/1969/1893 1892/1967/1892 1955/2028/1955 1956/2030/1956
f 1920/1970/1920 1919/1968/1919 1982/2029/1982 1983/2031/1983
f 1894/1971/1894 1893/1969/1893 1956/2030/1956 1957/2032/1957
f 1921/1972/1921 1920/1970/1920 1983/2031/1983 1984/2033/1984
f 1895/1973/1895 1894/1971/1894 1957/2032/1957 1958/2034/1958
f 1869/1975/1869 2058/2035/2058 1932/2036/1932
f 1922/1976/1922 1921/1972/1921 1984/2033/1984 1985/2037/1985
f 1896/1977/1896 1895/1973/1895 1958/2034/1958 1959/2038/1959
f 1870/1978/1870 1869/1975/1869 1932/2036/1932 1933/2039/1933
f 1923/1979/1923 1922/1976/1922 1985/2037/1985 1986/2040/1986
f 1897/1980/1897 1896/1977/1896 1959/2038/1959 1960/2041/1960
f 1871/1981/1871 1870/1978/1870 1933/2039/1933 1934/2042/1934
f 1924/1982/1924 1923/1979/1923 1986/2040/1986 1987/2043/1987
f 1898/1983/1898 1897/1980/1897 1960/2041/1960 1961/2044/1961
f 1872/1984/1872 1871/1981/1871 1934/2042/1934 1935/2045/1935
f 1925/1985/1925 1924/1982/1924 1987/2043/1987 1988/2046/1988
f 1899/1986/1899 1898/1983/1898 1961/2044/1961 1962/2047/1962
f 1873/1987/1873 1872/1984/1872 1935/2045/1935 1936/2048/1936
f 1926/1988/1926 1925/1985/1925 1988/2046/1988 1989/2049/1989
f 1900/1989/1900 1899/1986/1899 1962/2047/1962 1963/2050/1963
f 1874/1990/1874 1873/1987/1873 1936/2048/1936 1937/2051/1937
f 1927/1991/1927 1926/1988/1926 1989/2049/1989 1990/2052/1990
f 1901/1992/1901 1900/1989/1900 1963/2050/1963 1964/2053/1964
f 1875/1993/1875 1874/1990/1874 1937/2051/1937 1938/2054/1938
f 1928/1994/1928 1927/1991/1927 1990/2052/1990 1991/2055/1991
f 1902/1995/1902 1901/1992/1901 1964/2053/1964 1965/2056/1965
f 1876/1996/1876 1875/1993/1875 1938/2054/1938 1939/2057/1939
f 1929/1997/1929 1928/1994/1928 1991/2055/1991 1992/2058/1992
f 1903/1998/1903 1902/1995/1902 1965/2056/1965 1966/2059/1966
f 1877/1999/1877 1876/1996/1876 1939/2057/1939 1940/2060/1940
f 1930/2000/1930 1929/1997/1929 1992/2058/1992 1993/2061/1993
f 1904/2001/1904 1903/1998/1903 1966/2059/1966 1967/2062/1967
f 1878/2002/1878 1877/1999/1877 1940/2060/1940 1941/2063/1941
f 1931/2003/1931 1930/2000/1930 1993/2061/1993 1994/2064/1994
f 1905/2004/1905 1904/2001/1904 1967/2062/1967 1968/2065/1968
f 1879/2005/1879 1878/2002/1878 1941/2063/1941 1942/2066/1942
f 2752/2067/2752 1931/2003/1931 1994/2064/1994
f 1906/2007/1906 1905/2004/1905 1968/2065/1968 1969/2068/1969
f 1880/2008/1880 1879/2005/1879 1942/2066/1942 1943/2069/1943
f 1907/2009/1907 1906/2007/1906 1969/2068/1969 1970/2070/1970
f 1881/2010/1881 1880/2008/1880 1943/2069/1943 1944/2071/1944
f 1908/2011/1908 1907/2009/1907 1970/2070/1970 1971/2072/1971
f 1882/2012/1882 1881/2010/1881 1944/2071/1944 1945/2073/1945
f 1909/2013/1909 1908/2011/1908 1971/2072/1971 1972/2074/1972
f 1883/1949/1883 1882/2012/1882 1945/2073/1945 1946/2075/1946
f 1910/1951/1910 1909/2013/1909 1972/2074/1972 1973/2076/1973
f 1884/1950/1884 1883/1949/1883 1946/2075/1946 1947/2077/1947
f 1911/1952/1911 1910/1951/1910 1973/2076/1973 1974/2078/1974
f 1885/1953/1885 1884/1950/1884 1947/2077/1947 1948/2014/1948
f 1912/1954/1912 1911/1952/1911 1974/2078/1974 1975/2016/1975
f 1951/2020/1951 1950/2018/1950 2013/2079/2013 2014/2080/2014
f 1978/2021/1978 1977/2019/1977 2040/2081/2040 2041/2082/2041
f 1952/2022/1952 1951/2020/1951 2014/2080/2014 2015/2083/2015
f 1979/2023/1979 1978/2021/1978 2041/2082/2041 2042/2084/2042
f 1953/2024/1953 1952/2022/1952 2015/2083/2015 2016/2085/2016
f 1980/2025/1980 1979/2023/1979 2042/2084/2042 2043/2086/2043
f 1954/2026/1954 1953/2024/1953 2016/2085/2016 2017/2087/2017
f 1981/2027/1981 1980/2025/1980 2043/2086/2043 2044/2088/2044
f 1955/2028/1955 1954/2026/1954 2017/2087/2017 2018/2089/2018
f 1982/2029/1982 1981/2027/1981 2044/2088/2044 2045/2090/2045
f 1956/2030/1956 1955/2028/1955 2018/2089/2018 2019/2091/2019
f 1983/2031/1983 1982/2029/1982 2045/2090/2045 2046/2092/2046
f 1957/2032/1957 1956/2030/1956 2019/2091/2019 2020/2093/2020
f 1984/2033/1984 1983/2031/1983 2046/2092/2046 2047/2094/2047
f 1958/2034/1958 1957/2032/1957 2020/2093/2020 2021/2095/2021
f 1932/2036/1932 2058/2096/2058 1995/2097/1995
f 1985/2037/1985 1984/2033/1984 2047/2094/2047 2048/2098/2048
f 1959/2038/1959 1958/2034/1958 2021/2095/2021 2022/2099/2022
f 1933/2039/1933 1932/2036/1932 1995/2097/1995 1996/2100/1996
f 1986/2040/1986 1985/2037/1985 2048/2098/2048 2049/2101/2049
f 1960/2041/1960 1959/2038/1959 2022/2099/2022 2023/2102/2023
f 1934/2042/1934 1933/2039/1933 1996/2100/1996 1997/2103/1997
f 1987/2043/1987 1986/2040/1986 2049/2101/2049 2050/2104/2050
f 1961/2044/1961 1960/2041/1960 2023/2102/2023 2024/2105/2024
f 1935/2045/1935 1934/2042/1934 1997/2103/1997 1998/2106/1998
f 1988/2046/1988 1987/2043/1987 2050/2104/2050 2051/2107/2051
f 1962/2047/1962 1961/2044/1961 2024/2105/2024 2025/2108/2025
f 1936/2048/1936 1935/2045/1935 1998/2106/1998 1999/2109/1999
f 1989/2049/1989 1988/2046/1988 2051/2107/2051 2052/2110/2052
f 1963/2050/1963 1962/2047/1962 2025/2108/2025 2026/2111/2026
f 1937/2051/1937 1936/2048/1936 1999/2109/1999 2000/2112/2000
f 1990/2052/1990 1989/2049/1989 2052/2110/2052 2053/2113/2053
f 1964/2053/1964 1963/2050/1963 2026/2111/2026 2027/2114/2027
f 1938/2054/1938 1937/2051/1937 2000/2112/2000 2001/2115/2001
f 1991/2055/1991 1990/2052/1990 2053/2113/2053 2054/2116/2054
f 1965/2056/1965 1964/2053/1964 2027/2114/2027 2028/2117/2028
f 1939/2057/1939 1938/2054/1938 2001/2115/2001 2002/2118/2002
f 1992/2058/1992 1991/2055/1991 2054/2116/2054 2055/2119/2055
f 1966/2059/1966 1965/2056/1965 2028/2117/2028 2029/2120/2029
f 1940/2060/1940 1939/2057/1939 2002/2118/2002 2003/2121/2003
f 1993/2061/1993 1992/2058/1992 2055/2119/2055 2056/2122/2056
f 1967/2062/1967 1966/2059/1966 2029/2120/2029 2030/2123/2030
f 1941/2063/1941 1940/2060/1940 2003/2121/2003 2004/2124/2004
f 1994/2064/1994 1993/2061/1993 2056/2122/2056 2057/2125/2057
f 1968/2065/1968 1967/2062/1967 2030/2123/2030 2031/2126/2031
f 1942/2066/1942 1941/2063/1941 2004/2124/2004 2005/2127/2005
f 2752/2128/2752 1994/2064/1994 2057/2125/2057
f 1969/2068/1969 1968/2065/1968 2031/2126/2031 2032/2129/2032
f 1943/2069/1943 1942/2066/1942 2005/2127/2005 2006/2130/2006
f 1970/2070/1970 1969/2068/1969 2032/2129/2032 2033/2131/2033
f 1944/2071/1944 1943/2069/1943 2006/2130/2006 2007/2132/2007
f 1971/2072/1971 1970/2070/1970 2033/2131/2033 2034/2133/2034
f 1945/2073/1945 1944/2071/1944 2007/2132/2007 2008/2134/2008
f 1972/2074/1972 1971/2072/1971 2034/2133/2034 2035/2135/2035
f 1946/2075/1946 1945/2073/1945 2008/2134/2008 2009/2136/2009
f 1973/2076/1973 1972/2074/1972 2035/2135/2035 2036/2137/2036
f 1947/2077/1947 1946/2075/1946 2009/2136/2009 2010/2138/2010
f 1974/2078/1974 1973/2076/1973 2036/2137/2036 2037/2139/2037
f 1948/2014/1948 1947/2077/1947 2010/2138/2010 2011/2140/2011
f 1975/2016/1975 1974/2078/1974 2037/2139/2037 2038/2141/2038
f 1949/2015/1949 1948/2014/1948 2011/2140/2011 2012/2142/2012
f 1976/2017/1976 1975/2016/1975 2038/2141/2038 2039/2143/2039
f 1950/2018/1950 1949/2015/1949 2012/2142/2012 2013/2079/2013
f 1977/2019/1977 1976/2017/1976 2039/2143/2039 2040/2081/2040
f 2016/2085/2016 2015/2083/2015 2079/2144/2079 2080/2145/2080
f 2043/2086/2043 2042/2084/2042 2106/2146/2106 2107/2147/2107
f 2017/2087/2017 2016/2085/2016 2080/2145/2080 2081/2148/2081
f 2044/2088/2044 2043/2086/2043 2107/2147/2107 2108/2149/2108
f 2018/2089/2018 2017/2087/2017 2081/2148/2081 2082/2150/2082
f 2045/2090/2045 2044/2088/2044 2108/2149/2108 2109/2151/2109
f 2019/2091/2019 2018/2089/2018 2082/2150/2082 2083/2152/2083
f 2046/2092/2046 2045/2090/2045 2109/2151/2109 2110/2153/2110
f 2020/2093/2020 2019/2091/2019 2083/2152/2083 2084/2154/2084
f 2047/2094/2047 2046/2092/2046 2110/2153/2110 2111/2155/2111
f 2021/2095/2021 2020/2093/2020 2084/2154/2084 2085/2156/2085
f 1995/2097/1995 2058/2157/2058 2059/2158/2059
f 2048/2098/2048 2047/2094/2047 2111/2155/2111 2112/2159/2112
f 2022/2099/2022 2021/2095/2021 2085/2156/2085 2086/2160/2086
f 1996/2100/1996 1995/2097/1995 2059/2158/2059 2060/2161/2060
f 2049/2101/2049 2048/2098/2048 2112/2159/2112 2113/2162/2113
f 2023/2102/2023 2022/2099/2022 2086/2160/2086 2087/2163/2087
f 1997/2103/1997 1996/2100/1996 2060/2161/2060 2061/2164/2061
f 2050/2104/2050 2049/2101/2049 2113/2162/2113 2114/2165/2114
f 2024/2105/2024 2023/2102/2023 2087/2163/2087 2088/2166/2088
f 1998/2106/1998 1997/2103/1997 2061/2164/2061 2062/2167/2062
f 2051/2107/2051 2050/2104/2050 2114/2165/2114 2115/2168/2115
f 2025/2108/2025 2024/2105/2024 2088/2166/2088 2089/2169/2089
f 1999/2109/1999 1998/2106/1998 2062/2167/2062 2063/2170/2063
f 2052/2110/2052 2051/2107/2051 2115/2168/2115 2116/2171/2116
f 2026/2111/2026 2025/2108/2025 2089/2169/2089 2090/2172/2090
f 2000/2112/2000 1999/2109/1999 2063/2170/2063 2064/2173/2064
f 2053/2113/2053 2052/2110/2052 2116/2171/2116 2117/2174/2117
f 2027/2114/2027 2026/2111/2026 2090/2172/2090 2091/2175/2091
f 2001/2115/2001 2000/2112/2000 2064/2173/2064 2065/2176/2065
f 2054/2116/2054 2053/2113/2053 2117/2174/2117 2118/2177/2118
f 2028/2117/2028 2027/2114/2027 2091/2175/2091 2092/2178/2092
f 2002/2118/2002 2001/2115/2001 2065/2176/2065 2066/2179/2066
f 2055/2119/2055 2054/2116/2054 2118/2177/2118 2119/2180/2119
f 2029/2120/2029 2028/2117/2028 2092/2178/2092 2093/2181/2093
f 2003/2121/2003 2002/2118/2002 2066/2179/2066 2067/2182/2067
f 2056/2122/2056 2055/2119/2055 2119/2180/2119 2120/2183/2120
f 2030/2123/2030 2029/2120/2029 2093/2181/2093 2094/2184/2094
f 2004/2124/2004 2003/2121/2003 2067/2182/2067 2068/2185/2068
f 2057/2125/2057 2056/2122/2056 2120/2183/2120 2121/2186/2121
f 2031/2126/2031 2030/2123/2030 2094/2184/2094 2095/2187/2095
f 2005/2127/2005 2004/2124/2004 2068/2185/2068 2069/2188/2069
f 2752/2189/2752 2057/2125/2057 2121/2186/2121
f 2032/2129/2032 2031/2126/2031 2095/2187/2095 2096/2190/2096
f 2006/2130/2006 2005/2127/2005 2069/2188/2069 2070/2191/2070
f 2033/2131/2033 2032/2129/2032 2096/2190/2096 2097/2192/2097
f 2007/2132/2007 2006/2130/2006 2070/2191/2070 2071/2193/2071
f 2034/2133/2034 2033/2131/2033 2097/2192/2097 2098/2194/2098
f 2008/2134/2008 2007/2132/2007 2071/2193/2071 2072/2195/2072
f 2035/2135/2035 2034/2133/2034 2098/2194/2098 2099/2196/2099
f 2009/2136/2009 2008/2134/2008 2072/2195/2072 2073/2197/2073
f 2036/2137/2036 2035/2135/2035 2099/2196/2099 2100/2198/2100
f 2010/2138/2010 2009/2136/2009 2073/2197/2073 2074/2199/2074
f 2037/2139/2037 2036/2137/2036 2100/2198/2100 2101/2200/2101
f 2011/2140/2011 2010/2138/2010 2074/2199/2074 2075/2201/2075
f 2038/2141/2038 2037/2139/2037 2101/2200/2101 2102/2202/2102
f 2012/2142/2012 2011/2140/2011 2075/2201/2075 2076/2203/2076
f 2039/2143/2039 2038/2141/2038 2102/2202/2102 2103/2204/2103
f 2013/2079/2013 2012/2142/2012 2076/2203/2076 2077/2205/2077
f 2040/2081/2040 2039/2143/2039 2103/2204/2103 2104/2206/2104
f 2014/2080/2014 2013/2079/2013 2077/2205/2077 2078/2207/2078
f 2041/2082/2041 2040/2081/2040 2104/2206/2104 2105/2208/2105
f 2015/2083/2015 2014/2080/2014 2078/2207/2078 2079/2144/2079
f 2042/2084/2042 2041/2082/2041 2105/2208/2105 2106/2146/2106
f 2082/2150/2082 2081/2148/2081 2144/2209/2144 2145/2210/2145
f 2109/2151/2109 2108/2149/2108 2171/2211/2171 2172/2212/2172
f 2083/2152/2083 2082/2150/2082 2145/2210/2145 2146/2213/2146
f 2110/2153/2110 2109/2151/2109 2172/2212/2172 2173/2214/2173
f 2084/2154/2084 2083/2152/2083 2146/2213/2146 2147/2215/2147
f 2111/2155/2111 2110/2153/2110 2173/2214/2173 2174/2216/2174
f 2085/2156/2085 2084/2154/2084 2147/2215/2147 2148/2217/2148
f 2059/2158/2059 2058/2218/2058 2122/2219/2122
f 2112/2159/2112 2111/2155/2111 2174/2216/2174 2175/2220/2175
f 2086/2160/2086 2085/2156/2085 2148/2217/2148 2149/2221/2149
f 2060/2161/2060 2059/2158/2059 2122/2219/2122 2123/2222/2123
f 2113/2162/2113 2112/2159/2112 2175/2220/2175 2176/2223/2176
f 2087/2163/2087 2086/2160/2086 2149/2221/2149 2150/2224/2150
f 2061/2164/2061 2060/2161/2060 2123/2222/2123 2124/2225/2124
f 2114/2165/2114 2113/2162/2113 2176/2223/2176 2177/2226/2177
f 2088/2166/2088 2087/2163/2087 2150/2224/2150 2151/2227/2151
f 2062/2167/2062 2061/2164/2061 2124/2225/2124 2125/2228/2125
f 2115/2168/2115 2114/2165/2114 2177/2226/2177 2178/2229/2178
f 2089/2169/2089 2088/2166/2088 2151/2227/2151 2152/2230/2152
f 2063/2170/2063 2062/2167/2062 2125/2228/2125 2126/2231/2126
f 2116/2171/2116 2115/2168/2115 2178/2229/2178 2179/2232/2179
f 2090/2172/2090 2089/2169/2089 2152/2230/2152 2153/2233/2153
f 2064/2173/2064 2063/2170/2063 2126/2231/2126 2127/2234/2127
f 2117/2174/2117 2116/2171/2116 2179/2232/2179 2180/2235/2180
f 2091/2175/2091 2090/2172/2090 2153/2233/2153 2154/2236/2154
f 2065/2176/2065 2064/2173/2064 2127/2234/2127 2128/2237/2128
f 2118/2177/2118 2117/2174/2117 2180/2235/2180 2181/2238/2181
f 2092/2178/2092 2091/2175/2091 2154/2236/2154 2155/2239/2155
f 2066/2179/2066 2065/2176/2065 2128/2237/2128 2129/2240/2129
f 2119/2180/2119 2118/2177/2118 2181/2238/2181 2182/2241/2182
f 2093/2181/2093 2092/2178/2092 2155/2239/2155 2156/2242/2156
f 2067/2182/2067 2066/2179/2066 2129/2240/2129 2130/2243/2130
f 2120/2183/2120 2119/2180/2119 2182/2241/2182 2183/2244/2183
f 2094/2184/2094 2093/2181/2093 2156/2242/2156 2157/2245/2157
f 2068/2185/2068 2067/2182/2067 2130/2243/2130 2131/2246/2131
f 2121/2186/2121 2120/2183/2120 2183/2244/2183 2184/2247/2184
f 2095/2187/2095 2094/2184/2094 2157/2245/2157 2158/2248/2158
f 2069/2188/2069 2068/2185/2068 2131/2246/2131 2132/2249/2132
f 2752/2250/2752 2121/2186/2121 2184/2247/2184
f 2096/2190/2096 2095/2187/2095 2158/2248/2158 2159/2251/2159
f 2070/2191/2070 2069/2188/2069 2132/2249/2132 2133/2252/2133
f 2097/2192/2097 2096/2190/2096 2159/2251/2159 2160/2253/2160
f 2071/2193/2071 2070/2191/2070 2133/2252/2133 2134/2254/2134
f 2098/2194/2098 2097/2192/2097 2160/2253/2160 2161/2255/2161
f 2072/2195/2072 2071/2193/2071 2134/2254/2134 2135/2256/2135
f 2099/2196/2099 2098/2194/2098 2161/2255/2161 2162/2257/2162
f 2073/2197/2073 2072/2195/2072 2135/2256/2135 2136/2258/2136
f 2100/2198/2100 2099/2196/2099 2162/2257/2162 2163/2259/2163
f 2074/2199/2074 2073/2197/2073 2136/2258/2136 2137/2260/2137
f 2101/2200/2101 2100/2198/2100 2163/2259/2163 2164/2261/2164
f 2075/2201/2075 2074/2199/2074 2137/2260/2137 2138/2262/2138
f 2102/2202/2102 2101/2200/2101 2164/2261/2164 2165/2263/2165
f 2076/2203/2076 2075/2201/2075 2138/2262/2138 2139/2264/2139
f 2103/2204/2103 2102/2202/2102 2165/2263/2165 2166/2265/2166
f 2077/2205/2077 2076/2203/2076 2139/2264/2139 2140/2266/2140
f 2104/2206/2104 2103/2204/2103 2166/2265/2166 2167/2267/2167
f 2078/2207/2078 2077/2205/2077 2140/2266/2140 2141/2268/2141
f 2105/2208/2105 2104/2206/2104 2167/2267/2167 2168/2269/2168
f 2079/2144/2079 2078/2207/2078 2141/2268/2141 2142/2270/2142
f 2106/2146/2106 2105/2208/2105 2168/2269/2168 2169/2271/2169
f 2080/2145/2080 2079/2144/2079 2142/2270/2142 2143/2272/2143
f 2107/2147/2107 2106/2146/2106 2169/2271/2169 2170/2273/2170
f 2081/2148/2081 2080/2145/2080 2143/2272/2143 2144/2209/2144
f 2108/2149/2108 2107/2147/2107 2170/2273/2170 2171/2211/2171
f 2147/2215/2147 2146/2213/2146 2209/2274/2209 2210/2275/2210
f 2174/2216/2174 2173/2214/2173 2236/2276/2236 2237/2277/2237
f 2148/2217/2148 2147/2215/2147 2210/2275/2210 2211/2278/2211
f 2122/2219/2122 2058/2279/2058 2185/2280/2185
f 2175/2220/2175 2174/2216/2174 2237/2277/2237 2238/2281/2238
f 2149/2221/2149 2148/2217/2148 2211/2278/2211 2212/2282/2212
f 2123/2222/2123 2122/2219/2122 2185/2280/2185 2186/2283/2186
f 2176/2223/2176 2175/2220/2175 2238/2281/2238 2239/2284/2239
f 2150/2224/2150 2149/2221/2149 2212/2282/2212 2213/2285/2213
f 2124/2225/2124 2123/2222/2123 2186/2283/2186 2187/2286/2187
f 2177/2226/2177 2176/2223/2176 2239/2284/2239 2240/2287/2240
f 2151/2227/2151 2150/2224/2150 2213/2285/2213 2214/2288/2214
f 2125/2228/2125 2124/2225/2124 2187/2286/2187 2188/2289/2188
f 2178/2229/2178 2177/2226/2177 2240/2287/2240 2241/2290/2241
f 2152/2230/2152 2151/2227/2151 2214/2288/2214 2215/2291/2215
f 2126/2231/2126 2125/2228/2125 2188/2289/2188 2189/2292/2189
f 2179/2232/2179 2178/2229/2178 2241/2290/2241 2242/2293/2242
f 2153/2233/2153 2152/2230/2152 2215/2291/2215 2216/2294/2216
f 2127/2234/2127 2126/2231/2126 2189/2292/2189 2190/2295/2190
f 2180/2235/2180 2179/2232/2179 2242/2293/2242 2243/2296/2243
f 2154/2236/2154 2153/2233/2153 2216/2294/2216 2217/2297/2217
f 2128/2237/2128 2127/2234/2127 2190/2295/2190 2191/2298/2191
f 2181/2238/2181 2180/2235/2180 2243/2296/2243 2244/2299/2244
f 2155/2239/2155 2154/2236/2154 2217/2297/2217 2218/2300/2218
f 2129/2240/2129 2128/2237/2128 2191/2298/2191 2192/2301/2192
f 2182/2241/2182 2181/2238/2181 2244/2299/2244 2245/2302/2245
f 2156/2242/2156 2155/2239/2155 2218/2300/2218 2219/2303/2219
f 2130/2243/2130 2129/2240/2129 2192/2301/2192 2193/2304/2193
f 2183/2244/2183 2182/2241/2182 2245/2302/2245 2246/2305/2246
f 2157/2245/2157 2156/2242/2156 2219/2303/2219 2220/2306/2220
f 2131/2246/2131 2130/2243/2130 2193/2304/2193 2194/2307/2194
f 2184/2247/2184 2183/2244/2183 2246/2305/2246 2247/2308/2247
f 2158/2248/2158 2157/2245/2157 2220/2306/2220 2221/2309/2221
f 2132/2249/2132 2131/2246/2131 2194/2307/2194 2195/2310/2195
f 2752/2311/2752 2184/2247/2184 2247/2308/2247
f 2159/2251/2159 2158/2248/2158 2221/2309/2221 2222/2312/2222
f 2133/2252/2133 2132/2249/2132 2195/2310/2195 2196/2313/2196
f 2160/2253/2160 2159/2251/2159 2222/2312/2222 2223/2314/2223
f 2134/2254/2134 2133/2252/2133 2196/2313/2196 2197/2315/2197
f 2161/2255/2161 2160/2253/2160 2223/2314/2223 2224/2316/2224
f 2135/2256/2135 2134/2254/2134 2197/2315/2197 2198/2317/2198
f 2162/2257/2162 2161/2255/2161 2224/2316/2224 2225/2318/2225
f 2136/2258/2136 2135/2256/2135 2198/2317/2198 2199/2319/2199
f 2163/2259/2163 2162/2257/2162 2225/2318/2225 2226/2320/2226
f 2137/2260/2137 2136/2258/2136 2199/2319/2199 2200/2321/2200
f 2164/2261/2164 2163/2259/2163 2226/2320/2226 2227/2322/2227
f 2138/2262/2138 2137/2260/2137 2200/2321/2200 2201/2323/2201
f 2165/2263/2165 2164/2261/2164 2227/2322/2227 2228/2324/2228
f 2139/2264/2139 2138/2262/2138 2201/2323/2201 2202/2325/2202
f 2166/2265/2166 2165/2263/2165 2228/2324/2228 2229/2326/2229
f 2140/2266/2140 2139/2264/2139 2202/2325/2202 2203/2327/2203
f 2167/2267/2167 2166/2265/2166 2229/2326/2229 2230/2328/2230
f 2141/2268/2141 2140/2266/2140 2203/2327/2203 2204/2329/2204
f 2168/2269/2168 2167/2267/2167 2230/2328/2230 2231/2330/2231
f 2142/2270/2142 2141/2268/2141 2204/2329/2204 2205/2331/2205
f 2169/2271/2169 2168/2269/2168 2231/2330/2231 2232/2332/2232
f 2143/2272/2143 2142/2270/2142 2205/2331/2205 2206/2333/2206
f 2170/2273/2170 2169/2271/2169 2232/2332/2232 2233/2334/2233
f 2144/2209/2144 2143/2272/2143 2206/2333/2206 2207/2335/2207
f 2171/2211/2171 2170/2273/2170 2233/2334/2233 2234/2336/2234
f 2145/2210/2145 2144/2209/2144 2207/2335/2207 2208/2337/2208
f 2172/2212/2172 2171/2211/2171 2234/2336/2234 2235/2338/2235
f 2146/2213/2146 2145/2210/2145 2208/2337/2208 2209/2274/2209
f 2173/2214/2173 2172/2212/2172 2235/2338/2235 2236/2276/2236
f 2212/2282/2212 2211/2278/2211 2274/2339/2274 2275/2340/2275
f 2186/2283/2186 2185/2280/2185 2248/2341/2248 2249/2342/2249
f 2239/2284/2239 2238/2281/2238 2301/2343/2301 2302/2344/2302
f 2213/2285/2213 2212/2282/2212 2275/2340/2275 2276/2345/2276
f 2187/2286/2187 2186/2283/2186 2249/2342/2249 2250/2346/2250
f 2240/2287/2240 2239/2284/2239 2302/2344/2302 2303/2347/2303
f 2214/2288/2214 2213/2285/2213 2276/2345/2276 2277/2348/2277
f 2188/2289/2188 2187/2286/2187 2250/2346/2250 2251/2349/2251
f 2241/2290/2241 2240/2287/2240 2303/2347/2303 2304/2350/2304
f 2215/2291/2215 2214/2288/2214 2277/2348/2277 2278/2351/2278
f 2189/2292/2189 2188/2289/2188 2251/2349/2251 2252/2352/2252
f 2242/2293/2242 2241/2290/2241 2304/2350/2304 2305/2353/2305
f 2216/2294/2216 2215/2291/2215 2278/2351/2278 2279/2354/2279
f 2190/2295/2190 2189/2292/2189 2252/2352/2252 2253/2355/2253
f 2243/2296/2243 2242/2293/2242 2305/2353/2305 2306/2356/2306
f 2217/2297/2217 2216/2294/2216 2279/2354/2279 2280/2357/2280
f 2191/2298/2191 2190/2295/2190 2253/2355/2253 2254/2358/2254
f 2244/2299/2244 2243/2296/2243 2306/2356/2306 2307/2359/2307
f 2218/2300/2218 2217/2297/2217 2280/2357/2280 2281/2360/2281
f 2192/2301/2192 2191/2298/2191 2254/2358/2254 2255/2361/2255
f 2245/2302/2245 2244/2299/2244 2307/2359/2307 2308/2362/2308
f 2219/2303/2219 2218/2300/2218 2281/2360/2281 2282/2363/2282
f 2193/2304/2193 2192/2301/2192 2255/2361/2255 2256/2364/2256
f 2246/2305/2246 2245/2302/2245 2308/2362/2308 2309/2365/2309
f 2220/2306/2220 2219/2303/2219 2282/2363/2282 2283/2366/2283
f 2194/2307/2194 2193/2304/2193 2256/2364/2256 2257/2367/2257
f 2247/2308/2247 2246/2305/2246 2309/2365/2309 2310/2368/2310
f 2221/2309/2221 2220/2306/2220 2283/2366/2283 2284/2369/2284
f 2195/2310/2195 2194/2307/2194 2257/2367/2257 2258/2370/2258
f 2752/2371/2752 2247/2308/2247 2310/2368/2310
f 2222/2312/2222 2221/2309/2221 2284/2369/2284 2285/2372/2285
f 2196/2313/2196 2195/2310/2195 2258/2370/2258 2259/2373/2259
f 2223/2314/2223 2222/2312/2222 2285/2372/2285 2286/2374/2286
f 2197/2315/2197 2196/2313/2196 2259/2373/2259 2260/2375/2260
f 2224/2316/2224 2223/2314/2223 2286/2374/2286 2287/2376/2287
f 2198/2317/2198 2197/2315/2197 2260/2375/2260 2261/2377/2261
f 2225/2318/2225 2224/2316/2224 2287/2376/2287 2288/2378/2288
f 2199/2319/2199 2198/2317/2198 2261/2377/2261 2262/2379/2262
f 2226/2320/2226 2225/2318/2225 2288/2378/2288 2289/2380/2289
f 2200/2321/2200 2199/2319/2199 2262/2379/2262 2263/2381/2263
f 2227/2322/2227 2226/2320/2226 2289/2380/2289 2290/2382/2290
f 2201/2323/2201 2200/2321/2200 2263/2381/2263 2264/2383/2264
f 2228/2324/2228 2227/2322/2227 2290/2382/2290 2291/2384/2291
f 2202/2325/2202 2201/2323/2201 2264/2383/2264 2265/2385/2265
f 2229/2326/2229 2228/2324/2228 2291/2384/2291 2292/2386/2292
f 2203/2327/2203 2202/2325/2202 2265/2385/2265 2266/2387/2266
f 2230/2328/2230 2229/2326/2229 2292/2386/2292 2293/2388/2293
f 2204/2329/2204 2203/2327/2203 2266/2387/2266 2267/2389/2267
f 2231/2330/2231 2230/2328/2230 2293/2388/2293 2294/2390/2294
f 2205/2331/2205 2204/2329/2204 2267/2389/2267 2268/2391/2268
f 2232/2332/2232 2231/2330/2231 2294/2390/2294 2295/2392/2295
f 2206/2333/2206 2205/2331/2205 2268/2391/2268 2269/2393/2269
f 2233/2334/2233 2232/2332/2232 2295/2392/2295 2296/2394/2296
f 2207/2335/2207 2206/2333/2206 2269/2393/2269 2270/2395/2270
f 2234/2336/2234 2233/2334/2233 2296/2394/2296 2297/2396/2297
f 2208/2337/2208 2207/2335/2207 2270/2395/2270 2271/2397/2271
f 2235/2338/2235 2234/2336/2234 2297/2396/2297 2298/2398/2298
f 2209/2274/2209 2208/2337/2208 2271/2397/2271 2272/2399/2272
f 2236/2276/2236 2235/2338/2235 2298/2398/2298 2299/2400/2299
f 2210/2275/2210 2209/2274/2209 2272/2399/2272 2273/2401/2273
f 2237/2277/2237 2236/2276/2236 2299/2400/2299 2300/2402/2300
f 2211/2278/2211 2210/2275/2210 2273/2401/2273 2274/2339/2274
f 2185/2280/2185 2058/2403/2058 2248/2341/2248
f 2238/2281/2238 2237/2277/2237 2300/2402/2300 2301/2343/2301
f 2277/2348/2277 2276/2345/2276 2339/2404/2339 2340/2405/2340
f 2251/2349/2251 2250/2346/2250 2313/2406/2313 2314/2407/2314
f 2304/2350/2304 2303/2347/2303 2366/2408/2366 2367/2409/2367
f 2278/2351/2278 2277/2348/2277 2340/2405/2340 2341/2410/2341
f 2252/2352/2252 2251/2349/2251 2314/2407/2314 2315/2411/2315
f 2305/2353/2305 2304/2350/2304 2367/2409/2367 2368/2412/2368
f 2279/2354/2279 2278/2351/2278 2341/2410/2341 2342/2413/2342
f 2253/2355/2253 2252/2352/2252 2315/2411/2315 2316/2414/2316
f 2306/2356/2306 2305/2353/2305 2368/2412/2368 2369/2415/2369
f 2280/2357/2280 2279/2354/2279 2342/2413/2342 2343/2416/2343
f 2254/2358/2254 2253/2355/2253 2316/2414/2316 2317/2417/2317
f 2307/2359/2307 2306/2356/2306 2369/2415/2369 2370/2418/2370
f 2281/2360/2281 2280/2357/2280 2343/2416/2343 2344/2419/2344
f 2255/2361/2255 2254/2358/2254 2317/2417/2317 2318/2420/2318
f 2308/2362/2308 2307/2359/2307 2370/2418/2370 2371/2421/2371
f 2282/2363/2282 2281/2360/2281 2344/2419/2344 2345/2422/2345
f 2256/2364/2256 2255/2361/2255 2318/2420/2318 2319/2423/2319
f 2309/2365/2309 2308/2362/2308 2371/2421/2371 2372/2424/2372
f 2283/2366/2283 2282/2363/2282 2345/2422/2345 2346/2425/2346
f 2257/2367/2257 2256/2364/2256 2319/2423/2319 2320/2426/2320
f 2310/2368/2310 2309/2365/2309 2372/2424/2372 2373/2427/2373
f 2284/2369/2284 2283/2366/2283 2346/2425/2346 2347/2428/2347
f 2258/2370/2258 2257/2367/2257 2320/2426/2320 2321/2429/2321
f 2752/2430/2752 2310/2368/2310 2373/2427/2373
f 2285/2372/2285 2284/2369/2284 2347/2428/2347 2348/2431/2348
f 2259/2373/2259 2258/2370/2258 2321/2429/2321 2322/2432/2322
f 2286/2374/2286 2285/2372/2285 2348/2431/2348 2349/2433/2349
f 2260/2375/2260 2259/2373/2259 2322/2432/2322 2323/2434/2323
f 2287/2376/2287 2286/2374/2286 2349/2433/2349 2350/2435/2350
f 2261/2377/2261 2260/2375/2260 2323/2434/2323 2324/2436/2324
f 2288/2378/2288 2287/2376/2287 2350/2435/2350 2351/2437/2351
f 2262/2379/2262 2261/2377/2261 2324/2436/2324 2325/2438/2325
f 2289/2380/2289 2288/2378/2288 2351/2437/2351 2352/2439/2352
f 2263/2381/2263 2262/2379/2262 2325/2438/2325 2326/2440/2326
f 2290/2382/2290 2289/2380/2289 2352/2439/2352 2353/2441/2353
f 2264/2383/2264 2263/2381/2263 2326/2440/2326 2327/2442/2327
f 2291/2384/2291 2290/2382/2290 2353/2441/2353 2354/2443/2354
f 2265/2385/2265 2264/2383/2264 2327/2442/2327 2328/2444/2328
f 2292/2386/2292 2291/2384/2291 2354/2443/2354 2355/2445/2355
f 2266/2387/2266 2265/2385/2265 2328/2444/2328 2329/2446/2329
f 2293/2388/2293 2292/2386/2292 2355/2445/2355 2356/2447/2356
f 2267/2389/2267 2266/2387/2266 2329/2446/2329 2330/2448/2330
f 2294/2390/2294 2293/2388/2293 2356/2447/2356 2357/2449/2357
f 2268/2391/2268 2267/2389/2267 2330/2448/2330 2331/2450/2331
f 2295/2392/2295 2294/2390/2294 2357/2449/2357 2358/2451/2358
f 2269/2393/2269 2268/2391/2268 2331/2450/2331 2332/2452/2332
f 2296/2394/2296 2295/2392/2295 2358/2451/2358 2359/2453/2359
f 2270/2395/2270 2269/2393/2269 2332/2452/2332 2333/2454/2333
f 2297/2396/2297 2296/2394/2296 2359/2453/2359 2360/2455/2360
f 2271/2397/2271 2270/2395/2270 2333/2454/2333 2334/2456/2334
f 2298/2398/2298 2297/2396/2297 2360/2455/2360 2361/2457/2361
f 2272/2399/2272 2271/2397/2271 2334/2456/2334 2335/2458/2335
f 2299/2400/2299 2298/2398/2298 2361/2457/2361 2362/2459/2362
f 2273/2401/2273 2272/2399/2272 2335/2458/2335 2336/2460/2336
f 2300/2402/2300 2299/2400/2299 2362/2459/2362 2363/2461/2363
f 2274/2339/2274 2273/2401/2273 2336/2460/2336 2337/2462/2337
f 2248/2341/2248 2058/2463/2058 2311/2464/2311
f 2301/2343/2301 2300/2402/2300 2363/2461/2363 2364/2465/2364
f 2275/2340/2275 2274/2339/2274 2337/2462/2337 2338/2466/2338
f 2249/2342/2249 2248/2341/2248 2311/2464/2311 2312/2467/2312
f 2302/2344/2302 2301/2343/2301 2364/2465/2364 2365/2468/2365
f 2276/2345/2276 2275/2340/2275 2338/2466/2338 2339/2404/2339
f 2250/2346/2250 2249/2342/2249 2312/2467/2312 2313/2406/2313
f 2303/2347/2303 2302/2344/2302 2365/2468/2365 2366/2408/2366
f 2342/2413/2342 2341/2410/2341 2404/2469/2404 2405/2470/2405
f 2316/2414/2316 2315/2411/2315 2378/2471/2378 2379/2472/2379
f 2369/2415/2369 2368/2412/2368 2431/2473/2431 2432/2474/2432
f 2343/2416/2343 2342/2413/2342 2405/2470/2405 2406/2475/2406
f 2317/2417/2317 2316/2414/2316 2379/2472/2379 2380/2476/2380
f 2370/2418/2370 2369/2415/2369 2432/2474/2432 2433/2477/2433
f 2344/2419/2344 2343/2416/2343 2406/2475/2406 2407/2478/2407
f 2318/2420/2318 2317/2417/2317 2380/2476/2380 2381/2479/2381
f 2371/2421/2371 2370/2418/2370 2433/2477/2433 2434/2480/2434
f 2345/2422/2345 2344/2419/2344 2407/2478/2407 2408/2481/2408
f 2319/2423/2319 2318/2420/2318 2381/2479/2381 2382/2482/2382
f 2372/2424/2372 2371/2421/2371 2434/2480/2434 2435/2483/2435
f 2346/2425/2346 2345/2422/2345 2408/2481/2408 2409/2484/2409
f 2320/2426/2320 2319/2423/2319 2382/2482/2382 2383/2485/2383
f 2373/2427/2373 2372/2424/2372 2435/2483/2435 2436/2486/2436
f 2347/2428/2347 2346/2425/2346 2409/2484/2409 2410/2487/2410
f 2321/2429/2321 2320/2426/2320 2383/2485/2383 2384/2488/2384
f 2752/2489/2752 2373/2427/2373 2436/2486/2436
f 2348/2431/2348 2347/2428/2347 2410/2487/2410 2411/2490/2411
f 2322/2432/2322 2321/2429/2321 2384/2488/2384 2385/2491/2385
f 2349/2433/2349 2348/2431/2348 2411/2490/2411 2412/2492/2412
f 2323/2434/2323 2322/2432/2322 2385/2491/2385 2386/2493/2386
f 2350/2435/2350 2349/2433/2349 2412/2492/2412 2413/2494/2413
f 2324/2436/2324 2323/2434/2323 2386/2493/2386 2387/2495/2387
f 2351/2437/2351 2350/2435/2350 2413/2494/2413 2414/2496/2414
f 2325/2438/2325 2324/2436/2324 2387/2495/2387 2388/2497/2388
f 2352/2439/2352 2351/2437/2351 2414/2496/2414 2415/2498/2415
f 2326/2440/2326 2325/2438/2325 2388/2497/2388 2389/2499/2389
f 2353/2441/2353 2352/2439/2352 2415/2498/2415 2416/2500/2416
f 2327/2442/2327 2326/2440/2326 2389/2499/2389 2390/2501/2390
f 2354/2443/2354 2353/2441/2353 2416/2500/2416 2417/2502/2417
f 2328/2444/2328 2327/2442/2327 2390/2501/2390 2391/2503/2391
f 2355/2445/2355 2354/2443/2354 2417/2502/2417 2418/2504/2418
f 2329/2446/2329 2328/2444/2328 2391/2503/2391 2392/2505/2392
f 2356/2447/2356 2355/2445/2355 2418/2504/2418 2419/2506/2419
f 2330/2448/2330 2329/2446/2329 2392/2505/2392 2393/2507/2393
f 2357/2449/2357 2356/2447/2356 2419/2506/2419 2420/2508/2420
f 2331/2450/2331 2330/2448/2330 2393/2507/2393 2394/2509/2394
f 2358/2451/2358 2357/2449/2357 2420/2508/2420 2421/2510/2421
f 2332/2452/2332 2331/2450/2331 2394/2509/2394 2395/2511/2395
f 2359/2453/2359 2358/2451/2358 2421/2510/2421 2422/2512/2422
f 2333/2454/2333 2332/2452/2332 2395/2511/2395 2396/2513/2396
f 2360/2455/2360 2359/2453/2359 2422/2512/2422 2423/2514/2423
f 2334/2456/2334 2333/2454/2333 2396/2513/2396 2397/2515/2397
f 2361/2457/2361 2360/2455/2360 2423/2514/2423 2424/2516/2424
f 2335/2458/2335 2334/2456/2334 2397/2515/2397 2398/2517/2398
f 2362/2459/2362 2361/2457/2361 2424/2516/2424 2425/2518/2425
f 2336/2460/2336 2335/2458/2335 2398/2517/2398 2399/2519/2399
f 2363/2461/2363 2362/2459/2362 2425/2518/2425 2426/2520/2426
f 2337/2462/2337 2336/2460/2336 2399/2519/2399 2400/2521/2400
f 2311/2464/2311 2058/2522/2058 2374/2523/2374
f 2364/2465/2364 2363/2461/2363 2426/2520/2426 2427/2524/2427
f 2338/2466/2338 2337/2462/2337 2400/2521/2400 2401/2525/2401
f 2312/2467/2312 2311/2464/2311 2374/2523/2374 2375/2526/2375
f 2365/2468/2365 2364/2465/2364 2427/2524/2427 2428/2527/2428
f 2339/2404/2339 2338/2466/2338 2401/2525/2401 2402/2528/2402
f 2313/2406/2313 2312/2467/2312 2375/2526/2375 2376/2529/2376
f 2366/2408/2366 2365/2468/2365 2428/2527/2428 2429/2530/2429
f 2340/2405/2340 2339/2404/2339 2402/2528/2402 2403/2531/2403
f 2314/2407/2314 2313/2406/2313 2376/2529/2376 2377/2532/2377
f 2367/2409/2367 2366/2408/2366 2429/2530/2429 2430/2533/2430
f 2341/2410/2341 2340/2405/2340 2403/2531/2403 2404/2469/2404
f 2315/2411/2315 2314/2407/2314 2377/2532/2377 2378/2471/2378
f 2368/2412/2368 2367/2409/2367 2430/2533/2430 2431/2473/2431
f 2407/2478/2407 2406/2475/2406 2469/2534/2469 2470/2535/2470
f 2381/2479/2381 2380/2476/2380 2443/2536/2443 2444/2537/2444
f 2434/2480/2434 2433/2477/2433 2496/2538/2496 2497/2539/2497
f 2408/2481/2408 2407/2478/2407 2470/2535/2470 2471/2540/2471
f 2382/2482/2382 2381/2479/2381 2444/2537/2444 2445/2541/2445
f 2435/2483/2435 2434/2480/2434 2497/2539/2497 2498/2542/2498
f 2409/2484/2409 2408/2481/2408 2471/2540/2471 2472/2543/2472
f 2383/2485/2383 2382/2482/2382 2445/2541/2445 2446/2544/2446
f 2436/2486/2436 2435/2483/2435 2498/2542/2498 2499/2545/2499
f 2410/2487/2410 2409/2484/2409 2472/2543/2472 2473/2546/2473
f 2384/2488/2384 2383/2485/2383 2446/2544/2446 2447/2547/2447
f 2752/2548/2752 2436/2486/2436 2499/2545/2499
f 2411/2490/2411 2410/2487/2410 2473/2546/2473 2474/2549/2474
f 2385/2491/2385 2384/2488/2384 2447/2547/2447 2448/2550/2448
f 2412/2492/2412 2411/2490/2411 2474/2549/2474 2475/2551/2475
f 2386/2493/2386 2385/2491/2385 2448/2550/2448 2449/2552/2449
f 2413/2494/2413 2412/2492/2412 2475/2551/2475 2476/2553/2476
f 2387/2495/2387 2386/2493/2386 2449/2552/2449 2450/2554/2450
f 2414/2496/2414 2413/2494/2413 2476/2553/2476 2477/2555/2477
f 2388/2497/2388 2387/2495/2387 2450/2554/2450 2451/2556/2451
f 2415/2498/2415 2414/2496/2414 2477/2555/2477 2478/2557/2478
f 2389/2499/2389 2388/2497/2388 2451/2556/2451 2452/2558/2452
f 2416/2500/2416 2415/2498/2415 2478/2557/2478 2479/2559/2479
f 2390/2501/2390 2389/2499/2389 2452/2558/2452 2453/2560/2453
f 2417/2502/2417 2416/2500/2416 2479/2559/2479 2480/2561/2480
f 2391/2503/2391 2390/2501/2390 2453/2560/2453 2454/2562/2454
f 2418/2504/2418 2417/2502/2417 2480/2561/2480 2481/2563/2481
f 2392/2505/2392 2391/2503/2391 2454/2562/2454 2455/2564/2455
f 2419/2506/2419 2418/2504/2418 2481/2563/2481 2482/2565/2482
f 2393/2507/2393 2392/2505/2392 2455/2564/2455 2456/2566/2456
f 2420/2508/2420 2419/2506/2419 2482/2565/2482 2483/2567/2483
f 2394/2509/2394 2393/2507/2393 2456/2566/2456 2457/2568/2457
f 2421/2510/2421 2420/2508/2420 2483/2567/2483 2484/2569/2484
f 2395/2511/2395 2394/2509/2394 2457/2568/2457 2458/2570/2458
f 2422/2512/2422 2421/2510/2421 2484/2569/2484 2485/2571/2485
f 2396/2513/2396 2395/2511/2395 2458/2570/2458 2459/2572/2459
f 2423/2514/2423 2422/2512/2422 2485/2571/2485 2486/2573/2486
f 2397/2515/2397 2396/2513/2396 2459/2572/2459 2460/2574/2460
f 2424/2516/2424 2423/2514/2423 2486/2573/2486 2487/2575/2487
f 2398/2517/2398 2397/2515/2397 2460/2574/2460 2461/2576/2461
f 2425/2518/2425 2424/2516/2424 2487/2575/2487 2488/2577/2488
f 2399/2519/2399 2398/2517/2398 2461/2576/2461 2462/2578/2462
f 2426/2520/2426 2425/2518/2425 2488/2577/2488 2489/2579/2489
f 2400/2521/2400 2399/2519/2399 2462/2578/2462 2463/2580/2463
f 2374/2523/2374 2058/2581/2058 2437/2582/2437
f 2427/2524/2427 2426/2520/2426 2489/2579/2489 2490/2583/2490
f 2401/2525/2401 2400/2521/2400 2463/2580/2463 2464/2584/2464
f 2375/2526/2375 2374/2523/2374 2437/2582/2437 2438/2585/2438
f 2428/2527/2428 2427/2524/2427 2490/2583/2490 2491/2586/2491
f 2402/2528/2402 2401/2525/2401 2464/2584/2464 2465/2587/2465
f 2376/2529/2376 2375/2526/2375 2438/2585/2438 2439/2588/2439
f 2429/2530/2429 2428/2527/2428 2491/2586/2491 2492/2589/2492
f 2403/2531/2403 2402/2528/2402 2465/2587/2465 2466/2590/2466
f 2377/2532/2377 2376/2529/2376 2439/2588/2439 2440/2591/2440
f 2430/2533/2430 2429/2530/2429 2492/2589/2492 2493/2592/2493
f 2404/2469/2404 2403/2531/2403 2466/2590/2466 2467/2593/2467
f 2378/2471/2378 2377/2532/2377 2440/2591/2440 2441/2594/2441
f 2431/2473/2431 2430/2533/2430 2493/2592/2493 2494/2595/2494
f 2405/2470/2405 2404/2469/2404 2467/2593/2467 2468/2596/2468
f 2379/2472/2379 2378/2471/2378 2441/2594/2441 2442/2597/2442
f 2432/2474/2432 2431/2473/2431 2494/2595/2494 2495/2598/2495
f 2406/2475/2406 2405/2470/2405 2468/2596/2468 2469/2534/2469
f 2380/2476/2380 2379/2472/2379 2442/2597/2442 2443/2536/2443
f 2433/2477/2433 2432/2474/2432 2495/2598/2495 2496/2538/2496
f 2444/2537/2444 2443/2536/2443 2506/2599/2506 2507/2600/2507
f 2497/2539/2497 2496/2538/2496 2559/2601/2559 2560/2602/2560
f 2471/2540/2471 2470/2535/2470 2533/2603/2533 2534/2604/2534
f 2445/2541/2445 2444/2537/2444 2507/2600/2507 2508/2605/2508
f 2498/2542/2498 2497/2539/2497 2560/2602/2560 2561/2606/2561
f 2472/2543/2472 2471/2540/2471 2534/2604/2534 2535/2607/2535
f 2446/2544/2446 2445/2541/2445 2508/2605/2508 2509/2608/2509
f 2499/2545/2499 2498/2542/2498 2561/2606/2561 2562/2609/2562
f 2473/2546/2473 2472/2543/2472 2535/2607/2535 2536/2610/2536
f 2447/2547/2447 2446/2544/2446 2509/2608/2509 2510/2611/2510
f 2752/2612/2752 2499/2545/2499 2562/2609/2562
f 2474/2549/2474 2473/2546/2473 2536/2610/2536 2537/2613/2537
f 2448/2550/2448 2447/2547/2447 2510/2611/2510 2511/2614/2511
f 2475/2551/2475 2474/2549/2474 2537/2613/2537 2538/2615/2538
f 2449/2552/2449 2448/2550/2448 2511/2614/2511 2512/2616/2512
f 2476/2553/2476 2475/2551/2475 2538/2615/2538 2539/2617/2539
f 2450/2554/2450 2449/2552/2449 2512/2616/2512 2513/2618/2513
f 2477/2555/2477 2476/2553/2476 2539/2617/2539 2540/2619/2540
f 2451/2556/2451 2450/2554/2450 2513/2618/2513 2514/2620/2514
f 2478/2557/2478 2477/2555/2477 2540/2619/2540 2541/2621/2541
f 2452/2558/2452 2451/2556/2451 2514/2620/2514 2515/2622/2515
f 2479/2559/2479 2478/2557/2478 2541/2621/2541 2542/2623/2542
f 2453/2560/2453 2452/2558/2452 2515/2622/2515 2516/2624/2516
f 2480/2561/2480 2479/2559/2479 2542/2623/2542 2543/2625/2543
f 2454/2562/2454 2453/2560/2453 2516/2624/2516 2517/2626/2517
f 2481/2563/2481 2480/2561/2480 2543/2625/2543 2544/2627/2544
f 2455/2564/2455 2454/2562/2454 2517/2626/2517 2518/2628/2518
f 2482/2565/2482 2481/2563/2481 2544/2627/2544 2545/2629/2545
f 2456/2566/2456 2455/2564/2455 2518/2628/2518 2519/2630/2519
f 2483/2567/2483 2482/2565/2482 2545/2629/2545 2546/2631/2546
f 2457/2568/2457 2456/2566/2456 2519/2630/2519 2520/2632/2520
f 2484/2569/2484 2483/2567/2483 2546/2631/2546 2547/2633/2547
f 2458/2570/2458 2457/2568/2457 2520/2632/2520 2521/2634/2521
f 2485/2571/2485 2484/2569/2484 2547/2633/2547 2548/2635/2548
f 2459/2572/2459 2458/2570/2458 2521/2634/2521 2522/2636/2522
f 2486/2573/2486 2485/2571/2485 2548/2635/2548 2549/2637/2549
f 2460/2574/2460 2459/2572/2459 2522/2636/2522 2523/2638/2523
f 2487/2575/2487 2486/2573/2486 2549/2637/2549 2550/2639/2550
f 2461/2576/2461 2460/2574/2460 2523/2638/2523 2524/2640/2524
f 2488/2577/2488 2487/2575/2487 2550/2639/2550 2551/2641/2551
f 2462/2578/2462 2461/2576/2461 2524/2640/2524 2525/2642/2525
f 2489/2579/2489 2488/2577/2488 2551/2641/2551 2552/2643/2552
f 2463/2580/2463 2462/2578/2462 2525/2642/2525 2526/2644/2526
f 2437/2582/2437 2058/2645/2058 2500/2646/2500
f 2490/2583/2490 2489/2579/2489 2552/2643/2552 2553/2647/2553
f 2464/2584/2464 2463/2580/2463 2526/2644/2526 2527/2648/2527
f 2438/2585/2438 2437/2582/2437 2500/2646/2500 2501/2649/2501
f 2491/2586/2491 2490/2583/2490 2553/2647/2553 2554/2650/2554
f 2465/2587/2465 2464/2584/2464 2527/2648/2527 2528/2651/2528
f 2439/2588/2439 2438/2585/2438 2501/2649/2501 2502/2652/2502
f 2492/2589/2492 2491/2586/2491 2554/2650/2554 2555/2653/2555
f 2466/2590/2466 2465/2587/2465 2528/2651/2528 2529/2654/2529
f 2440/2591/2440 2439/2588/2439 2502/2652/2502 2503/2655/2503
f 2493/2592/2493 2492/2589/2492 2555/2653/2555 2556/2656/2556
f 2467/2593/2467 2466/2590/2466 2529/2654/2529 2530/2657/2530
f 2441/2594/2441 2440/2591/2440 2503/2655/2503 2504/2658/2504
f 2494/2595/2494 2493/2592/2493 2556/2656/2556 2557/2659/2557
f 2468/2596/2468 2467/2593/2467 2530/2657/2530 2531/2660/2531
f 2442/2597/2442 2441/2594/2441 2504/2658/2504 2505/2661/2505
f 2495/2598/2495 2494/2595/2494 2557/2659/2557 2558/2662/2558
f 2469/2534/2469 2468/2596/2468 2531/2660/2531 2532/2663/2532
f 2443/2536/2443 2442/2597/2442 2505/2661/2505 2506/2599/2506
f 2496/2538/2496 2495/2598/2495 2558/2662/2558 2559/2601/2559
f 2470/2535/2470 2469/2534/2469 2532/2663/2532 2533/2603/2533
f 2509/2608/2509 2508/2605/2508 2571/2664/2571 2572/2665/2572
f 2562/2609/2562 2561/2606/2561 2624/2666/2624 2625/2667/2625
f 2536/2610/2536 2535/2607/2535 2598/2668/2598 2599/2669/2599
f 2510/2611/2510 2509/2608/2509 2572/2665/2572 2573/2670/2573
f 2752/2671/2752 2562/2609/2562 2625/2667/2625
f 2537/2613/2537 2536/2610/2536 2599/2669/2599 2600/2672/2600
f 2511/2614/2511 2510/2611/2510 2573/2670/2573 2574/2673/2574
f 2538/2615/2538 2537/2613/2537 2600/2672/2600 2601/2674/2601
f 2512/2616/2512 2511/2614/2511 2574/2673/2574 2575/2675/2575
f 2539/2617/2539 2538/2615/2538 2601/2674/2601 2602/2676/2602
f 2513/2618/2513 2512/2616/2512 2575/2675/2575 2576/2677/2576
f 2540/2619/2540 2539/2617/2539 2602/2676/2602 2603/2678/2603
f 2514/2620/2514 2513/2618/2513 2576/2677/2576 2577/2679/2577
f 2541/2621/2541 2540/2619/2540 2603/2678/2603 2604/2680/2604
f 2515/2622/2515 2514/2620/2514 2577/2679/2577 2578/2681/2578
f 2542/2623/2542 2541/2621/2541 2604/2680/2604 2605/2682/2605
f 2516/2624/2516 2515/2622/2515 2578/2681/2578 2579/2683/2579
f 2543/2625/2543 2542/2623/2542 2605/2682/2605 2606/2684/2606
f 2517/2626/2517 2516/2624/2516 2579/2683/2579 2580/2685/2580
f 2544/2627/2544 2543/2625/2543 2606/2684/2606 2607/2686/2607
f 2518/2628/2518 2517/2626/2517 2580/2685/2580 2581/2687/2581
f 2545/2629/2545 2544/2627/2544 2607/2686/2607 2608/2688/2608
f 2519/2630/2519 2518/2628/2518 2581/2687/2581 2582/2689/2582
f 2546/2631/2546 2545/2629/2545 2608/2688/2608 2609/2690/2609
f 2520/2632/2520 2519/2630/2519 2582/2689/2582 2583/2691/2583
f 2547/2633/2547 2546/2631/2546 2609/2690/2609 2610/2692/2610
f 2521/2634/2521 2520/2632/2520 2583/2691/2583 2584/2693/2584
f 2548/2635/2548 2547/2633/2547 2610/2692/2610 2611/2694/2611
f 2522/2636/2522 2521/2634/2521 2584/2693/2584 2585/2695/2585
f 2549/2637/2549 2548/2635/2548 2611/2694/2611 2612/2696/2612
f 2523/2638/2523 2522/2636/2522 2585/2695/2585 2586/2697/2586
f 2550/2639/2550 2549/2637/2549 2612/2696/2612 2613/2698/2613
f 2524/2640/2524 2523/2638/2523 2586/2697/2586 2587/2699/2587
f 2551/2641/2551 2550/2639/2550 2613/2698/2613 2614/2700/2614
f 2525/2642/2525 2524/2640/2524 2587/2699/2587 2588/2701/2588
f 2552/2643/2552 2551/2641/2551 2614/2700/2614 2615/2702/2615
f 2526/2644/2526 2525/2642/2525 2588/2701/2588 2589/2703/2589
f 2500/2646/2500 2058/2704/2058 2563/2705/2563
f 2553/2647/2553 2552/2643/2552 2615/2702/2615 2616/2706/2616
f 2527/2648/2527 2526/2644/2526 2589/2703/2589 2590/2707/2590
f 2501/2649/2501 2500/2646/2500 2563/2705/2563 2564/2708/2564
f 2554/2650/2554 2553/2647/2553 2616/2706/2616 2617/2709/2617
f 2528/2651/2528 2527/2648/2527 2590/2707/2590 2591/2710/2591
f 2502/2652/2502 2501/2649/2501 2564/2708/2564 2565/2711/2565
f 2555/2653/2555 2554/2650/2554 2617/2709/2617 2618/2712/2618
f 2529/2654/2529 2528/2651/2528 2591/2710/2591 2592/2713/2592
f 2503/2655/2503 2502/2652/2502 2565/2711/2565 2566/2714/2566
f 2556/2656/2556 2555/2653/2555 2618/2712/2618 2619/2715/2619
f 2530/2657/2530 2529/2654/2529 2592/2713/2592 2593/2716/2593
f 2504/2658/2504 2503/2655/2503 2566/2714/2566 2567/2717/2567
f 2557/2659/2557 2556/2656/2556 2619/2715/2619 2620/2718/2620
f 2531/2660/2531 2530/2657/2530 2593/2716/2593 2594/2719/2594
f 2505/2661/2505 2504/2658/2504 2567/2717/2567 2568/2720/2568
f 2558/2662/2558 2557/2659/2557 2620/2718/2620 2621/2721/2621
f 2532/2663/2532 2531/2660/2531 2594/2719/2594 2595/2722/2595
f 2506/2599/2506 2505/2661/2505 2568/2720/2568 2569/2723/2569
f 2559/2601/2559 2558/2662/2558 2621/2721/2621 2622/2724/2622
f 2533/2603/2533 2532/2663/2532 2595/2722/2595 2596/2725/2596
f 2507/2600/2507 2506/2599/2506 2569/2723/2569 2570/2726/2570
f 2560/2602/2560 2559/2601/2559 2622/2724/2622 2623/2727/2623
f 2534/2604/2534 2533/2603/2533 2596/2725/2596 2597/2728/2597
f 2508/2605/2508 2507/2600/2507 2570/2726/2570 2571/2664/2571
f 2561/2606/2561 2560/2602/2560 2623/2727/2623 2624/2666/2624
f 2535/2607/2535 2534/2604/2534 2597/2728/2597 2598/2668/2598
f 2574/2673/2574 2573/2670/2573 2636/2729/2636 2637/2730/2637
f 2601/2674/2601 2600/2672/2600 2663/2731/2663 2664/2732/2664
f 2575/2675/2575 2574/2673/2574 2637/2730/2637 2638/2733/2638
f 2602/2676/2602 2601/2674/2601 2664/2732/2664 2665/2734/2665
f 2576/2677/2576 2575/2675/2575 2638/2733/2638 2639/2735/2639
f 2603/2678/2603 2602/2676/2602 2665/2734/2665 2666/2736/2666
f 2577/2679/2577 2576/2677/2576 2639/2735/2639 2640/2737/2640
f 2604/2680/2604 2603/2678/2603 2666/2736/2666 2667/2738/2667
f 2578/2681/2578 2577/2679/2577 2640/2737/2640 2641/2739/2641
f 2605/2682/2605 2604/2680/2604 2667/2738/2667 2668/2740/2668
f 2579/2683/2579 2578/2681/2578 2641/2739/2641 2642/2741/2642
f 2606/2684/2606 2605/2682/2605 2668/2740/2668 2669/2742/2669
f 2580/2685/2580 2579/2683/2579 2642/2741/2642 2643/2743/2643
f 2607/2686/2607 2606/2684/2606 2669/2742/2669 2670/2744/2670
f 2581/2687/2581 2580/2685/2580 2643/2743/2643 2644/2745/2644
f 2608/2688/2608 2607/2686/2607 2670/2744/2670 2671/2746/2671
f 2582/2689/2582 2581/2687/2581 2644/2745/2644 2645/2747/2645
f 2609/2690/2609 2608/2688/2608 2671/2746/2671 2672/2748/2672
f 2583/2691/2583 2582/2689/2582 2645/2747/2645 2646/2749/2646
f 2610/2692/2610 2609/2690/2609 2672/2748/2672 2673/2750/2673
f 2584/2693/2584 2583/2691/2583 2646/2749/2646 2647/2751/2647
f 2611/2694/2611 2610/2692/2610 2673/2750/2673 2674/2752/2674
f 2585/2695/2585 2584/2693/2584 2647/2751/2647 2648/2753/2648
f 2612/2696/2612 2611/2694/2611 2674/2752/2674 2675/2754/2675
f 2586/2697/2586 2585/2695/2585 2648/2753/2648 2649/2755/2649
f 2613/2698/2613 2612/2696/2612 2675/2754/2675 2676/2756/2676
f 2587/2699/2587 2586/2697/2586 2649/2755/2649 2650/2757/2650
f 2614/2700/2614 2613/2698/2613 2676/2756/2676 2677/2758/2677
f 2588/2701/2588 2587/2699/2587 2650/2757/2650 2651/2759/2651
f 2615/2702/2615 2614/2700/2614 2677/2758/2677 2678/2760/2678
f 2589/2703/2589 2588/2701/2588 2651/2759/2651 2652/2761/2652
f 2563/2705/2563 2058/2762/2058 2626/2763/2626
f 2616/2706/2616 2615/2702/2615 2678/2760/2678 2679/2764/2679
f 2590/2707/2590 2589/2703/2589 2652/2761/2652 2653/2765/2653
f 2564/2708/2564 2563/2705/2563 2626/2763/2626 2627/2766/2627
f 2617/2709/2617 2616/2706/2616 2679/2764/2679 2680/2767/2680
f 2591/2710/2591 2590/2707/2590 2653/2765/2653 2654/2768/2654
f 2565/2711/2565 2564/2708/2564 2627/2766/2627 2628/2769/2628
f 2618/2712/2618 2617/2709/2617 2680/2767/2680 2681/2770/2681
f 2592/2713/2592 2591/2710/2591 2654/2768/2654 2655/2771/2655
f 2566/2714/2566 2565/2711/2565 2628/2769/2628 2629/2772/2629
f 2619/2715/2619 2618/2712/2618 2681/2770/2681 2682/2773/2682
f 2593/2716/2593 2592/2713/2592 2655/2771/2655 2656/2774/2656
f 2567/2717/2567 2566/2714/2566 2629/2772/2629 2630/2775/2630
f 2620/2718/2620 2619/2715/2619 2682/2773/2682 2683/2776/2683
f 2594/2719/2594 2593/2716/2593 2656/2774/2656 2657/2777/2657
f 2568/2720/2568 2567/2717/2567 2630/2775/2630 2631/2778/2631
f 2621/2721/2621 2620/2718/2620 2683/2776/2683 2684/2779/2684
f 2595/2722/2595 2594/2719/2594 2657/2777/2657 2658/2780/2658
f 2569/2723/2569 2568/2720/2568 2631/2778/2631 2632/2781/2632
f 2622/2724/2622 2621/2721/2621 2684/2779/2684 2685/2782/2685
f 2596/2725/2596 2595/2722/2595 2658/2780/2658 2659/2783/2659
f 2570/2726/2570 2569/2723/2569 2632/2781/2632 2633/2784/2633
f 2623/2727/2623 2622/2724/2622 2685/2782/2685 2686/2785/2686
f 2597/2728/2597 2596/2725/2596 2659/2783/2659 2660/2786/2660
f 2571/2664/2571 2570/2726/2570 2633/2784/2633 2634/2787/2634
f 2624/2666/2624 2623/2727/2623 2686/2785/2686 2687/2788/2687
f 2598/2668/2598 2597/2728/2597 2660/2786/2660 2661/2789/2661
f 2572/2665/2572 2571/2664/2571 2634/2787/2634 2635/2790/2635
f 2625/2667/2625 2624/2666/2624 2687/2788/2687 2688/2791/2688
f 2599/2669/2599 2598/2668/2598 2661/2789/2661 2662/2792/2662
f 2573/2670/2573 2572/2665/2572 2635/2790/2635 2636/2729/2636
f 2752/2793/2752 2625/2667/2625 2688/2791/2688
f 2600/2672/2600 2599/2669/2599 2662/2792/2662 2663/2731/2663
f 2639/2735/2639 2638/2733/2638 2701/2794/2701 2702/2795/2702
f 2666/2736/2666 2665/2734/2665 2728/2796/2728 2729/2797/2729
f 2640/2737/2640 2639/2735/2639 2702/2795/2702 2703/2798/2703
f 2667/2738/2667 2666/2736/2666 2729/2797/2729 2730/2799/2730
f 2641/2739/2641 2640/2737/2640 2703/2798/2703 2704/2800/2704
f 2668/2740/2668 2667/2738/2667 2730/2799/2730 2731/2801/2731
f 2642/2741/2642 2641/2739/2641 2704/2800/2704 2705/2802/2705
f 2669/2742/2669 2668/2740/2668 2731/2801/2731 2732/2803/2732
f 2643/2743/2643 2642/2741/2642 2705/2802/2705 2706/2804/2706
f 2670/2744/2670 2669/2742/2669 2732/2803/2732 2733/2805/2733
f 2644/2745/2644 2643/2743/2643 2706/2804/2706 2707/2806/2707
f 2671/2746/2671 2670/2744/2670 2733/2805/2733 2734/2807/2734
f 2645/2747/2645 2644/2745/2644 2707/2806/2707 2708/2808/2708
f 2672/2748/2672 2671/2746/2671 2734/2807/2734 2735/2809/2735
f 2646/2749/2646 2645/2747/2645 2708/2808/2708 2709/2810/2709
f 2673/2750/2673 2672/2748/2672 2735/2809/2735 2736/2811/2736
f 2647/2751/2647 2646/2749/2646 2709/2810/2709 2710/2812/2710
f 2674/2752/2674 2673/2750/2673 2736/2811/2736 2737/2813/2737
f 2648/2753/2648 2647/2751/2647 2710/2812/2710 2711/2814/2711
f 2675/2754/2675 2674/2752/2674 2737/2813/2737 2738/2815/2738
f 2649/2755/2649 2648/2753/2648 2711/2814/2711 2712/2816/2712
f 2676/2756/2676 2675/2754/2675 2738/2815/2738 2739/2817/2739
f 2650/2757/2650 2649/2755/2649 2712/2816/2712 2713/2818/2713
f 2677/2758/2677 2676/2756/2676 2739/2817/2739 2740/2819/2740
f 2651/2759/2651 2650/2757/2650 2713/2818/2713 2714/2820/2714
f 2678/2760/2678 2677/2758/2677 2740/2819/2740 2741/2821/2741
f 2652/2761/2652 2651/2759/2651 2714/2820/2714 2715/2822/2715
f 2626/2763/2626 2058/2823/2058 2689/2824/2689
f 2679/2764/2679 2678/2760/2678 2741/2821/2741 2742/2825/2742
f 2653/2765/2653 2652/2761/2652 2715/2822/2715 2716/2826/2716
f 2627/2766/2627 2626/2763/2626 2689/2824/2689 2690/2827/2690
f 2680/2767/2680 2679/2764/2679 2742/2825/2742 2743/2828/2743
f 2654/2768/2654 2653/2765/2653 2716/2826/2716 2717/2829/2717
f 2628/2769/2628 2627/2766/2627 2690/2827/2690 2691/2830/2691
f 2681/2770/2681 2680/2767/2680 2743/2828/2743 2744/2831/2744
f 2655/2771/2655 2654/2768/2654 2717/2829/2717 2718/2832/2718
f 2629/2772/2629 2628/2769/2628 2691/2830/2691 2692/2833/2692
f 2682/2773/2682 2681/2770/2681 2744/2831/2744 2745/2834/2745
f 2656/2774/2656 2655/2771/2655 2718/2832/2718 2719/2835/2719
f 2630/2775/2630 2629/2772/2629 2692/2833/2692 2693/2836/2693
f 2683/2776/2683 2682/2773/2682 2745/2834/2745 2746/2837/2746
f 2657/2777/2657 2656/2774/2656 2719/2835/2719 2720/2838/2720
f 2631/2778/2631 2630/2775/2630 2693/2836/2693 2694/2839/2694
f 2684/2779/2684 2683/2776/2683 2746/2837/2746 2747/2840/2747
f 2658/2780/2658 2657/2777/2657 2720/2838/2720 2721/2841/2721
f 2632/2781/2632 2631/2778/2631 2694/2839/2694 2695/2842/2695
f 2685/2782/2685 2684/2779/2684 2747/2840/2747 2748/2843/2748
f 2659/2783/2659 2658/2780/2658 2721/2841/2721 2722/2844/2722
f 2633/2784/2633 2632/2781/2632 2695/2842/2695 2696/2845/2696
f 2686/2785/2686 2685/2782/2685 2748/2843/2748 2749/2846/2749
f 2660/2786/2660 2659/2783/2659 2722/2844/2722 2723/2847/2723
f 2634/2787/2634 2633/2784/2633 2696/2845/2696 2697/2848/2697
f 2687/2788/2687 2686/2785/2686 2749/2846/2749 2750/2849/2750
f 2661/2789/2661 2660/2786/2660 2723/2847/2723 2724/2850/2724
f 2635/2790/2635 2634/2787/2634 2697/2848/2697 2698/2851/2698
f 2688/2791/2688 2687/2788/2687 2750/2849/2750 2751/2852/2751
f 2662/2792/2662 2661/2789/2661 2724/2850/2724 2725/2853/2725
f 2636/2729/2636 2635/2790/2635 2698/2851/2698 2699/2854/2699
f 2752/2855/2752 2688/2791/2688 2751/2852/2751
f 2663/2731/2663 2662/2792/2662 2725/2853/2725 2726/2856/2726
f 2637/2730/2637 2636/2729/2636 2699/2854/2699 2700/2857/2700
f 2664/2732/2664 2663/2731/2663 2726/2856/2726 2727/2858/2727
f 2638/2733/2638 2637/2730/2637 2700/2857/2700 2701/2794/2701
f 2665/2734/2665 2664/2732/2664 2727/2858/2727 2728/2796/2728
f 2704/2800/2704 2703/2798/2703 2767/2859/2767 2768/2860/2768
f 2731/2801/2731 2730/2799/2730 2794/2861/2794 2795/2862/2795
f 2705/2802/2705 2704/2800/2704 2768/2860/2768 2769/2863/2769
f 2732/2803/2732 2731/2801/2731 2795/2862/2795 2796/2864/2796
f 2706/2804/2706 2705/2802/2705 2769/2863/2769 2770/2865/2770
f 2733/2805/2733 2732/2803/2732 2796/2864/2796 2797/2866/2797
f 2707/2806/2707 2706/2804/2706 2770/2865/2770 2771/2867/2771
f 2734/2807/2734 2733/2805/2733 2797/2866/2797 2798/2868/2798
f 2708/2808/2708 2707/2806/2707 2771/2867/2771 2772/2869/2772
f 2735/2809/2735 2734/2807/2734 2798/2868/2798 2799/2870/2799
f 2709/2810/2709 2708/2808/2708 2772/2869/2772 2773/2871/2773
f 2736/2811/2736 2735/2809/2735 2799/2870/2799 2800/2872/2800
f 2710/2812/2710 2709/2810/2709 2773/2871/2773 2774/2873/2774
f 2737/2813/2737 2736/2811/2736 2800/2872/2800 2801/2874/2801
f 2711/2814/2711 2710/2812/2710 2774/2873/2774 2775/2875/2775
f 2738/2815/2738 2737/2813/2737 2801/2874/2801 2802/2876/2802
f 2712/2816/2712 2711/2814/2711 2775/2875/2775 2776/2877/2776
f 2739/2817/2739 2738/2815/2738 2802/2876/2802 2803/2878/2803
f 2713/2818/2713 2712/2816/2712 2776/2877/2776 2777/2879/2777
f 2740/2819/2740 2739/2817/2739 2803/2878/2803 2804/2880/2804
f 2714/2820/2714 2713/2818/2713 2777/2879/2777 2778/2881/2778
f 2741/2821/2741 2740/2819/2740 2804/2880/2804 2805/2882/2805
f 2715/2822/2715 2714/2820/2714 2778/2881/2778 2779/2883/2779
f 2689/2824/2689 2058/2884/2058 2753/2885/2753
f 2742/2825/2742 2741/2821/2741 2805/2882/2805 2806/2886/2806
f 2716/2826/2716 2715/2822/2715 2779/2883/2779 2780/2887/2780
f 2690/2827/2690 2689/2824/2689 2753/2885/2753 2754/2888/2754
f 2743/2828/2743 2742/2825/2742 2806/2886/2806 2807/2889/2807
f 2717/2829/2717 2716/2826/2716 2780/2887/2780 2781/2890/2781
f 2691/2830/2691 2690/2827/2690 2754/2888/2754 2755/2891/2755
f 2744/2831/2744 2743/2828/2743 2807/2889/2807 2808/2892/2808
f 2718/2832/2718 2717/2829/2717 2781/2890/2781 2782/2893/2782
f 2692/2833/2692 2691/2830/2691 2755/2891/2755 2756/2894/2756
f 2745/2834/2745 2744/2831/2744 2808/2892/2808 2809/2895/2809
f 2719/2835/2719 2718/2832/2718 2782/2893/2782 2783/2896/2783
f 2693/2836/2693 2692/2833/2692 2756/2894/2756 2757/2897/2757
f 2746/2837/2746 2745/2834/2745 2809/2895/2809 2810/2898/2810
f 2720/2838/2720 2719/2835/2719 2783/2896/2783 2784/2899/2784
f 2694/2839/2694 2693/2836/2693 2757/2897/2757 2758/2900/2758
f 2747/2840/2747 2746/2837/2746 2810/2898/2810 2811/2901/2811
f 2721/2841/2721 2720/2838/2720 2784/2899/2784 2785/2902/2785
f 2695/2842/2695 2694/2839/2694 2758/2900/2758 2759/2903/2759
f 2748/2843/2748 2747/2840/2747 2811/2901/2811 2812/2904/2812
f 2722/2844/2722 2721/2841/2721 2785/2902/2785 2786/2905/2786
f 2696/2845/2696 2695/2842/2695 2759/2903/2759 2760/2906/2760
f 2749/2846/2749 2748/2843/2748 2812/2904/2812 2813/2907/2813
f 2723/2847/2723 2722/2844/2722 2786/2905/2786 2787/2908/2787
f 2697/2848/2697 2696/2845/2696 2760/2906/2760 2761/2909/2761
f 2750/2849/2750 2749/2846/2749 2813/2907/2813 2814/2910/2814
f 2724/2850/2724 2723/2847/2723 2787/2908/2787 2788/2911/2788
f 2698/2851/2698 2697/2848/2697 2761/2909/2761 2762/2912/2762
f 2751/2852/2751 2750/2849/2750 2814/2910/2814 2815/2913/2815
f 2725/2853/2725 2724/2850/2724 2788/2911/2788 2789/2914/2789
f 2699/2854/2699 2698/2851/2698 2762/2912/2762 2763/2915/2763
f 2752/2916/2752 2751/2852/2751 2815/2913/2815
f 2726/2856/2726 2725/2853/2725 2789/2914/2789 2790/2917/2790
f 2700/2857/2700 2699/2854/2699 2763/2915/2763 2764/2918/2764
f 2727/2858/2727 2726/2856/2726 2790/2917/2790 2791/2919/2791
f 2701/2794/2701 2700/2857/2700 2764/2918/2764 2765/2920/2765
f 2728/2796/2728 2727/2858/2727 2791/2919/2791 2792/2921/2792
f 2702/2795/2702 2701/2794/2701 2765/2920/2765 2766/2922/2766
f 2729/2797/2729 2728/2796/2728 2792/2921/2792 2793/2923/2793
f 2703/2798/2703 2702/2795/2702 2766/2922/2766 2767/2859/2767
f 2730/2799/2730 2729/2797/2729 2793/2923/2793 2794/2861/2794
f 2770/2865/2770 2769/2863/2769 2832/2924/2832 2833/2925/2833
f 2797/2866/2797 2796/2864/2796 2859/2926/2859 2860/2927/2860
f 2771/2867/2771 2770/2865/2770 2833/2925/2833 2834/2928/2834
f 2798/2868/2798 2797/2866/2797 2860/2927/2860 2861/2929/2861
f 2772/2869/2772 2771/2867/2771 2834/2928/2834 2835/2930/2835
f 2799/2870/2799 2798/2868/2798 2861/2929/2861 2862/2931/2862
f 2773/2871/2773 2772/2869/2772 2835/2930/2835 2836/2932/2836
f 2800/2872/2800 2799/2870/2799 2862/2931/2862 2863/2933/2863
f 2774/2873/2774 2773/2871/2773 2836/2932/2836 2837/2934/2837
f 2801/2874/2801 2800/2872/2800 2863/2933/2863 2864/2935/2864
f 2775/2875/2775 2774/2873/2774 2837/2934/2837 2838/2936/2838
f 2802/2876/2802 2801/2874/2801 2864/2935/2864 2865/2937/2865
f 2776/2877/2776 2775/2875/2775 2838/2936/2838 2839/2938/2839
f 2803/2878/2803 2802/2876/2802 2865/2937/2865 2866/2939/2866
f 2777/2879/2777 2776/2877/2776 2839/2938/2839 2840/2940/2840
f 2804/2880/2804 2803/2878/2803 2866/2939/2866 2867/2941/2867
f 2778/2881/2778 2777/2879/2777 2840/2940/2840 2841/2942/2841
f 2805/2882/2805 2804/2880/2804 2867/2941/2867 2868/2943/2868
f 2779/2883/2779 2778/2881/2778 2841/2942/2841 2842/2944/2842
f 2753/2885/2753 2058/2945/2058 2816/2946/2816
f 2806/2886/2806 2805/2882/2805 2868/2943/2868 2869/2947/2869
f 2780/2887/2780 2779/2883/2779 2842/2944/2842 2843/2948/2843
f 2754/2888/2754 2753/2885/2753 2816/2946/2816 2817/2949/2817
f 2807/2889/2807 2806/2886/2806 2869/2947/2869 2870/2950/2870
f 2781/2890/2781 2780/2887/2780 2843/2948/2843 2844/2951/2844
f 2755/2891/2755 2754/2888/2754 2817/2949/2817 2818/2952/2818
f 2808/2892/2808 2807/2889/2807 2870/2950/2870 2871/2953/2871
f 2782/2893/2782 2781/2890/2781 2844/2951/2844 2845/2954/2845
f 2756/2894/2756 2755/2891/2755 2818/2952/2818 2819/2955/2819
f 2809/2895/2809 2808/2892/2808 2871/2953/2871 2872/2956/2872
f 2783/2896/2783 2782/2893/2782 2845/2954/2845 2846/2957/2846
f 2757/2897/2757 2756/2894/2756 2819/2955/2819 2820/2958/2820
f 2810/2898/2810 2809/2895/2809 2872/2956/2872 2873/2959/2873
f 2784/2899/2784 2783/2896/2783 2846/2957/2846 2847/2960/2847
f 2758/2900/2758 2757/2897/2757 2820/2958/2820 2821/2961/2821
f 2811/2901/2811 2810/2898/2810 2873/2959/2873 2874/2962/2874
f 2785/2902/2785 2784/2899/2784 2847/2960/2847 2848/2963/2848
f 2759/2903/2759 2758/2900/2758 2821/2961/2821 2822/2964/2822
f 2812/2904/2812 2811/2901/2811 2874/2962/2874 2875/2965/2875
f 2786/2905/2786 2785/2902/2785 2848/2963/2848 2849/2966/2849
f 2760/2906/2760 2759/2903/2759 2822/2964/2822 2823/2967/2823
f 2813/2907/2813 2812/2904/2812 2875/2965/2875 2876/2968/2876
f 2787/2908/2787 2786/2905/2786 2849/2966/2849 2850/2969/2850
f 2761/2909/2761 2760/2906/2760 2823/2967/2823 2824/2970/2824
f 2814/2910/2814 2813/2907/2813 2876/2968/2876 2877/2971/2877
f 2788/2911/2788 2787/2908/2787 2850/2969/2850 2851/2972/2851
f 2762/2912/2762 2761/2909/2761 2824/2970/2824 2825/2973/2825
f 2815/2913/2815 2814/2910/2814 2877/2971/2877 2878/2974/2878
f 2789/2914/2789 2788/2911/2788 2851/2972/2851 2852/2975/2852
f 2763/2915/2763 2762/2912/2762 2825/2973/2825 2826/2976/2826
f 2752/2977/2752 2815/2913/2815 2878/2974/2878
f 2790/2917/2790 2789/2914/2789 2852/2975/2852 2853/2978/2853
f 2764/2918/2764 2763/2915/2763 2826/2976/2826 2827/2979/2827
f 2791/2919/2791 2790/2917/2790 2853/2978/2853 2854/2980/2854
f 2765/2920/2765 2764/2918/2764 2827/2979/2827 2828/2981/2828
f 2792/2921/2792 2791/2919/2791 2854/2980/2854 2855/2982/2855
f 2766/2922/2766 2765/2920/2765 2828/2981/2828 2829/2983/2829
f 2793/2923/2793 2792/2921/2792 2855/2982/2855 2856/2984/2856
f 2767/2859/2767 2766/2922/2766 2829/2983/2829 2830/2985/2830
f 2794/2861/2794 2793/2923/2793 2856/2984/2856 2857/2986/2857
f 2768/2860/2768 2767/2859/2767 2830/2985/2830 2831/2987/2831
f 2795/2862/2795 2794/2861/2794 2857/2986/2857 2858/2988/2858
f 2769/2863/2769 2768/2860/2768 2831/2987/2831 2832/2924/2832
f 2796/2864/2796 2795/2862/2795 2858/2988/2858 2859/2926/2859
f 2835/2930/2835 2834/2928/2834 2897/2989/2897 2898/2990/2898
f 2862/2931/2862 2861/2929/2861 2924/2991/2924 2925/2992/2925
f 2836/2932/2836 2835/2930/2835 2898/2990/2898 2899/2993/2899
f 2863/2933/2863 2862/2931/2862 2925/2992/2925 2926/2994/2926
f 2837/2934/2837 2836/2932/2836 2899/2993/2899 2900/2995/2900
f 2864/2935/2864 2863/2933/2863 2926/2994/2926 2927/2996/2927
f 2838/2936/2838 2837/2934/2837 2900/2995/2900 2901/2997/2901
f 2865/2937/2865 2864/2935/2864 2927/2996/2927 2928/2998/2928
f 2839/2938/2839 2838/2936/2838 2901/2997/2901 2902/2999/2902
f 2866/2939/2866 2865/2937/2865 2928/2998/2928 2929/3000/2929
f 2840/2940/2840 2839/2938/2839 2902/2999/2902 2903/3001/2903
f 2867/2941/2867 2866/2939/2866 2929/3000/2929 2930/3002/2930
f 2841/2942/2841 2840/2940/2840 2903/3001/2903 2904/3003/2904
f 2868/2943/2868 2867/2941/2867 2930/3002/2930 2931/3004/2931
f 2842/2944/2842 2841/2942/2841 2904/3003/2904 2905/3005/2905
f 2816/2946/2816 2058/3006/2058 2879/3007/2879
f 2869/2947/2869 2868/2943/2868 2931/3004/2931 2932/3008/2932
f 2843/2948/2843 2842/2944/2842 2905/3005/2905 2906/3009/2906
f 2817/2949/2817 2816/2946/2816 2879/3007/2879 2880/3010/2880
f 2870/2950/2870 2869/2947/2869 2932/3008/2932 2933/3011/2933
f 2844/2951/2844 2843/2948/2843 2906/3009/2906 2907/3012/2907
f 2818/2952/2818 2817/2949/2817 2880/3010/2880 2881/3013/2881
f 2871/2953/2871 2870/2950/2870 2933/3011/2933 2934/3014/2934
f 2845/2954/2845 2844/2951/2844 2907/3012/2907 2908/3015/2908
f 2819/2955/2819 2818/2952/2818 2881/3013/2881 2882/3016/2882
f 2872/2956/2872 2871/2953/2871 2934/3014/2934 2935/3017/2935
f 2846/2957/2846 2845/2954/2845 2908/3015/2908 2909/3018/2909
f 2820/2958/2820 2819/2955/2819 2882/3016/2882 2883/3019/2883
f 2873/2959/2873 2872/2956/2872 2935/3017/2935 2936/3020/2936
f 2847/2960/2847 2846/2957/2846 2909/3018/2909 2910/3021/2910
f 2821/2961/2821 2820/2958/2820 2883/3019/2883 2884/3022/2884
f 2874/2962/2874 2873/2959/2873 2936/3020/2936 2937/3023/2937
f 2848/2963/2848 2847/2960/2847 2910/3021/2910 2911/3024/2911
f 2822/2964/2822 2821/2961/2821 2884/3022/2884 2885/3025/2885
f 2875/2965/2875 2874/2962/2874 2937/3023/2937 2938/3026/2938
f 2849/2966/2849 2848/2963/2848 2911/3024/2911 2912/3027/2912
f 2823/2967/2823 2822/2964/2822 2885/3025/2885 2886/3028/2886
f 2876/2968/2876 2875/2965/2875 2938/3026/2938 2939/3029/2939
f 2850/2969/2850 2849/2966/2849 2912/3027/2912 2913/3030/2913
f 2824/2970/2824 2823/2967/2823 2886/3028/2886 2887/3031/2887
f 2877/2971/2877 2876/2968/2876 2939/3029/2939 2940/3032/2940
f 2851/2972/2851 2850/2969/2850 2913/3030/2913 2914/3033/2914
f 2825/2973/2825 2824/2970/2824 2887/3031/2887 2888/3034/2888
f 2878/2974/2878 2877/2971/2877 2940/3032/2940 2941/3035/2941
f 2852/2975/2852 2851/2972/2851 2914/3033/2914 2915/3036/2915
f 2826/2976/2826 2825/2973/2825 2888/3034/2888 2889/3037/2889
f 2752/3038/2752 2878/2974/2878 2941/3035/2941
f 2853/2978/2853 2852/2975/2852 2915/3036/2915 2916/3039/2916
f 2827/2979/2827 2826/2976/2826 2889/3037/2889 2890/3040/2890
f 2854/2980/2854 2853/2978/2853 2916/3039/2916 2917/3041/2917
f 2828/2981/2828 2827/2979/2827 2890/3040/2890 2891/3042/2891
f 2855/2982/2855 2854/2980/2854 2917/3041/2917 2918/3043/2918
f 2829/2983/2829 2828/2981/2828 2891/3042/2891 2892/3044/2892
f 2856/2984/2856 2855/2982/2855 2918/3043/2918 2919/3045/2919
f 2830/2985/2830 2829/2983/2829 2892/3044/2892 2893/3046/2893
f 2857/2986/2857 2856/2984/2856 2919/3045/2919 2920/3047/2920
f 2831/2987/2831 2830/2985/2830 2893/3046/2893 2894/3048/2894
f 2858/2988/2858 2857/2986/2857 2920/3047/2920 2921/3049/2921
f 2832/2924/2832 2831/2987/2831 2894/3048/2894 2895/3050/2895
f 2859/2926/2859 2858/2988/2858 2921/3049/2921 2922/3051/2922
f 2833/2925/2833 2832/2924/2832 2895/3050/2895 2896/3052/2896
f 2860/2927/2860 2859/2926/2859 2922/3051/2922 2923/3053/2923
f 2834/2928/2834 2833/2925/2833 2896/3052/2896 2897/2989/2897
f 2861/2929/2861 2860/2927/2860 2923/3053/2923 2924/2991/2924
f 2900/2995/2900 2899/2993/2899 2962/3054/2962 2963/3055/2963
f 2927/2996/2927 2926/2994/2926 2989/3056/2989 2990/3057/2990
f 2901/2997/2901 2900/2995/2900 2963/3055/2963 2964/3058/2964
f 2928/2998/2928 2927/2996/2927 2990/3057/2990 2991/3059/2991
f 2902/2999/2902 2901/2997/2901 2964/3058/2964 2965/3060/2965
f 2929/3000/2929 2928/2998/2928 2991/3059/2991 2992/3061/2992
f 2903/3001/2903 2902/2999/2902 2965/3060/2965 2966/3062/2966
f 2930/3002/2930 2929/3000/2929 2992/3061/2992 2993/3063/2993
f 2904/3003/2904 2903/3001/2903 2966/3062/2966 2967/3064/2967
f 2931/3004/2931 2930/3002/2930 2993/3063/2993 2994/3065/2994
f 2905/3005/2905 2904/3003/2904 2967/3064/2967 2968/3066/2968
f 2879/3007/2879 2058/3067/2058 2942/3068/2942
f 2932/3008/2932 2931/3004/2931 2994/3065/2994 2995/3069/2995
f 2906/3009/2906 2905/3005/2905 2968/3066/2968 2969/3070/2969
f 2880/3010/2880 2879/3007/2879 2942/3068/2942 2943/3071/2943
f 2933/3011/2933 2932/3008/2932 2995/3069/2995 2996/3072/2996
f 2907/3012/2907 2906/3009/2906 2969/3070/2969 2970/3073/2970
f 2881/3013/2881 2880/3010/2880 2943/3071/2943 2944/3074/2944
f 2934/3014/2934 2933/3011/2933 2996/3072/2996 2997/3075/2997
f 2908/3015/2908 2907/3012/2907 2970/3073/2970 2971/3076/2971
f 2882/3016/2882 2881/3013/2881 2944/3074/2944 2945/3077/2945
f 2935/3017/2935 2934/3014/2934 2997/3075/2997 2998/3078/2998
f 2909/3018/2909 2908/3015/2908 2971/3076/2971 2972/3079/2972
f 2883/3019/2883 2882/3016/2882 2945/3077/2945 2946/3080/2946
f 2936/3020/2936 2935/3017/2935 2998/3078/2998 2999/3081/2999
f 2910/3021/2910 2909/3018/2909 2972/3079/2972 2973/3082/2973
f 2884/3022/2884 2883/3019/2883 2946/3080/2946 2947/3083/2947
f 2937/3023/2937 2936/3020/2936 2999/3081/2999 3000/3084/3000
f 2911/3024/2911 2910/3021/2910 2973/3082/2973 2974/3085/2974
f 2885/3025/2885 2884/3022/2884 2947/3083/2947 2948/3086/2948
f 2938/3026/2938 2937/3023/2937 3000/3084/3000 3001/3087/3001
f 2912/3027/2912 2911/3024/2911 2974/3085/2974 2975/3088/2975
f 2886/3028/2886 2885/3025/2885 2948/3086/2948 2949/3089/2949
f 2939/3029/2939 2938/3026/2938 3001/3087/3001 3002/3090/3002
f 2913/3030/2913 2912/3027/2912 2975/3088/2975 2976/3091/2976
f 2887/3031/2887 2886/3028/2886 2949/3089/2949 2950/3092/2950
f 2940/3032/2940 2939/3029/2939 3002/3090/3002 3003/3093/3003
f 2914/3033/2914 2913/3030/2913 2976/3091/2976 2977/3094/2977
f 2888/3034/2888 2887/3031/2887 2950/3092/2950 2951/3095/2951
f 2941/3035/2941 2940/3032/2940 3003/3093/3003 3004/3096/3004
f 2915/3036/2915 2914/3033/2914 2977/3094/2977 2978/3097/2978
f 2889/3037/2889 2888/3034/2888 2951/3095/2951 2952/3098/2952
f 2752/3099/2752 2941/3035/2941 3004/3096/3004
f 2916/3039/2916 2915/3036/2915 2978/3097/2978 2979/3100/2979
f 2890/3040/2890 2889/3037/2889 2952/3098/2952 2953/3101/2953
f 2917/3041/2917 2916/3039/2916 2979/3100/2979 2980/3102/2980
f 2891/3042/2891 2890/3040/2890 2953/3101/2953 2954/3103/2954
f 2918/3043/2918 2917/3041/2917 2980/3102/2980 2981/3104/2981
f 2892/3044/2892 2891/3042/2891 2954/3103/2954 2955/3105/2955
f 2919/3045/2919 2918/3043/2918 2981/3104/2981 2982/3106/2982
f 2893/3046/2893 2892/3044/2892 2955/3105/2955 2956/3107/2956
f 2920/3047/2920 2919/3045/2919 2982/3106/2982 2983/3108/2983
f 2894/3048/2894 2893/3046/2893 2956/3107/2956 2957/3109/2957
f 2921/3049/2921 2920/3047/2920 2983/3108/2983 2984/3110/2984
f 2895/3050/2895 2894/3048/2894 2957/3109/2957 2958/3111/2958
f 2922/3051/2922 2921/3049/2921 2984/3110/2984 2985/3112/2985
f 2896/3052/2896 2895/3050/2895 2958/3111/2958 2959/3113/2959
f 2923/3053/2923 2922/3051/2922 2985/3112/2985 2986/3114/2986
f 2897/2989/2897 2896/3052/2896 2959/3113/2959 2960/3115/2960
f 2924/2991/2924 2923/3053/2923 2986/3114/2986 2987/3116/2987
f 2898/2990/2898 2897/2989/2897 2960/3115/2960 2961/3117/2961
f 2925/2992/2925 2924/2991/2924 2987/3116/2987 2988/3118/2988
f 2899/2993/2899 2898/2990/2898 2961/3117/2961 2962/3054/2962
f 2926/2994/2926 2925/2992/2925 2988/3118/2988 2989/3056/2989
f 2965/3060/2965 2964/3058/2964 3027/3119/3027 3028/3120/3028
f 2992/3061/2992 2991/3059/2991 3054/3121/3054 3055/3122/3055
f 2966/3062/2966 2965/3060/2965 3028/3120/3028 3029/3123/3029
f 2993/3063/2993 2992/3061/2992 3055/3122/3055 3056/3124/3056
f 2967/3064/2967 2966/3062/2966 3029/3123/3029 3030/3125/3030
f 2994/3065/2994 2993/3063/2993 3056/3124/3056 3057/3126/3057
f 2968/3066/2968 2967/3064/2967 3030/3125/3030 3031/3127/3031
f 2942/3068/2942 2058/3128/2058 3005/3129/3005
f 2995/3069/2995 2994/3065/2994 3057/3126/3057 3058/3130/3058
f 2969/3070/2969 2968/3066/2968 3031/3127/3031 3032/3131/3032
f 2943/3071/2943 2942/3068/2942 3005/3129/3005 3006/3132/3006
f 2996/3072/2996 2995/3069/2995 3058/3130/3058 3059/3133/3059
f 2970/3073/2970 2969/3070/2969 3032/3131/3032 3033/3134/3033
f 2944/3074/2944 2943/3071/2943 3006/3132/3006 3007/3135/3007
f 2997/3075/2997 2996/3072/2996 3059/3133/3059 3060/3136/3060
f 2971/3076/2971 2970/3073/2970 3033/3134/3033 3034/3137/3034
f 2945/3077/2945 2944/3074/2944 3007/3135/3007 3008/3138/3008
f 2998/3078/2998 2997/3075/2997 3060/3136/3060 3061/3139/3061
f 2972/3079/2972 2971/3076/2971 3034/3137/3034 3035/3140/3035
f 2946/3080/2946 2945/3077/2945 3008/3138/3008 3009/3141/3009
f 2999/3081/2999 2998/3078/2998 3061/3139/3061 3062/3142/3062
f 2973/3082/2973 2972/3079/2972 3035/3140/3035 3036/3143/3036
f 2947/3083/2947 2946/3080/2946 3009/3141/3009 3010/3144/3010
f 3000/3084/3000 2999/3081/2999 3062/3142/3062 3063/3145/3063
f 2974/3085/2974 2973/3082/2973 3036/3143/3036 3037/3146/3037
f 2948/3086/2948 2947/3083/2947 3010/3144/3010 3011/3147/3011
f 3001/3087/3001 3000/3084/3000 3063/3145/3063 3064/3148/3064
f 2975/3088/2975 2974/3085/2974 3037/3146/3037 3038/3149/3038
f 2949/3089/2949 2948/3086/2948 3011/3147/3011 3012/3150/3012
f 3002/3090/3002 3001/3087/3001 3064/3148/3064 3065/3151/3065
f 2976/3091/2976 2975/3088/2975 3038/3149/3038 3039/3152/3039
f 2950/3092/2950 2949/3089/2949 3012/3150/3012 3013/3153/3013
f 3003/3093/3003 3002/3090/3002 3065/3151/3065 3066/3154/3066
f 2977/3094/2977 2976/3091/2976 3039/3152/3039 3040/3155/3040
f 2951/3095/2951 2950/3092/2950 3013/3153/3013 3014/3156/3014
f 3004/3096/3004 3003/3093/3003 3066/3154/3066 3067/3157/3067
f 2978/3097/2978 2977/3094/2977 3040/3155/3040 3041/3158/3041
f 2952/3098/2952 2951/3095/2951 3014/3156/3014 3015/3159/3015
f 2752/3160/2752 3004/3096/3004 3067/3157/3067
f 2979/3100/2979 2978/3097/2978 3041/3158/3041 3042/3161/3042
f 2953/3101/2953 2952/3098/2952 3015/3159/3015 3016/3162/3016
f 2980/3102/2980 2979/3100/2979 3042/3161/3042 3043/3163/3043
f 2954/3103/2954 2953/3101/2953 3016/3162/3016 3017/3164/3017
f 2981/3104/2981 2980/3102/2980 3043/3163/3043 3044/3165/3044
f 2955/3105/2955 2954/3103/2954 3017/3164/3017 3018/3166/3018
f 2982/3106/2982 2981/3104/2981 3044/3165/3044 3045/3167/3045
f 2956/3107/2956 2955/3105/2955 3018/3166/3018 3019/3168/3019
f 2983/3108/2983 2982/3106/2982 3045/3167/3045 3046/3169/3046
f 2957/3109/2957 2956/3107/2956 3019/3168/3019 3020/3170/3020
f 2984/3110/2984 2983/3108/2983 3046/3169/3046 3047/3171/3047
f 2958/3111/2958 2957/3109/2957 3020/3170/3020 3021/3172/3021
f 2985/3112/2985 2984/3110/2984 3047/3171/3047 3048/3173/3048
f 2959/3113/2959 2958/3111/2958 3021/3172/3021 3022/3174/3022
f 2986/3114/2986 2985/3112/2985 3048/3173/3048 3049/3175/3049
f 2960/3115/2960 2959/3113/2959 3022/3174/3022 3023/3176/3023
f 2987/3116/2987 2986/3114/2986 3049/3175/3049 3050/3177/3050
f 2961/3117/2961 2960/3115/2960 3023/3176/3023 3024/3178/3024
f 2988/3118/2988 2987/3116/2987 3050/3177/3050 3051/3179/3051
f 2962/3054/2962 2961/3117/2961 3024/3178/3024 3025/3180/3025
f 2989/3056/2989 2988/3118/2988 3051/3179/3051 3052/3181/3052
f 2963/3055/2963 2962/3054/2962 3025/3180/3025 3026/3182/3026
f 2990/3057/2990 2989/3056/2989 3052/3181/3052 3053/3183/3053
f 2964/3058/2964 2963/3055/2963 3026/3182/3026 3027/3119/3027
f 2991/3059/2991 2990/3057/2990 3053/3183/3053 3054/3121/3054
f 3030/3184/3030 3029/3185/3029 3092/3186/3092 3093/3187/3093
f 3057/3188/3057 3056/3189/3056 3119/3190/3119 3120/3191/3120
f 3031/3192/3031 3030/3184/3030 3093/3187/3093 3094/3193/3094
f 3005/3194/3005 2058/3195/2058 3068/3196/3068
f 3058/3197/3058 3057/3188/3057 3120/3191/3120 3121/3198/3121
f 3032/3199/3032 3031/3192/3031 3094/3193/3094 3095/3200/3095
f 3006/3201/3006 3005/3194/3005 3068/3196/3068 3069/3202/3069
f 3059/3203/3059 3058/3197/3058 3121/3198/3121 3122/3204/3122
f 3033/3205/3033 3032/3199/3032 3095/3200/3095 3096/3206/3096
f 3007/3207/3007 3006/3201/3006 3069/3202/3069 3070/3208/3070
f 3060/3209/3060 3059/3203/3059 3122/3204/3122 3123/3210/3123
f 3034/3211/3034 3033/3205/3033 3096/3206/3096 3097/3212/3097
f 3008/3213/3008 3007/3207/3007 3070/3208/3070 3071/3214/3071
f 3061/3215/3061 3060/3209/3060 3123/3210/3123 3124/3216/3124
f 3035/3217/3035 3034/3211/3034 3097/3212/3097 3098/3218/3098
f 3009/3219/3009 3008/3213/3008 3071/3214/3071 3072/3220/3072
f 3062/3221/3062 3061/3215/3061 3124/3216/3124 3125/3222/3125
f 3036/3223/3036 3035/3217/3035 3098/3218/3098 3099/3224/3099
f 3010/3225/3010 3009/3219/3009 3072/3220/3072 3073/3226/3073
f 3063/3227/3063 3062/3221/3062 3125/3222/3125 3126/3228/3126
f 3037/3229/3037 3036/3223/3036 3099/3224/3099 3100/3230/3100
f 3011/3231/3011 3010/3225/3010 3073/3226/3073 3074/3232/3074
f 3064/3233/3064 3063/3227/3063 3126/3228/3126 3127/3234/3127
f 3038/3235/3038 3037/3229/3037 3100/3230/3100 3101/3236/3101
f 3012/3237/3012 3011/3231/3011 3074/3232/3074 3075/3238/3075
f 3065/3239/3065 3064/3233/3064 3127/3234/3127 3128/3240/3128
f 3039/3241/3039 3038/3235/3038 3101/3236/3101 3102/3242/3102
f 3013/3243/3013 3012/3237/3012 3075/3238/3075 3076/3244/3076
f 3066/3245/3066 3065/3239/3065 3128/3240/3128 3129/3246/3129
f 3040/3247/3040 3039/3241/3039 3102/3242/3102 3103/3248/3103
f 3014/3249/3014 3013/3243/3013 3076/3244/3076 3077/3250/3077
f 3067/3251/3067 3066/3245/3066 3129/3246/3129 3130/3252/3130
f 3041/3253/3041 3040/3247/3040 3103/3248/3103 3104/3254/3104
f 3015/3255/3015 3014/3249/3014 3077/3250/3077 3078/3256/3078
f 2752/3257/2752 3067/3251/3067 3130/3252/3130
f 3042/3258/3042 3041/3253/3041 3104/3254/3104 3105/3259/3105
f 3016/3260/3016 3015/3255/3015 3078/3256/3078 3079/3261/3079
f 3043/3262/3043 3042/3258/3042 3105/3259/3105 3106/3263/3106
f 3017/3264/3017 3016/3260/3016 3079/3261/3079 3080/3265/3080
f 3044/3266/3044 3043/3262/3043 3106/3263/3106 3107/3267/3107
f 3018/3268/3018 3017/3264/3017 3080/3265/3080 3081/3269/3081
f 3045/3270/3045 3044/3266/3044 3107/3267/3107 3108/3271/3108
f 3019/3272/3019 3018/3268/3018 3081/3269/3081 3082/3273/3082
f 3046/3274/3046 3045/3270/3045 3108/3271/3108 3109/3275/3109
f 3020/3276/3020 3019/3272/3019 3082/3273/3082 3083/3277/3083
f 3047/3278/3047 3046/3274/3046 3109/3275/3109 3110/3279/3110
f 3021/3280/3021 3020/3276/3020 3083/3277/3083 3084/3281/3084
f 3048/3282/3048 3047/3278/3047 3110/3279/3110 3111/3283/3111
f 3022/3284/3022 3021/3280/3021 3084/3281/3084 3085/3285/3085
f 3049/3286/3049 3048/3282/3048 3111/3283/3111 3112/3287/3112
f 3023/3288/3023 3022/3284/3022 3085/3285/3085 3086/3289/3086
f 3050/3290/3050 3049/3286/3049 3112/3287/3112 3113/3291/3113
f 3024/3292/3024 3023/3288/3023 3086/3289/3086 3087/3293/3087
f 3051/3294/3051 3050/3290/3050 3113/3291/3113 3114/3295/3114
f 3025/3296/3025 3024/3292/3024 3087/3293/3087 3088/3297/3088
f 3052/3298/3052 3051/3294/3051 3114/3295/3114 3115/3299/3115
f 3026/3300/3026 3025/3296/3025 3088/3297/3088 3089/3301/3089
f 3053/3302/3053 3052/3298/3052 3115/3299/3115 3116/3303/3116
f 3027/3304/3027 3026/3300/3026 3089/3301/3089 3090/3305/3090
f 3054/3306/3054 3053/3302/3053 3116/3303/3116 3117/3307/3117
f 3028/3308/3028 3027/3304/3027 3090/3305/3090 3091/3309/3091
f 3055/3310/3055 3054/3306/3054 3117/3307/3117 3118/3311/3118
f 3029/3185/3029 3028/3308/3028 3091/3309/3091 3092/3186/3092
f 3056/3189/3056 3055/3310/3055 3118/3311/3118 3119/3190/3119
f 3095/3200/3095 3094/3193/3094 3157/3312/3157 3158/3313/3158
f 3069/3202/3069 3068/3196/3068 3131/3314/3131 3132/3315/3132
f 3122/3204/3122 3121/3198/3121 3184/3316/3184 3185/3317/3185
f 3096/3206/3096 3095/3200/3095 3158/3313/3158 3159/3318/3159
f 3070/3208/3070 3069/3202/3069 3132/3315/3132 3133/3319/3133
f 3123/3210/3123 3122/3204/3122 3185/3317/3185 3186/3320/3186
f 3097/3212/3097 3096/3206/3096 3159/3318/3159 3160/3321/3160
f 3071/3214/3071 3070/3208/3070 3133/3319/3133 3134/3322/3134
f 3124/3216/3124 3123/3210/3123 3186/3320/3186 3187/3323/3187
f 3098/3218/3098 3097/3212/3097 3160/3321/3160 3161/3324/3161
f 3072/3220/3072 3071/3214/3071 3134/3322/3134 3135/3325/3135
f 3125/3222/3125 3124/3216/3124 3187/3323/3187 3188/3326/3188
f 3099/3224/3099 3098/3218/3098 3161/3324/3161 3162/3327/3162
f 3073/3226/3073 3072/3220/3072 3135/3325/3135 3136/3328/3136
f 3126/3228/3126 3125/3222/3125 3188/3326/3188 3189/3329/3189
f 3100/3230/3100 3099/3224/3099 3162/3327/3162 3163/3330/3163
f 3074/3232/3074 3073/3226/3073 3136/3328/3136 3137/3331/3137
f 3127/3234/3127 3126/3228/3126 3189/3329/3189 3190/3332/3190
f 3101/3236/3101 3100/3230/3100 3163/3330/3163 3164/3333/3164
f 3075/3238/3075 3074/3232/3074 3137/3331/3137 3138/3334/3138
f 3128/3240/3128 3127/3234/3127 3190/3332/3190 3191/3335/3191
f 3102/3242/3102 3101/3236/3101 3164/3333/3164 3165/3336/3165
f 3076/3244/3076 3075/3238/3075 3138/3334/3138 3139/3337/3139
f 3129/3246/3129 3128/3240/3128 3191/3335/3191 3192/3338/3192
f 3103/3248/3103 3102/3242/3102 3165/3336/3165 3166/3339/3166
f 3077/3250/3077 3076/3244/3076 3139/3337/3139 3140/3340/3140
f 3130/3252/3130 3129/3246/3129 3192/3338/3192 3193/3341/3193
f 3104/3254/3104 3103/3248/3103 3166/3339/3166 3167/3342/3167
f 3078/3256/3078 3077/3250/3077 3140/3340/3140 3141/3343/3141
f 2752/3344/2752 3130/3252/3130 3193/3341/3193
f 3105/3259/3105 3104/3254/3104 3167/3342/3167 3168/3345/3168
f 3079/3261/3079 3078/3256/3078 3141/3343/3141 3142/3346/3142
f 3106/3263/3106 3105/3259/3105 3168/3345/3168 3169/3347/3169
f 3080/3265/3080 3079/3261/3079 3142/3346/3142 3143/3348/3143
f 3107/3267/3107 3106/3263/3106 3169/3347/3169 3170/3349/3170
f 3081/3269/3081 3080/3265/3080 3143/3348/3143 3144/3350/3144
f 3108/3271/3108 3107/3267/3107 3170/3349/3170 3171/3351/3171
f 3082/3273/3082 3081/3269/3081 3144/3350/3144 3145/3352/3145
f 3109/3275/3109 3108/3271/3108 3171/3351/3171 3172/3353/3172
f 3083/3277/3083 3082/3273/3082 3145/3352/3145 3146/3354/3146
f 3110/3279/3110 3109/3275/3109 3172/3353/3172 3173/3355/3173
f 3084/3281/3084 3083/3277/3083 3146/3354/3146 3147/3356/3147
f 3111/3283/3111 3110/3279/3110 3173/3355/3173 3174/3357/3174
f 3085/3285/3085 3084/3281/3084 3147/3356/3147 3148/3358/3148
f 3112/3287/3112 3111/3283/3111 3174/3357/3174 3175/3359/3175
f 3086/3289/3086 3085/3285/3085 3148/3358/3148 3149/3360/3149
f 3113/3291/3113 3112/3287/3112 3175/3359/3175 3176/3361/3176
f 3087/3293/3087 3086/3289/3086 3149/3360/3149 3150/3362/3150
f 3114/3295/3114 3113/3291/3113 3176/3361/3176 3177/3363/3177
f 3088/3297/3088 3087/3293/3087 3150/3362/3150 3151/3364/3151
f 3115/3299/3115 3114/3295/3114 3177/3363/3177 3178/3365/3178
f 3089/3301/3089 3088/3297/3088 3151/3364/3151 3152/3366/3152
f 3116/3303/3116 3115/3299/3115 3178/3365/3178 3179/3367/3179
f 3090/3305/3090 3089/3301/3089 3152/3366/3152 3153/3368/3153
f 3117/3307/3117 3116/3303/3116 3179/3367/3179 3180/3369/3180
f 3091/3309/3091 3090/3305/3090 3153/3368/3153 3154/3370/3154
f 3118/3311/3118 3117/3307/3117 3180/3369/3180 3181/3371/3181
f 3092/3186/3092 3091/3309/3091 3154/3370/3154 3155/3372/3155
f 3119/3190/3119 3118/3311/3118 3181/3371/3181 3182/3373/3182
f 3093/3187/3093 3092/3186/3092 3155/3372/3155 3156/3374/3156
f 3120/3191/3120 3119/3190/3119 3182/3373/3182 3183/3375/3183
f 3094/3193/3094 3093/3187/3093 3156/3374/3156 3157/3312/3157
f 3068/3196/3068 2058/3376/2058 3131/3314/3131
f 3121/3198/3121 3120/3191/3120 3183/3375/3183 3184/3316/3184
f 3160/3321/3160 3159/3318/3159 3222/3377/3222 3223/3378/3223
f 3134/3322/3134 3133/3319/3133 3196/3379/3196 3197/3380/3197
f 3187/3323/3187 3186/3320/3186 3249/3381/3249 3250/3382/3250
f 3161/3324/3161 3160/3321/3160 3223/3378/3223 3224/3383/3224
f 3135/3325/3135 3134/3322/3134 3197/3380/3197 3198/3384/3198
f 3188/3326/3188 3187/3323/3187 3250/3382/3250 3251/3385/3251
f 3162/3327/3162 3161/3324/3161 3224/3383/3224 3225/3386/3225
f 3136/3328/3136 3135/3325/3135 3198/3384/3198 3199/3387/3199
f 3189/3329/3189 3188/3326/3188 3251/3385/3251 3252/3388/3252
f 3163/3330/3163 3162/3327/3162 3225/3386/3225 3226/3389/3226
f 3137/3331/3137 3136/3328/3136 3199/3387/3199 3200/3390/3200
f 3190/3332/3190 3189/3329/3189 3252/3388/3252 3253/3391/3253
f 3164/3333/3164 3163/3330/3163 3226/3389/3226 3227/3392/3227
f 3138/3334/3138 3137/3331/3137 3200/3390/3200 3201/3393/3201
f 3191/3335/3191 3190/3332/3190 3253/3391/3253 3254/3394/3254
f 3165/3336/3165 3164/3333/3164 3227/3392/3227 3228/3395/3228
f 3139/3337/3139 3138/3334/3138 3201/3393/3201 3202/3396/3202
f 3192/3338/3192 3191/3335/3191 3254/3394/3254 3255/3397/3255
f 3166/3339/3166 3165/3336/3165 3228/3395/3228 3229/3398/3229
f 3140/3340/3140 3139/3337/3139 3202/3396/3202 3203/3399/3203
f 3193/3341/3193 3192/3338/3192 3255/3397/3255 3256/3400/3256
f 3167/3342/3167 3166/3339/3166 3229/3398/3229 3230/3401/3230
f 3141/3343/3141 3140/3340/3140 3203/3399/3203 3204/3402/3204
f 2752/3403/2752 3193/3341/3193 3256/3400/3256
f 3168/3345/3168 3167/3342/3167 3230/3401/3230 3231/3404/3231
f 3142/3346/3142 3141/3343/3141 3204/3402/3204 3205/3405/3205
f 3169/3347/3169 3168/3345/3168 3231/3404/3231 3232/3406/3232
f 3143/3348/3143 3142/3346/3142 3205/3405/3205 3206/3407/3206
f 3170/3349/3170 3169/3347/3169 3232/3406/3232 3233/3408/3233
f 3144/3350/3144 3143/3348/3143 3206/3407/3206 3207/3409/3207
f 3171/3351/3171 3170/3349/3170 3233/3408/3233 3234/3410/3234
f 3145/3352/3145 3144/3350/3144 3207/3409/3207 3208/3411/3208
f 3172/3353/3172 3171/3351/3171 3234/3410/3234 3235/3412/3235
f 3146/3354/3146 3145/3352/3145 3208/3411/3208 3209/3413/3209
f 3173/3355/3173 3172/3353/3172 3235/3412/3235 3236/3414/3236
f 3147/3356/3147 3146/3354/3146 3209/3413/3209 3210/3415/3210
f 3174/3357/3174 3173/3355/3173 3236/3414/3236 3237/3416/3237
f 3148/3358/3148 3147/3356/3147 3210/3415/3210 3211/3417/3211
f 3175/3359/3175 3174/3357/3174 3237/3416/3237 3238/3418/3238
f 3149/3360/3149 3148/3358/3148 3211/3417/3211 3212/3419/3212
f 3176/3361/3176 3175/3359/3175 3238/3418/3238 3239/3420/3239
f 3150/3362/3150 3149/3360/3149 3212/3419/3212 3213/3421/3213
f 3177/3363/3177 3176/3361/3176 3239/3420/3239 3240/3422/3240
f 3151/3364/3151 3150/3362/3150 3213/3421/3213 3214/3423/3214
f 3178/3365/3178 3177/3363/3177 3240/3422/3240 3241/3424/3241
f 3152/3366/3152 3151/3364/3151 3214/3423/3214 3215/3425/3215
f 3179/3367/3179 3178/3365/3178 3241/3424/3241 3242/3426/3242
f 3153/3368/3153 3152/3366/3152 3215/3425/3215 3216/3427/3216
f 3180/3369/3180 3179/3367/3179 3242/3426/3242 3243/3428/3243
f 3154/3370/3154 3153/3368/3153 3216/3427/3216 3217/3429/3217
f 3181/3371/3181 3180/3369/3180 3243/3428/3243 3244/3430/3244
f 3155/3372/3155 3154/3370/3154 3217/3429/3217 3218/3431/3218
f 3182/3373/3182 3181/3371/3181 3244/3430/3244 3245/3432/3245
f 3156/3374/3156 3155/3372/3155 3218/3431/3218 3219/3433/3219
f 3183/3375/3183 3182/3373/3182 3245/3432/3245 3246/3434/3246
f 3157/3312/3157 3156/3374/3156 3219/3433/3219 3220/3435/3220
f 3131/3314/3131 2058/3436/2058 3194/3437/3194
f 3184/3316/3184 3183/3375/3183 3246/3434/3246 3247/3438/3247
f 3158/3313/3158 3157/3312/3157 3220/3435/3220 3221/3439/3221
f 3132/3315/3132 3131/3314/3131 3194/3437/3194 3195/3440/3195
f 3185/3317/3185 3184/3316/3184 3247/3438/3247 3248/3441/3248
f 3159/3318/3159 3158/3313/3158 3221/3439/3221 3222/3377/3222
f 3133/3319/3133 3132/3315/3132 3195/3440/3195 3196/3379/3196
f 3186/3320/3186 3185/3317/3185 3248/3441/3248 3249/3381/3249
f 3225/3386/3225 3224/3383/3224 3287/3442/3287 3288/3443/3288
f 3233/3408/3233 3232/3406/3232 3295/3444/3295 3296/3445/3296
f 3199/3387/3199 3198/3384/3198 3261/3446/3261 3262/3447/3262
f 3226/3389/3226 3225/3386/3225 3288/3443/3288 3289/3448/3289
f 3200/3390/3200 3199/3387/3199 3262/3447/3262 3263/3449/3263
f 3234/3410/3234 3233/3408/3233 3296/3445/3296 3297/3450/3297
f 3227/3392/3227 3226/3389/3226 3289/3448/3289 3290/3451/3290
f 3201/3393/3201 3200/3390/3200 3263/3449/3263 3264/3452/3264
f 3235/3412/3235 3234/3410/3234 3297/3450/3297 3298/3453/3298
f 3228/3395/3228 3227/3392/3227 3290/3451/3290 3291/3454/3291
f 3236/3414/3236 3235/3412/3235 3298/3453/3298 3299/3455/3299
f 3202/3396/3202 3201/3393/3201 3264/3452/3264 3265/3456/3265
f 3229/3398/3229 3228/3395/3228 3291/3454/3291 3292/3457/3292
f 3237/3416/3237 3236/3414/3236 3299/3455/3299 3300/3458/3300
f 3203/3399/3203 3202/3396/3202 3265/3456/3265 3266/3459/3266
f 3230/3401/3230 3229/3398/3229 3292/3457/3292 3293/3460/3293
f 3238/3418/3238 3237/3416/3237 3300/3458/3300 3301/3461/3301
f 3204/3402/3204 3203/3399/3203 3266/3459/3266 3267/3462/3267
f 3231/3404/3231 3230/3401/3230 3293/3460/3293 3294/3463/3294
f 3239/3420/3239 3238/3418/3238 3301/3461/3301 3302/3464/3302
f 3205/3405/3205 3204/3402/3204 3267/3462/3267 3268/3465/3268
f 3240/3422/3240 3239/3420/3239 3302/3464/3302 3303/3466/3303
f 3206/3407/3206 3205/3405/3205 3268/3465/3268 3269/3467/3269
f 3241/3424/3241 3240/3422/3240 3303/3466/3303 3304/3468/3304
f 3207/3409/3207 3206/3407/3206 3269/3467/3269 3270/3469/3270
f 3242/3426/3242 3241/3424/3241 3304/3468/3304 3305/3470/3305
f 3208/3411/3208 3207/3409/3207 3270/3469/3270 3271/3471/3271
f 3243/3428/3243 3242/3426/3242 3305/3470/3305 3306/3472/3306
f 3209/3413/3209 3208/3411/3208 3271/3471/3271 3272/3473/3272
f 3244/3430/3244 3243/3428/3243 3306/3472/3306 3307/3474/3307
f 3210/3415/3210 3209/3413/3209 3272/3473/3272 3273/3475/3273
f 3245/3432/3245 3244/3430/3244 3307/3474/3307 3308/3476/3308
f 3211/3417/3211 3210/3415/3210 3273/3475/3273 3274/3477/3274
f 3246/3434/3246 3245/3432/3245 3308/3476/3308 3309/3478/3309
f 3212/3419/3212 3211/3417/3211 3274/3477/3274 3275/3479/3275
f 3247/3438/3247 3246/3434/3246 3309/3478/3309 3310/3480/3310
f 3213/3421/3213 3212/3419/3212 3275/3479/3275 3276/3481/3276
f 3248/3441/3248 3247/3438/3247 3310/3480/3310 3311/3482/3311
f 3214/3423/3214 3213/3421/3213 3276/3481/3276 3277/3483/3277
f 3249/3381/3249 3248/3441/3248 3311/3482/3311 3312/3484/3312
f 3215/3425/3215 3214/3423/3214 3277/3483/3277 3278/3485/3278
f 3250/3382/3250 3249/3381/3249 3312/3484/3312 3313/3486/3313
f 3216/3427/3216 3215/3425/3215 3278/3485/3278 3279/3487/3279
f 3251/3385/3251 3250/3382/3250 3313/3486/3313 3314/3488/3314
f 3217/3429/3217 3216/3427/3216 3279/3487/3279 3280/3489/3280
f 3252/3388/3252 3251/3385/3251 3314/3488/3314 3315/3490/3315
f 3218/3431/3218 3217/3429/3217 3280/3489/3280 3281/3491/3281
f 3253/3391/3253 3252/3388/3252 3315/3490/3315 3316/3492/3316
f 3219/3433/3219 3218/3431/3218 3281/3491/3281 3282/3493/3282
f 3254/3394/3254 3253/3391/3253 3316/3492/3316 3317/3494/3317
f 3220/3435/3220 3219/3433/3219 3282/3493/3282 3283/3495/3283
f 3194/3437/3194 2058/3496/2058 3257/3497/3257
f 3255/3397/3255 3254/3394/3254 3317/3494/3317 3318/3498/3318
f 3221/3439/3221 3220/3435/3220 3283/3495/3283 3284/3499/3284
f 3195/3440/3195 3194/3437/3194 3257/3497/3257 3258/3500/3258
f 3256/3400/3256 3255/3397/3255 3318/3498/3318 3319/3501/3319
f 3222/3377/3222 3221/3439/3221 3284/3499/3284 3285/3502/3285
f 3196/3379/3196 3195/3440/3195 3258/3500/3258 3259/3503/3259
f 2752/3504/2752 3256/3400/3256 3319/3501/3319
f 3223/3378/3223 3222/3377/3222 3285/3502/3285 3286/3505/3286
f 3197/3380/3197 3196/3379/3196 3259/3503/3259 3260/3506/3260
f 3224/3383/3224 3223/3378/3223 3286/3505/3286 3287/3442/3287
f 3232/3406/3232 3231/3404/3231 3294/3463/3294 3295/3444/3295
f 3198/3384/3198 3197/3380/3197 3260/3506/3260 3261/3446/3261
f 3298/3453/3298 3297/3450/3297 3360/3507/3360 3361/3508/3361
f 3272/3473/3272 3271/3471/3271 3334/3509/3334 3335/3510/3335
f 3299/3455/3299 3298/3453/3298 3361/3508/3361 3362/3511/3362
f 3273/3475/3273 3272/3473/3272 3335/3510/3335 3336/3512/3336
f 3300/3458/3300 3299/3455/3299 3362/3511/3362 3363/3513/3363
f 3274/3477/3274 3273/3475/3273 3336/3512/3336 3337/3514/3337
f 3301/3461/3301 3300/3458/3300 3363/3513/3363 3364/3515/3364
f 3275/3479/3275 3274/3477/3274 3337/3514/3337 3338/3516/3338
f 3302/3464/3302 3301/3461/3301 3364/3515/3364 3365/3517/3365
f 3276/3481/3276 3275/3479/3275 3338/3516/3338 3339/3518/3339
f 3303/3466/3303 3302/3464/3302 3365/3517/3365 3366/3519/3366
f 3277/3483/3277 3276/3481/3276 3339/3518/3339 3340/3520/3340
f 3304/3468/3304 3303/3466/3303 3366/3519/3366 3367/3521/3367
f 3278/3485/3278 3277/3483/3277 3340/3520/3340 3341/3522/3341
f 3305/3470/3305 3304/3468/3304 3367/3521/3367 3368/3523/3368
f 3279/3487/3279 3278/3485/3278 3341/3522/3341 3342/3524/3342
f 3306/3472/3306 3305/3470/3305 3368/3523/3368 3369/3525/3369
f 3280/3489/3280 3279/3487/3279 3342/3524/3342 3343/3526/3343
f 3307/3474/3307 3306/3472/3306 3369/3525/3369 3370/3527/3370
f 3281/3491/3281 3280/3489/3280 3343/3526/3343 3344/3528/3344
f 3308/3476/3308 3307/3474/3307 3370/3527/3370 3371/3529/3371
f 3282/3493/3282 3281/3491/3281 3344/3528/3344 3345/3530/3345
f 3309/3478/3309 3308/3476/3308 3371/3529/3371 3372/3531/3372
f 3283/3495/3283 3282/3493/3282 3345/3530/3345 3346/3532/3346
f 3257/3497/3257 2058/3533/2058 3320/3534/3320
f 3310/3480/3310 3309/3478/3309 3372/3531/3372 3373/3535/3373
f 3284/3499/3284 3283/3495/3283 3346/3532/3346 3347/3536/3347
f 3258/3500/3258 3257/3497/3257 3320/3534/3320 3321/3537/3321
f 3311/3482/3311 3310/3480/3310 3373/3535/3373 3374/3538/3374
f 3285/3502/3285 3284/3499/3284 3347/3536/3347 3348/3539/3348
f 3259/3503/3259 3258/3500/3258 3321/3537/3321 3322/3540/3322
f 3312/3484/3312 3311/3482/3311 3374/3538/3374 3375/3541/3375
f 3286/3505/3286 3285/3502/3285 3348/3539/3348 3349/3542/3349
f 3260/3506/3260 3259/3503/3259 3322/3540/3322 3323/3543/3323
f 3313/3486/3313 3312/3484/3312 3375/3541/3375 3376/3544/3376
f 3287/3442/3287 3286/3505/3286 3349/3542/3349 3350/3545/3350
f 3261/3446/3261 3260/3506/3260 3323/3543/3323 3324/3546/3324
f 3314/3488/3314 3313/3486/3313 3376/3544/3376 3377/3547/3377
f 3288/3443/3288 3287/3442/3287 3350/3545/3350 3351/3548/3351
f 3262/3447/3262 3261/3446/3261 3324/3546/3324 3325/3549/3325
f 3315/3490/3315 3314/3488/3314 3377/3547/3377 3378/3550/3378
f 3289/3448/3289 3288/3443/3288 3351/3548/3351 3352/3551/3352
f 3263/3449/3263 3262/3447/3262 3325/3549/3325 3326/3552/3326
f 3316/3492/3316 3315/3490/3315 3378/3550/3378 3379/3553/3379
f 3290/3451/3290 3289/3448/3289 3352/3551/3352 3353/3554/3353
f 3264/3452/3264 3263/3449/3263 3326/3552/3326 3327/3555/3327
f 3317/3494/3317 3316/3492/3316 3379/3553/3379 3380/3556/3380
f 3291/3454/3291 3290/3451/3290 3353/3554/3353 3354/3557/3354
f 3265/3456/3265 3264/3452/3264 3327/3555/3327 3328/3558/3328
f 3318/3498/3318 3317/3494/3317 3380/3556/3380 3381/3559/3381
f 3292/3457/3292 3291/3454/3291 3354/3557/3354 3355/3560/3355
f 3266/3459/3266 3265/3456/3265 3328/3558/3328 3329/3561/3329
f 3319/3501/3319 3318/3498/3318 3381/3559/3381 3382/3562/3382
f 3293/3460/3293 3292/3457/3292 3355/3560/3355 3356/3563/3356
f 3267/3462/3267 3266/3459/3266 3329/3561/3329 3330/3564/3330
f 2752/3565/2752 3319/3501/3319 3382/3562/3382
f 3294/3463/3294 3293/3460/3293 3356/3563/3356 3357/3566/3357
f 3268/3465/3268 3267/3462/3267 3330/3564/3330 3331/3567/3331
f 3295/3444/3295 3294/3463/3294 3357/3566/3357 3358/3568/3358
f 3269/3467/3269 3268/3465/3268 3331/3567/3331 3332/3569/3332
f 3296/3445/3296 3295/3444/3295 3358/3568/3358 3359/3570/3359
f 3270/3469/3270 3269/3467/3269 3332/3569/3332 3333/3571/3333
f 3297/3450/3297 3296/3445/3296 3359/3570/3359 3360/3507/3360
f 3271/3471/3271 3270/3469/3270 3333/3571/3333 3334/3509/3334
f 3363/3513/3363 3362/3511/3362 3425/3572/3425 3426/3573/3426
f 3337/3514/3337 3336/3512/3336 3399/3574/3399 3400/3575/3400
f 3364/3515/3364 3363/3513/3363 3426/3573/3426 3427/3576/3427
f 3338/3516/3338 3337/3514/3337 3400/3575/3400 3401/3577/3401
f 3365/3517/3365 3364/3515/3364 3427/3576/3427 3428/3578/3428
f 3339/3518/3339 3338/3516/3338 3401/3577/3401 3402/3579/3402
f 3366/3519/3366 3365/3517/3365 3428/3578/3428 3429/3580/3429
f 3340/3520/3340 3339/3518/3339 3402/3579/3402 3403/3581/3403
f 3367/3521/3367 3366/3519/3366 3429/3580/3429 3430/3582/3430
f 3341/3522/3341 3340/3520/3340 3403/3581/3403 3404/3583/3404
f 3368/3523/3368 3367/3521/3367 3430/3582/3430 3431/3584/3431
f 3342/3524/3342 3341/3522/3341 3404/3583/3404 3405/3585/3405
f 3369/3525/3369 3368/3523/3368 3431/3584/3431 3432/3586/3432
f 3343/3526/3343 3342/3524/3342 3405/3585/3405 3406/3587/3406
f 3370/3527/3370 3369/3525/3369 3432/3586/3432 3433/3588/3433
f 3344/3528/3344 3343/3526/3343 3406/3587/3406 3407/3589/3407
f 3371/3529/3371 3370/3527/3370 3433/3588/3433 3434/3590/3434
f 3345/3530/3345 3344/3528/3344 3407/3589/3407 3408/3591/3408
f 3372/3531/3372 3371/3529/3371 3434/3590/3434 3435/3592/3435
f 3346/3532/3346 3345/3530/3345 3408/3591/3408 3409/3593/3409
f 3320/3534/3320 2058/3594/2058 3383/3595/3383
f 3373/3535/3373 3372/3531/3372 3435/3592/3435 3436/3596/3436
f 3347/3536/3347 3346/3532/3346 3409/3593/3409 3410/3597/3410
f 3321/3537/3321 3320/3534/3320 3383/3595/3383 3384/3598/3384
f 3374/3538/3374 3373/3535/3373 3436/3596/3436 3437/3599/3437
f 3348/3539/3348 3347/3536/3347 3410/3597/3410 3411/3600/3411
f 3322/3540/3322 3321/3537/3321 3384/3598/3384 3385/3601/3385
f 3375/3541/3375 3374/3538/3374 3437/3599/3437 3438/3602/3438
f 3349/3542/3349 3348/3539/3348 3411/3600/3411 3412/3603/3412
f 3323/3543/3323 3322/3540/3322 3385/3601/3385 3386/3604/3386
f 3376/3544/3376 3375/3541/3375 3438/3602/3438 3439/3605/3439
f 3350/3545/3350 3349/3542/3349 3412/3603/3412 3413/3606/3413
f 3324/3546/3324 3323/3543/3323 3386/3604/3386 3387/3607/3387
f 3377/3547/3377 3376/3544/3376 3439/3605/3439 3440/3608/3440
f 3351/3548/3351 3350/3545/3350 3413/3606/3413 3414/3609/3414
f 3325/3549/3325 3324/3546/3324 3387/3607/3387 3388/3610/3388
f 3378/3550/3378 3377/3547/3377 3440/3608/3440 3441/3611/3441
f 3352/3551/3352 3351/3548/3351 3414/3609/3414 3415/3612/3415
f 3326/3552/3326 3325/3549/3325 3388/3610/3388 3389/3613/3389
f 3379/3553/3379 3378/3550/3378 3441/3611/3441 3442/3614/3442
f 3353/3554/3353 3352/3551/3352 3415/3612/3415 3416/3615/3416
f 3327/3555/3327 3326/3552/3326 3389/3613/3389 3390/3616/3390
f 3380/3556/3380 3379/3553/3379 3442/3614/3442 3443/3617/3443
f 3354/3557/3354 3353/3554/3353 3416/3615/3416 3417/3618/3417
f 3328/3558/3328 3327/3555/3327 3390/3616/3390 3391/3619/3391
f 3381/3559/3381 3380/3556/3380 3443/3617/3443 3444/3620/3444
f 3355/3560/3355 3354/3557/3354 3417/3618/3417 3418/3621/3418
f 3329/3561/3329 3328/3558/3328 3391/3619/3391 3392/3622/3392
f 3382/3562/3382 3381/3559/3381 3444/3620/3444 3445/3623/3445
f 3356/3563/3356 3355/3560/3355 3418/3621/3418 3419/3624/3419
f 3330/3564/3330 3329/3561/3329 3392/3622/3392 3393/3625/3393
f 2752/3626/2752 3382/3562/3382 3445/3623/3445
f 3357/3566/3357 3356/3563/3356 3419/3624/3419 3420/3627/3420
f 3331/3567/3331 3330/3564/3330 3393/3625/3393 3394/3628/3394
f 3358/3568/3358 3357/3566/3357 3420/3627/3420 3421/3629/3421
f 3332/3569/3332 3331/3567/3331 3394/3628/3394 3395/3630/3395
f 3359/3570/3359 3358/3568/3358 3421/3629/3421 3422/3631/3422
f 3333/3571/3333 3332/3569/3332 3395/3630/3395 3396/3632/3396
f 3360/3507/3360 3359/3570/3359 3422/3631/3422 3423/3633/3423
f 3334/3509/3334 3333/3571/3333 3396/3632/3396 3397/3634/3397
f 3361/3508/3361 3360/3507/3360 3423/3633/3423 3424/3635/3424
f 3335/3510/3335 3334/3509/3334 3397/3634/3397 3398/3636/3398
f 3362/3511/3362 3361/3508/3361 3424/3635/3424 3425/3572/3425
f 3336/3512/3336 3335/3510/3335 3398/3636/3398 3399/3574/3399
f 3428/3578/3428 3427/3576/3427 3490/3637/3490 3491/3638/3491
f 3402/3579/3402 3401/3577/3401 3464/3639/3464 3465/3640/3465
f 3429/3580/3429 3428/3578/3428 3491/3638/3491 3492/3641/3492
f 3403/3581/3403 3402/3579/3402 3465/3640/3465 3466/3642/3466
f 3430/3582/3430 3429/3580/3429 3492/3641/3492 3493/3643/3493
f 3404/3583/3404 3403/3581/3403 3466/3642/3466 3467/3644/3467
f 3431/3584/3431 3430/3582/3430 3493/3643/3493 3494/3645/3494
f 3405/3585/3405 3404/3583/3404 3467/3644/3467 3468/3646/3468
f 3432/3586/3432 3431/3584/3431 3494/3645/3494 3495/3647/3495
f 3406/3587/3406 3405/3585/3405 3468/3646/3468 3469/3648/3469
f 3433/3588/3433 3432/3586/3432 3495/3647/3495 3496/3649/3496
f 3407/3589/3407 3406/3587/3406 3469/3648/3469 3470/3650/3470
f 3434/3590/3434 3433/3588/3433 3496/3649/3496 3497/3651/3497
f 3408/3591/3408 3407/3589/3407 3470/3650/3470 3471/3652/3471
f 3435/3592/3435 3434/3590/3434 3497/3651/3497 3498/3653/3498
f 3409/3593/3409 3408/3591/3408 3471/3652/3471 3472/3654/3472
f 3383/3595/3383 2058/3655/2058 3446/3656/3446
f 3436/3596/3436 3435/3592/3435 3498/3653/3498 3499/3657/3499
f 3410/3597/3410 3409/3593/3409 3472/3654/3472 3473/3658/3473
f 3384/3598/3384 3383/3595/3383 3446/3656/3446 3447/3659/3447
f 3437/3599/3437 3436/3596/3436 3499/3657/3499 3500/3660/3500
f 3411/3600/3411 3410/3597/3410 3473/3658/3473 3474/3661/3474
f 3385/3601/3385 3384/3598/3384 3447/3659/3447 3448/3662/3448
f 3438/3602/3438 3437/3599/3437 3500/3660/3500 3501/3663/3501
f 3412/3603/3412 3411/3600/3411 3474/3661/3474 3475/3664/3475
f 3386/3604/3386 3385/3601/3385 3448/3662/3448 3449/3665/3449
f 3439/3605/3439 3438/3602/3438 3501/3663/3501 3502/3666/3502
f 3413/3606/3413 3412/3603/3412 3475/3664/3475 3476/3667/3476
f 3387/3607/3387 3386/3604/3386 3449/3665/3449 3450/3668/3450
f 3440/3608/3440 3439/3605/3439 3502/3666/3502 3503/3669/3503
f 3414/3609/3414 3413/3606/3413 3476/3667/3476 3477/3670/3477
f 3388/3610/3388 3387/3607/3387 3450/3668/3450 3451/3671/3451
f 3441/3611/3441 3440/3608/3440 3503/3669/3503 3504/3672/3504
f 3415/3612/3415 3414/3609/3414 3477/3670/3477 3478/3673/3478
f 3389/3613/3389 3388/3610/3388 3451/3671/3451 3452/3674/3452
f 3442/3614/3442 3441/3611/3441 3504/3672/3504 3505/3675/3505
f 3416/3615/3416 3415/3612/3415 3478/3673/3478 3479/3676/3479
f 3390/3616/3390 3389/3613/3389 3452/3674/3452 3453/3677/3453
f 3443/3617/3443 3442/3614/3442 3505/3675/3505 3506/3678/3506
f 3417/3618/3417 3416/3615/3416 3479/3676/3479 3480/3679/3480
f 3391/3619/3391 3390/3616/3390 3453/3677/3453 3454/3680/3454
f 3444/3620/3444 3443/3617/3443 3506/3678/3506 3507/3681/3507
f 3418/3621/3418 3417/3618/3417 3480/3679/3480 3481/3682/3481
f 3392/3622/3392 3391/3619/3391 3454/3680/3454 3455/3683/3455
f 3445/3623/3445 3444/3620/3444 3507/3681/3507 3508/3684/3508
f 3419/3624/3419 3418/3621/3418 3481/3682/3481 3482/3685/3482
f 3393/3625/3393 3392/3622/3392 3455/3683/3455 3456/3686/3456
f 2752/3687/2752 3445/3623/3445 3508/3684/3508
f 3420/3627/3420 3419/3624/3419 3482/3685/3482 3483/3688/3483
f 3394/3628/3394 3393/3625/3393 3456/3686/3456 3457/3689/3457
f 3421/3629/3421 3420/3627/3420 3483/3688/3483 3484/3690/3484
f 3395/3630/3395 3394/3628/3394 3457/3689/3457 3458/3691/3458
f 3422/3631/3422 3421/3629/3421 3484/3690/3484 3485/3692/3485
f 3396/3632/3396 3395/3630/3395 3458/3691/3458 3459/3693/3459
f 3423/3633/3423 3422/3631/3422 3485/3692/3485 3486/3694/3486
f 3397/3634/3397 3396/3632/3396 3459/3693/3459 3460/3695/3460
f 3424/3635/3424 3423/3633/3423 3486/3694/3486 3487/3696/3487
f 3398/3636/3398 3397/3634/3397 3460/3695/3460 3461/3697/3461
f 3425/3572/3425 3424/3635/3424 3487/3696/3487 3488/3698/3488
f 3399/3574/3399 3398/3636/3398 3461/3697/3461 3462/3699/3462
f 3426/3573/3426 3425/3572/3425 3488/3698/3488 3489/3700/3489
f 3400/3575/3400 3399/3574/3399 3462/3699/3462 3463/3701/3463
f 3427/3576/3427 3426/3573/3426 3489/3700/3489 3490/3637/3490
f 3401/3577/3401 3400/3575/3400 3463/3701/3463 3464/3639/3464
f 3493/3643/3493 3492/3641/3492 3555/3702/3555 3556/3703/3556
f 3467/3644/3467 3466/3642/3466 3529/3704/3529 3530/3705/3530
f 3494/3645/3494 3493/3643/3493 3556/3703/3556 3557/3706/3557
f 3468/3646/3468 3467/3644/3467 3530/3705/3530 3531/3707/3531
f 3495/3647/3495 3494/3645/3494 3557/3706/3557 3558/3708/3558
f 3469/3648/3469 3468/3646/3468 3531/3707/3531 3532/3709/3532
f 3496/3649/3496 3495/3647/3495 3558/3708/3558 3559/3710/3559
f 3470/3650/3470 3469/3648/3469 3532/3709/3532 3533/3711/3533
f 3497/3651/3497 3496/3649/3496 3559/3710/3559 3560/3712/3560
f 3471/3652/3471 3470/3650/3470 3533/3711/3533 3534/3713/3534
f 3498/3653/3498 3497/3651/3497 3560/3712/3560 3561/3714/3561
f 3472/3654/3472 3471/3652/3471 3534/3713/3534 3535/3715/3535
f 3446/3656/3446 2058/3716/2058 3509/3717/3509
f 3499/3657/3499 3498/3653/3498 3561/3714/3561 3562/3718/3562
f 3473/3658/3473 3472/3654/3472 3535/3715/3535 3536/3719/3536
f 3447/3659/3447 3446/3656/3446 3509/3717/3509 3510/3720/3510
f 3500/3660/3500 3499/3657/3499 3562/3718/3562 3563/3721/3563
f 3474/3661/3474 3473/3658/3473 3536/3719/3536 3537/3722/3537
f 3448/3662/3448 3447/3659/3447 3510/3720/3510 3511/3723/3511
f 3501/3663/3501 3500/3660/3500 3563/3721/3563 3564/3724/3564
f 3475/3664/3475 3474/3661/3474 3537/3722/3537 3538/3725/3538
f 3449/3665/3449 3448/3662/3448 3511/3723/3511 3512/3726/3512
f 3502/3666/3502 3501/3663/3501 3564/3724/3564 3565/3727/3565
f 3476/3667/3476 3475/3664/3475 3538/3725/3538 3539/3728/3539
f 3450/3668/3450 3449/3665/3449 3512/3726/3512 3513/3729/3513
f 3503/3669/3503 3502/3666/3502 3565/3727/3565 3566/3730/3566
f 3477/3670/3477 3476/3667/3476 3539/3728/3539 3540/3731/3540
f 3451/3671/3451 3450/3668/3450 3513/3729/3513 3514/3732/3514
f 3504/3672/3504 3503/3669/3503 3566/3730/3566 3567/3733/3567
f 3478/3673/3478 3477/3670/3477 3540/3731/3540 3541/3734/3541
f 3452/3674/3452 3451/3671/3451 3514/3732/3514 3515/3735/3515
f 3505/3675/3505 3504/3672/3504 3567/3733/3567 3568/3736/3568
f 3479/3676/3479 3478/3673/3478 3541/3734/3541 3542/3737/3542
f 3453/3677/3453 3452/3674/3452 3515/3735/3515 3516/3738/3516
f 3506/3678/3506 3505/3675/3505 3568/3736/3568 3569/3739/3569
f 3480/3679/3480 3479/3676/3479 3542/3737/3542 3543/3740/3543
f 3454/3680/3454 3453/3677/3453 3516/3738/3516 3517/3741/3517
f 3507/3681/3507 3506/3678/3506 3569/3739/3569 3570/3742/3570
f 3481/3682/3481 3480/3679/3480 3543/3740/3543 3544/3743/3544
f 3455/3683/3455 3454/3680/3454 3517/3741/3517 3518/3744/3518
f 3508/3684/3508 3507/3681/3507 3570/3742/3570 3571/3745/3571
f 3482/3685/3482 3481/3682/3481 3544/3743/3544 3545/3746/3545
f 3456/3686/3456 3455/3683/3455 3518/3744/3518 3519/3747/3519
f 2752/3748/2752 3508/3684/3508 3571/3745/3571
f 3483/3688/3483 3482/3685/3482 3545/3746/3545 3546/3749/3546
f 3457/3689/3457 3456/3686/3456 3519/3747/3519 3520/3750/3520
f 3484/3690/3484 3483/3688/3483 3546/3749/3546 3547/3751/3547
f 3458/3691/3458 3457/3689/3457 3520/3750/3520 3521/3752/3521
f 3485/3692/3485 3484/3690/3484 3547/3751/3547 3548/3753/3548
f 3459/3693/3459 3458/3691/3458 3521/3752/3521 3522/3754/3522
f 3486/3694/3486 3485/3692/3485 3548/3753/3548 3549/3755/3549
f 3460/3695/3460 3459/3693/3459 3522/3754/3522 3523/3756/3523
f 3487/3696/3487 3486/3694/3486 3549/3755/3549 3550/3757/3550
f 3461/3697/3461 3460/3695/3460 3523/3756/3523 3524/3758/3524
f 3488/3698/3488 3487/3696/3487 3550/3757/3550 3551/3759/3551
f 3462/3699/3462 3461/3697/3461 3524/3758/3524 3525/3760/3525
f 3489/3700/3489 3488/3698/3488 3551/3759/3551 3552/3761/3552
f 3463/3701/3463 3462/3699/3462 3525/3760/3525 3526/3762/3526
f 3490/3637/3490 3489/3700/3489 3552/3761/3552 3553/3763/3553
f 3464/3639/3464 3463/3701/3463 3526/3762/3526 3527/3764/3527
f 3491/3638/3491 3490/3637/3490 3553/3763/3553 3554/3765/3554
f 3465/3640/3465 3464/3639/3464 3527/3764/3527 3528/3766/3528
f 3492/3641/3492 3491/3638/3491 3554/3765/3554 3555/3702/3555
f 3466/3642/3466 3465/3640/3465 3528/3766/3528 3529/3704/3529
f 3558/3708/3558 3557/3706/3557 3620/3767/3620 3621/3768/3621
f 3532/3709/3532 3531/3707/3531 3594/3769/3594 3595/3770/3595
f 3559/3710/3559 3558/3708/3558 3621/3768/3621 3622/3771/3622
f 3533/3711/3533 3532/3709/3532 3595/3770/3595 3596/3772/3596
f 3560/3712/3560 3559/3710/3559 3622/3771/3622 3623/3773/3623
f 3534/3713/3534 3533/3711/3533 3596/3772/3596 3597/3774/3597
f 3561/3714/3561 3560/3712/3560 3623/3773/3623 3624/3775/3624
f 3535/3715/3535 3534/3713/3534 3597/3774/3597 3598/3776/3598
f 3509/3717/3509 2058/3777/2058 3572/3778/3572
f 3562/3718/3562 3561/3714/3561 3624/3775/3624 3625/3779/3625
f 3536/3719/3536 3535/3715/3535 3598/3776/3598 3599/3780/3599
f 3510/3720/3510 3509/3717/3509 3572/3778/3572 3573/3781/3573
f 3563/3721/3563 3562/3718/3562 3625/3779/3625 3626/3782/3626
f 3537/3722/3537 3536/3719/3536 3599/3780/3599 3600/3783/3600
f 3511/3723/3511 3510/3720/3510 3573/3781/3573 3574/3784/3574
f 3564/3724/3564 3563/3721/3563 3626/3782/3626 3627/3785/3627
f 3538/3725/3538 3537/3722/3537 3600/3783/3600 3601/3786/3601
f 3512/3726/3512 3511/3723/3511 3574/3784/3574 3575/3787/3575
f 3565/3727/3565 3564/3724/3564 3627/3785/3627 3628/3788/3628
f 3539/3728/3539 3538/3725/3538 3601/3786/3601 3602/3789/3602
f 3513/3729/3513 3512/3726/3512 3575/3787/3575 3576/3790/3576
f 3566/3730/3566 3565/3727/3565 3628/3788/3628 3629/3791/3629
f 3540/3731/3540 3539/3728/3539 3602/3789/3602 3603/3792/3603
f 3514/3732/3514 3513/3729/3513 3576/3790/3576 3577/3793/3577
f 3567/3733/3567 3566/3730/3566 3629/3791/3629 3630/3794/3630
f 3541/3734/3541 3540/3731/3540 3603/3792/3603 3604/3795/3604
f 3515/3735/3515 3514/3732/3514 3577/3793/3577 3578/3796/3578
f 3568/3736/3568 3567/3733/3567 3630/3794/3630 3631/3797/3631
f 3542/3737/3542 3541/3734/3541 3604/3795/3604 3605/3798/3605
f 3516/3738/3516 3515/3735/3515 3578/3796/3578 3579/3799/3579
f 3569/3739/3569 3568/3736/3568 3631/3797/3631 3632/3800/3632
f 3543/3740/3543 3542/3737/3542 3605/3798/3605 3606/3801/3606
f 3517/3741/3517 3516/3738/3516 3579/3799/3579 3580/3802/3580
f 3570/3742/3570 3569/3739/3569 3632/3800/3632 3633/3803/3633
f 3544/3743/3544 3543/3740/3543 3606/3801/3606 3607/3804/3607
f 3518/3744/3518 3517/3741/3517 3580/3802/3580 3581/3805/3581
f 3571/3745/3571 3570/3742/3570 3633/3803/3633 3634/3806/3634
f 3545/3746/3545 3544/3743/3544 3607/3804/3607 3608/3807/3608
f 3519/3747/3519 3518/3744/3518 3581/3805/3581 3582/3808/3582
f 2752/3809/2752 3571/3745/3571 3634/3806/3634
f 3546/3749/3546 3545/3746/3545 3608/3807/3608 3609/3810/3609
f 3520/3750/3520 3519/3747/3519 3582/3808/3582 3583/3811/3583
f 3547/3751/3547 3546/3749/3546 3609/3810/3609 3610/3812/3610
f 3521/3752/3521 3520/3750/3520 3583/3811/3583 3584/3813/3584
f 3548/3753/3548 3547/3751/3547 3610/3812/3610 3611/3814/3611
f 3522/3754/3522 3521/3752/3521 3584/3813/3584 3585/3815/3585
f 3549/3755/3549 3548/3753/3548 3611/3814/3611 3612/3816/3612
f 3523/3756/3523 3522/3754/3522 3585/3815/3585 3586/3817/3586
f 3550/3757/3550 3549/3755/3549 3612/3816/3612 3613/3818/3613
f 3524/3758/3524 3523/3756/3523 3586/3817/3586 3587/3819/3587
f 3551/3759/3551 3550/3757/3550 3613/3818/3613 3614/3820/3614
f 3525/3760/3525 3524/3758/3524 3587/3819/3587 3588/3821/3588
f 3552/3761/3552 3551/3759/3551 3614/3820/3614 3615/3822/3615
f 3526/3762/3526 3525/3760/3525 3588/3821/3588 3589/3823/3589
f 3553/3763/3553 3552/3761/3552 3615/3822/3615 3616/3824/3616
f 3527/3764/3527 3526/3762/3526 3589/3823/3589 3590/3825/3590
f 3554/3765/3554 3553/3763/3553 3616/3824/3616 3617/3826/3617
f 3528/3766/3528 3527/3764/3527 3590/3825/3590 3591/3827/3591
f 3555/3702/3555 3554/3765/3554 3617/3826/3617 3618/3828/3618
f 3529/3704/3529 3528/3766/3528 3591/3827/3591 3592/3829/3592
f 3556/3703/3556 3555/3702/3555 3618/3828/3618 3619/3830/3619
f 3530/3705/3530 3529/3704/3529 3592/3829/3592 3593/3831/3593
f 3557/3706/3557 3556/3703/3556 3619/3830/3619 3620/3767/3620
f 3531/3707/3531 3530/3705/3530 3593/3831/3593 3594/3769/3594
f 3623/3773/3623 3622/3771/3622 3685/3832/3685 3686/3833/3686
f 3597/3774/3597 3596/3772/3596 3659/3834/3659 3660/3835/3660
f 3624/3775/3624 3623/3773/3623 3686/3833/3686 3687/3836/3687
f 3598/3776/3598 3597/3774/3597 3660/3835/3660 3661/3837/3661
f 3572/3778/3572 2058/3838/2058 3635/3839/3635
f 3625/3779/3625 3624/3775/3624 3687/3836/3687 3688/3840/3688
f 3599/3780/3599 3598/3776/3598 3661/3837/3661 3662/3841/3662
f 3573/3781/3573 3572/3778/3572 3635/3839/3635 3636/3842/3636
f 3626/3782/3626 3625/3779/3625 3688/3840/3688 3689/3843/3689
f 3600/3783/3600 3599/3780/3599 3662/3841/3662 3663/3844/3663
f 3574/3784/3574 3573/3781/3573 3636/3842/3636 3637/3845/3637
f 3627/3785/3627 3626/3782/3626 3689/3843/3689 3690/3846/3690
f 3601/3786/3601 3600/3783/3600 3663/3844/3663 3664/3847/3664
f 3575/3787/3575 3574/3784/3574 3637/3845/3637 3638/3848/3638
f 3628/3788/3628 3627/3785/3627 3690/3846/3690 3691/3849/3691
f 3602/3789/3602 3601/3786/3601 3664/3847/3664 3665/3850/3665
f 3576/3790/3576 3575/3787/3575 3638/3848/3638 3639/3851/3639
f 3629/3791/3629 3628/3788/3628 3691/3849/3691 3692/3852/3692
f 3603/3792/3603 3602/3789/3602 3665/3850/3665 3666/3853/3666
f 3577/3793/3577 3576/3790/3576 3639/3851/3639 3640/3854/3640
f 3630/3794/3630 3629/3791/3629 3692/3852/3692 3693/3855/3693
f 3604/3795/3604 3603/3792/3603 3666/3853/3666 3667/3856/3667
f 3578/3796/3578 3577/3793/3577 3640/3854/3640 3641/3857/3641
f 3631/3797/3631 3630/3794/3630 3693/3855/3693 3694/3858/3694
f 3605/3798/3605 3604/3795/3604 3667/3856/3667 3668/3859/3668
f 3579/3799/3579 3578/3796/3578 3641/3857/3641 3642/3860/3642
f 3632/3800/3632 3631/3797/3631 3694/3858/3694 3695/3861/3695
f 3606/3801/3606 3605/3798/3605 3668/3859/3668 3669/3862/3669
f 3580/3802/3580 3579/3799/3579 3642/3860/3642 3643/3863/3643
f 3633/3803/3633 3632/3800/3632 3695/3861/3695 3696/3864/3696
f 3607/3804/3607 3606/3801/3606 3669/3862/3669 3670/3865/3670
f 3581/3805/3581 3580/3802/3580 3643/3863/3643 3644/3866/3644
f 3634/3806/3634 3633/3803/3633 3696/3864/3696 3697/3867/3697
f 3608/3807/3608 3607/3804/3607 3670/3865/3670 3671/3868/3671
f 3582/3808/3582 3581/3805/3581 3644/3866/3644 3645/3869/3645
f 2752/3870/2752 3634/3806/3634 3697/3867/3697
f 3609/3810/3609 3608/3807/3608 3671/3868/3671 3672/3871/3672
f 3583/3811/3583 3582/3808/3582 3645/3869/3645 3646/3872/3646
f 3610/3812/3610 3609/3810/3609 3672/3871/3672 3673/3873/3673
f 3584/3813/3584 3583/3811/3583 3646/3872/3646 3647/3874/3647
f 3611/3814/3611 3610/3812/3610 3673/3873/3673 3674/3875/3674
f 3585/3815/3585 3584/3813/3584 3647/3874/3647 3648/3876/3648
f 3612/3816/3612 3611/3814/3611 3674/3875/3674 3675/3877/3675
f 3586/3817/3586 3585/3815/3585 3648/3876/3648 3649/3878/3649
f 3613/3818/3613 3612/3816/3612 3675/3877/3675 3676/3879/3676
f 3587/3819/3587 3586/3817/3586 3649/3878/3649 3650/3880/3650
f 3614/3820/3614 3613/3818/3613 3676/3879/3676 3677/3881/3677
f 3588/3821/3588 3587/3819/3587 3650/3880/3650 3651/3882/3651
f 3615/3822/3615 3614/3820/3614 3677/3881/3677 3678/3883/3678
f 3589/3823/3589 3588/3821/3588 3651/3882/3651 3652/3884/3652
f 3616/3824/3616 3615/3822/3615 3678/3883/3678 3679/3885/3679
f 3590/3825/3590 3589/3823/3589 3652/3884/3652 3653/3886/3653
f 3617/3826/3617 3616/3824/3616 3679/3885/3679 3680/3887/3680
f 3591/3827/3591 3590/3825/3590 3653/3886/3653 3654/3888/3654
f 3618/3828/3618 3617/3826/3617 3680/3887/3680 3681/3889/3681
f 3592/3829/3592 3591/3827/3591 3654/3888/3654 3655/3890/3655
f 3619/3830/3619 3618/3828/3618 3681/3889/3681 3682/3891/3682
f 3593/3831/3593 3592/3829/3592 3655/3890/3655 3656/3892/3656
f 3620/3767/3620 3619/3830/3619 3682/3891/3682 3683/3893/3683
f 3594/3769/3594 3593/3831/3593 3656/3892/3656 3657/3894/3657
f 3621/3768/3621 3620/3767/3620 3683/3893/3683 3684/3895/3684
f 3595/3770/3595 3594/3769/3594 3657/3894/3657 3658/3896/3658
f 3622/3771/3622 3621/3768/3621 3684/3895/3684 3685/3832/3685
f 3596/3772/3596 3595/3770/3595 3658/3896/3658 3659/3834/3659
f 3688/3840/3688 3687/3836/3687 3750/3897/3750 3751/3898/3751
f 3662/3841/3662 3661/3837/3661 3724/3899/3724 3725/3900/3725
f 3636/3842/3636 3635/3839/3635 3698/3901/3698 3699/3902/3699
f 3689/3843/3689 3688/3840/3688 3751/3898/3751 3752/3903/3752
f 3663/3844/3663 3662/3841/3662 3725/3900/3725 3726/3904/3726
f 3637/3845/3637 3636/3842/3636 3699/3902/3699 3700/3905/3700
f 3690/3846/3690 3689/3843/3689 3752/3903/3752 3753/3906/3753
f 3664/3847/3664 3663/3844/3663 3726/3904/3726 3727/3907/3727
f 3638/3848/3638 3637/3845/3637 3700/3905/3700 3701/3908/3701
f 3691/3849/3691 3690/3846/3690 3753/3906/3753 3754/3909/3754
f 3665/3850/3665 3664/3847/3664 3727/3907/3727 3728/3910/3728
f 3639/3851/3639 3638/3848/3638 3701/3908/3701 3702/3911/3702
f 3692/3852/3692 3691/3849/3691 3754/3909/3754 3755/3912/3755
f 3666/3853/3666 3665/3850/3665 3728/3910/3728 3729/3913/3729
f 3640/3854/3640 3639/3851/3639 3702/3911/3702 3703/3914/3703
f 3693/3855/3693 3692/3852/3692 3755/3912/3755 3756/3915/3756
f 3667/3856/3667 3666/3853/3666 3729/3913/3729 3730/3916/3730
f 3641/3857/3641 3640/3854/3640 3703/3914/3703 3704/3917/3704
f 3694/3858/3694 3693/3855/3693 3756/3915/3756 3757/3918/3757
f 3668/3859/3668 3667/3856/3667 3730/3916/3730 3731/3919/3731
f 3642/3860/3642 3641/3857/3641 3704/3917/3704 3705/3920/3705
f 3695/3861/3695 3694/3858/3694 3757/3918/3757 3758/3921/3758
f 3669/3862/3669 3668/3859/3668 3731/3919/3731 3732/3922/3732
f 3643/3863/3643 3642/3860/3642 3705/3920/3705 3706/3923/3706
f 3696/3864/3696 3695/3861/3695 3758/3921/3758 3759/3924/3759
f 3670/3865/3670 3669/3862/3669 3732/3922/3732 3733/3925/3733
f 3644/3866/3644 3643/3863/3643 3706/3923/3706 3707/3926/3707
f 3697/3867/3697 3696/3864/3696 3759/3924/3759 3760/3927/3760
f 3671/3868/3671 3670/3865/3670 3733/3925/3733 3734/3928/3734
f 3645/3869/3645 3644/3866/3644 3707/3926/3707 3708/3929/3708
f 2752/3930/2752 3697/3867/3697 3760/3927/3760
f 3672/3871/3672 3671/3868/3671 3734/3928/3734 3735/3931/3735
f 3646/3872/3646 3645/3869/3645 3708/3929/3708 3709/3932/3709
f 3673/3873/3673 3672/3871/3672 3735/3931/3735 3736/3933/3736
f 3647/3874/3647 3646/3872/3646 3709/3932/3709 3710/3934/3710
f 3674/3875/3674 3673/3873/3673 3736/3933/3736 3737/3935/3737
f 3648/3876/3648 3647/3874/3647 3710/3934/3710 3711/3936/3711
f 3675/3877/3675 3674/3875/3674 3737/3935/3737 3738/3937/3738
f 3649/3878/3649 3648/3876/3648 3711/3936/3711 3712/3938/3712
f 3676/3879/3676 3675/3877/3675 3738/3937/3738 3739/3939/3739
f 3650/3880/3650 3649/3878/3649 3712/3938/3712 3713/3940/3713
f 3677/3881/3677 3676/3879/3676 3739/3939/3739 3740/3941/3740
f 3651/3882/3651 3650/3880/3650 3713/3940/3713 3714/3942/3714
f 3678/3883/3678 3677/3881/3677 3740/3941/3740 3741/3943/3741
f 3652/3884/3652 3651/3882/3651 3714/3942/3714 3715/3944/3715
f 3679/3885/3679 3678/3883/3678 3741/3943/3741 3742/3945/3742
f 3653/3886/3653 3652/3884/3652 3715/3944/3715 3716/3946/3716
f 3680/3887/3680 3679/3885/3679 3742/3945/3742 3743/3947/3743
f 3654/3888/3654 3653/3886/3653 3716/3946/3716 3717/3948/3717
f 3681/3889/3681 3680/3887/3680 3743/3947/3743 3744/3949/3744
f 3655/3890/3655 3654/3888/3654 3717/3948/3717 3718/3950/3718
f 3682/3891/3682 3681/3889/3681 3744/3949/3744 3745/3951/3745
f 3656/3892/3656 3655/3890/3655 3718/3950/3718 3719/3952/3719
f 3683/3893/3683 3682/3891/3682 3745/3951/3745 3746/3953/3746
f 3657/3894/3657 3656/3892/3656 3719/3952/3719 3720/3954/3720
f 3684/3895/3684 3683/3893/3683 3746/3953/3746 3747/3955/3747
f 3658/3896/3658 3657/3894/3657 3720/3954/3720 3721/3956/3721
f 3685/3832/3685 3684/3895/3684 3747/3955/3747 3748/3957/3748
f 3659/3834/3659 3658/3896/3658 3721/3956/3721 3722/3958/3722
f 3686/3833/3686 3685/3832/3685 3748/3957/3748 3749/3959/3749
f 3660/3835/3660 3659/3834/3659 3722/3958/3722 3723/3960/3723
f 3687/3836/3687 3686/3833/3686 3749/3959/3749 3750/3897/3750
f 3661/3837/3661 3660/3835/3660 3723/3960/3723 3724/3899/3724
f 3635/3839/3635 2058/3961/2058 3698/3901/3698
f 3753/3906/3753 3752/3903/3752 3815/3962/3815 3816/3963/3816
f 3727/3907/3727 3726/3904/3726 3789/3964/3789 3790/3965/3790
f 3701/3908/3701 3700/3905/3700 3763/3966/3763 3764/3967/3764
f 3754/3909/3754 3753/3906/3753 3816/3963/3816 3817/3968/3817
f 3728/3910/3728 3727/3907/3727 3790/3965/3790 3791/3969/3791
f 3702/3911/3702 3701/3908/3701 3764/3967/3764 3765/3970/3765
f 3755/3912/3755 3754/3909/3754 3817/3968/3817 3818/3971/3818
f 3729/3913/3729 3728/3910/3728 3791/3969/3791 3792/3972/3792
f 3703/3914/3703 3702/3911/3702 3765/3970/3765 3766/3973/3766
f 3756/3915/3756 3755/3912/3755 3818/3971/3818 3819/3974/3819
f 3730/3916/3730 3729/3913/3729 3792/3972/3792 3793/3975/3793
f 3704/3917/3704 3703/3914/3703 3766/3973/3766 3767/3976/3767
f 3757/3918/3757 3756/3915/3756 3819/3974/3819 3820/3977/3820
f 3731/3919/3731 3730/3916/3730 3793/3975/3793 3794/3978/3794
f 3705/3920/3705 3704/3917/3704 3767/3976/3767 3768/3979/3768
f 3758/3921/3758 3757/3918/3757 3820/3977/3820 3821/3980/3821
f 3732/3922/3732 3731/3919/3731 3794/3978/3794 3795/3981/3795
f 3706/3923/3706 3705/3920/3705 3768/3979/3768 3769/3982/3769
f 3759/3924/3759 3758/3921/3758 3821/3980/3821 3822/3983/3822
f 3733/3925/3733 3732/3922/3732 3795/3981/3795 3796/3984/3796
f 3707/3926/3707 3706/3923/3706 3769/3982/3769 3770/3985/3770
f 3760/3927/3760 3759/3924/3759 3822/3983/3822 3823/3986/3823
f 3734/3928/3734 3733/3925/3733 3796/3984/3796 3797/3987/3797
f 3708/3929/3708 3707/3926/3707 3770/3985/3770 3771/3988/3771
f 2752/3989/2752 3760/3927/3760 3823/3986/3823
f 3735/3931/3735 3734/3928/3734 3797/3987/3797 3798/3990/3798
f 3709/3932/3709 3708/3929/3708 3771/3988/3771 3772/3991/3772
f 3736/3933/3736 3735/3931/3735 3798/3990/3798 3799/3992/3799
f 3710/3934/3710 3709/3932/3709 3772/3991/3772 3773/3993/3773
f 3737/3935/3737 3736/3933/3736 3799/3992/3799 3800/3994/3800
f 3711/3936/3711 3710/3934/3710 3773/3993/3773 3774/3995/3774
f 3738/3937/3738 3737/3935/3737 3800/3994/3800 3801/3996/3801
f 3712/3938/3712 3711/3936/3711 3774/3995/3774 3775/3997/3775
f 3739/3939/3739 3738/3937/3738 3801/3996/3801 3802/3998/3802
f 3713/3940/3713 3712/3938/3712 3775/3997/3775 3776/3999/3776
f 3740/3941/3740 3739/3939/3739 3802/3998/3802 3803/4000/3803
f 3714/3942/3714 3713/3940/3713 3776/3999/3776 3777/4001/3777
f 3741/3943/3741 3740/3941/3740 3803/4000/3803 3804/4002/3804
f 3715/3944/3715 3714/3942/3714 3777/4001/3777 3778/4003/3778
f 3742/3945/3742 3741/3943/3741 3804/4002/3804 3805/4004/3805
f 3716/3946/3716 3715/3944/3715 3778/4003/3778 3779/4005/3779
f 3743/3947/3743 3742/3945/3742 3805/4004/3805 3806/4006/3806
f 3717/3948/3717 3716/3946/3716 3779/4005/3779 3780/4007/3780
f 3744/3949/3744 3743/3947/3743 3806/4006/3806 3807/4008/3807
f 3718/3950/3718 3717/3948/3717 3780/4007/3780 3781/4009/3781
f 3745/3951/3745 3744/3949/3744 3807/4008/3807 3808/4010/3808
f 3719/3952/3719 3718/3950/3718 3781/4009/3781 3782/4011/3782
f 3746/3953/3746 3745/3951/3745 3808/4010/3808 3809/4012/3809
f 3720/3954/3720 3719/3952/3719 3782/4011/3782 3783/4013/3783
f 3747/3955/3747 3746/3953/3746 3809/4012/3809 3810/4014/3810
f 3721/3956/3721 3720/3954/3720 3783/4013/3783 3784/4015/3784
f 3748/3957/3748 3747/3955/3747 3810/4014/3810 3811/4016/3811
f 3722/3958/3722 3721/3956/3721 3784/4015/3784 3785/4017/3785
f 3749/3959/3749 3748/3957/3748 3811/4016/3811 3812/4018/3812
f 3723/3960/3723 3722/3958/3722 3785/4017/3785 3786/4019/3786
f 3750/3897/3750 3749/3959/3749 3812/4018/3812 3813/4020/3813
f 3724/3899/3724 3723/3960/3723 3786/4019/3786 3787/4021/3787
f 3698/3901/3698 2058/4022/2058 3761/4023/3761
f 3751/3898/3751 3750/3897/3750 3813/4020/3813 3814/4024/3814
f 3725/3900/3725 3724/3899/3724 3787/4021/3787 3788/4025/3788
f 3699/3902/3699 3698/3901/3698 3761/4023/3761 3762/4026/3762
f 3752/3903/3752 3751/3898/3751 3814/4024/3814 3815/3962/3815
f 3726/3904/3726 3725/3900/3725 3788/4025/3788 3789/3964/3789
f 3700/3905/3700 3699/3902/3699 3762/4026/3762 3763/3966/3763
f 3818/3971/3818 3817/3968/3817 3880/4027/3880 3881/4028/3881
f 3792/3972/3792 3791/3969/3791 3854/4029/3854 3855/4030/3855
f 3766/3973/3766 3765/3970/3765 3828/4031/3828 3829/4032/3829
f 3819/3974/3819 3818/3971/3818 3881/4028/3881 3882/4033/3882
f 3793/3975/3793 3792/3972/3792 3855/4030/3855 3856/4034/3856
f 3767/3976/3767 3766/3973/3766 3829/4032/3829 3830/4035/3830
f 3820/3977/3820 3819/3974/3819 3882/4033/3882 3883/4036/3883
f 3794/3978/3794 3793/3975/3793 3856/4034/3856 3857/4037/3857
f 3768/3979/3768 3767/3976/3767 3830/4035/3830 3831/4038/3831
f 3821/3980/3821 3820/3977/3820 3883/4036/3883 3884/4039/3884
f 3795/3981/3795 3794/3978/3794 3857/4037/3857 3858/4040/3858
f 3769/3982/3769 3768/3979/3768 3831/4038/3831 3832/4041/3832
f 3822/3983/3822 3821/3980/3821 3884/4039/3884 3885/4042/3885
f 3796/3984/3796 3795/3981/3795 3858/4040/3858 3859/4043/3859
f 3770/3985/3770 3769/3982/3769 3832/4041/3832 3833/4044/3833
f 3823/3986/3823 3822/3983/3822 3885/4042/3885 3886/4045/3886
f 3797/3987/3797 3796/3984/3796 3859/4043/3859 3860/4046/3860
f 3771/3988/3771 3770/3985/3770 3833/4044/3833 3834/4047/3834
f 2752/4048/2752 3823/3986/3823 3886/4045/3886
f 3798/3990/3798 3797/3987/3797 3860/4046/3860 3861/4049/3861
f 3772/3991/3772 3771/3988/3771 3834/4047/3834 3835/4050/3835
f 3799/3992/3799 3798/3990/3798 3861/4049/3861 3862/4051/3862
f 3773/3993/3773 3772/3991/3772 3835/4050/3835 3836/4052/3836
f 3800/3994/3800 3799/3992/3799 3862/4051/3862 3863/4053/3863
f 3774/3995/3774 3773/3993/3773 3836/4052/3836 3837/4054/3837
f 3801/3996/3801 3800/3994/3800 3863/4053/3863 3864/4055/3864
f 3775/3997/3775 3774/3995/3774 3837/4054/3837 3838/4056/3838
f 3802/3998/3802 3801/3996/3801 3864/4055/3864 3865/4057/3865
f 3776/3999/3776 3775/3997/3775 3838/4056/3838 3839/4058/3839
f 3803/4000/3803 3802/3998/3802 3865/4057/3865 3866/4059/3866
f 3777/4001/3777 3776/3999/3776 3839/4058/3839 3840/4060/3840
f 3804/4002/3804 3803/4000/3803 3866/4059/3866 3867/4061/3867
f 3778/4003/3778 3777/4001/3777 3840/4060/3840 3841/4062/3841
f 3805/4004/3805 3804/4002/3804 3867/4061/3867 3868/4063/3868
f 3779/4005/3779 3778/4003/3778 3841/4062/3841 3842/4064/3842
f 3806/4006/3806 3805/4004/3805 3868/4063/3868 3869/4065/3869
f 3780/4007/3780 3779/4005/3779 3842/4064/3842 3843/4066/3843
f 3807/4008/3807 3806/4006/3806 3869/4065/3869 3870/4067/3870
f 3781/4009/3781 3780/4007/3780 3843/4066/3843 3844/4068/3844
f 3808/4010/3808 3807/4008/3807 3870/4067/3870 3871/4069/3871
f 3782/4011/3782 3781/4009/3781 3844/4068/3844 3845/4070/3845
f 3809/4012/3809 3808/4010/3808 3871/4069/3871 3872/4071/3872
f 3783/4013/3783 3782/4011/3782 3845/4070/3845 3846/4072/3846
f 3810/4014/3810 3809/4012/3809 3872/4071/3872 3873/4073/3873
f 3784/4015/3784 3783/4013/3783 3846/4072/3846 3847/4074/3847
f 3811/4016/3811 3810/4014/3810 3873/4073/3873 3874/4075/3874
f 3785/4017/3785 3784/4015/3784 3847/4074/3847 3848/4076/3848
f 3812/4018/3812 3811/4016/3811 3874/4075/3874 3875/4077/3875
f 3786/4019/3786 3785/4017/3785 3848/4076/3848 3849/4078/3849
f 3813/4020/3813 3812/4018/3812 3875/4077/3875 3876/4079/3876
f 3787/4021/3787 3786/4019/3786 3849/4078/3849 3850/4080/3850
f 3761/4023/3761 2058/4081/2058 3824/4082/3824
f 3814/4024/3814 3813/4020/3813 3876/4079/3876 3877/4083/3877
f 3788/4025/3788 3787/4021/3787 3850/4080/3850 3851/4084/3851
f 3762/4026/3762 3761/4023/3761 3824/4082/3824 3825/4085/3825
f 3815/3962/3815 3814/4024/3814 3877/4083/3877 3878/4086/3878
f 3789/3964/3789 3788/4025/3788 3851/4084/3851 3852/4087/3852
f 3763/3966/3763 3762/4026/3762 3825/4085/3825 3826/4088/3826
f 3816/3963/3816 3815/3962/3815 3878/4086/3878 3879/4089/3879
f 3790/3965/3790 3789/3964/3789 3852/4087/3852 3853/4090/3853
f 3764/3967/3764 3763/3966/3763 3826/4088/3826 3827/4091/3827
f 3817/3968/3817 3816/3963/3816 3879/4089/3879 3880/4027/3880
f 3791/3969/3791 3790/3965/3790 3853/4090/3853 3854/4029/3854
f 3765/3970/3765 3764/3967/3764 3827/4091/3827 3828/4031/3828
f 3883/4036/3883 3882/4033/3882 3945/4092/3945 3946/4093/3946
f 3857/4037/3857 3856/4034/3856 3919/4094/3919 3920/4095/3920
f 3831/4038/3831 3830/4035/3830 3893/4096/3893 3894/4097/3894
f 3884/4039/3884 3883/4036/3883 3946/4093/3946 3947/4098/3947
f 3858/4040/3858 3857/4037/3857 3920/4095/3920 3921/4099/3921
f 3832/4041/3832 3831/4038/3831 3894/4097/3894 3895/4100/3895
f 3885/4042/3885 3884/4039/3884 3947/4098/3947 3948/4101/3948
f 3859/4043/3859 3858/4040/3858 3921/4099/3921 3922/4102/3922
f 3833/4044/3833 3832/4041/3832 3895/4100/3895 3896/4103/3896
f 3886/4045/3886 3885/4042/3885 3948/4101/3948 3949/4104/3949
f 3860/4046/3860 3859/4043/3859 3922/4102/3922 3923/4105/3923
f 3834/4047/3834 3833/4044/3833 3896/4103/3896 3897/4106/3897
f 2752/4107/2752 3886/4045/3886 3949/4104/3949
f 3861/4049/3861 3860/4046/3860 3923/4105/3923 3924/4108/3924
f 3835/4050/3835 3834/4047/3834 3897/4106/3897 3898/4109/3898
f 3862/4051/3862 3861/4049/3861 3924/4108/3924 3925/4110/3925
f 3836/4052/3836 3835/4050/3835 3898/4109/3898 3899/4111/3899
f 3863/4053/3863 3862/4051/3862 3925/4110/3925 3926/4112/3926
f 3837/4054/3837 3836/4052/3836 3899/4111/3899 3900/4113/3900
f 3864/4055/3864 3863/4053/3863 3926/4112/3926 3927/4114/3927
f 3838/4056/3838 3837/4054/3837 3900/4113/3900 3901/4115/3901
f 3865/4057/3865 3864/4055/3864 3927/4114/3927 3928/4116/3928
f 3839/4058/3839 3838/4056/3838 3901/4115/3901 3902/4117/3902
f 3866/4059/3866 3865/4057/3865 3928/4116/3928 3929/4118/3929
f 3840/4060/3840 3839/4058/3839 3902/4117/3902 3903/4119/3903
f 3867/4061/3867 3866/4059/3866 3929/4118/3929 3930/4120/3930
f 3841/4062/3841 3840/4060/3840 3903/4119/3903 3904/4121/3904
f 3868/4063/3868 3867/4061/3867 3930/4120/3930 3931/4122/3931
f 3842/4064/3842 3841/4062/3841 3904/4121/3904 3905/4123/3905
f 3869/4065/3869 3868/4063/3868 3931/4122/3931 3932/4124/3932
f 3843/4066/3843 3842/4064/3842 3905/4123/3905 3906/4125/3906
f 3870/4067/3870 3869/4065/3869 3932/4124/3932 3933/4126/3933
f 3844/4068/3844 3843/4066/3843 3906/4125/3906 3907/4127/3907
f 3871/4069/3871 3870/4067/3870 3933/4126/3933 3934/4128/3934
f 3845/4070/3845 3844/4068/3844 3907/4127/3907 3908/4129/3908
f 3872/4071/3872 3871/4069/3871 3934/4128/3934 3935/4130/3935
f 3846/4072/3846 3845/4070/3845 3908/4129/3908 3909/4131/3909
f 3873/4073/3873 3872/4071/3872 3935/4130/3935 3936/4132/3936
f 3847/4074/3847 3846/4072/3846 3909/4131/3909 3910/4133/3910
f 3874/4075/3874 3873/4073/3873 3936/4132/3936 3937/4134/3937
f 3848/4076/3848 3847/4074/3847 3910/4133/3910 3911/4135/3911
f 3875/4077/3875 3874/4075/3874 3937/4134/3937 3938/4136/3938
f 3849/4078/3849 3848/4076/3848 3911/4135/3911 3912/4137/3912
f 3876/4079/3876 3875/4077/3875 3938/4136/3938 3939/4138/3939
f 3850/4080/3850 3849/4078/3849 3912/4137/3912 3913/4139/3913
f 3824/4082/3824 2058/4140/2058 3887/4141/3887
f 3877/4083/3877 3876/4079/3876 3939/4138/3939 3940/4142/3940
f 3851/4084/3851 3850/4080/3850 3913/4139/3913 3914/4143/3914
f 3825/4085/3825 3824/4082/3824 3887/4141/3887 3888/4144/3888
f 3878/4086/3878 3877/4083/3877 3940/4142/3940 3941/4145/3941
f 3852/4087/3852 3851/4084/3851 3914/4143/3914 3915/4146/3915
f 3826/4088/3826 3825/4085/3825 3888/4144/3888 3889/4147/3889
f 3879/4089/3879 3878/4086/3878 3941/4145/3941 3942/4148/3942
f 3853/4090/3853 3852/4087/3852 3915/4146/3915 3916/4149/3916
f 3827/4091/3827 3826/4088/3826 3889/4147/3889 3890/4150/3890
f 3880/4027/3880 3879/4089/3879 3942/4148/3942 3943/4151/3943
f 3854/4029/3854 3853/4090/3853 3916/4149/3916 3917/4152/3917
f 3828/4031/3828 3827/4091/3827 3890/4150/3890 3891/4153/3891
f 3881/4028/3881 3880/4027/3880 3943/4151/3943 3944/4154/3944
f 3855/4030/3855 3854/4029/3854 3917/4152/3917 3918/4155/3918
f 3829/4032/3829 3828/4031/3828 3891/4153/3891 3892/4156/3892
f 3882/4033/3882 3881/4028/3881 3944/4154/3944 3945/4092/3945
f 3856/4034/3856 3855/4030/3855 3918/4155/3918 3919/4094/3919
f 3830/4035/3830 3829/4032/3829 3892/4156/3892 3893/4096/3893
f 3948/4101/3948 3947/4098/3947 4010/4157/4010 4011/4158/4011
f 3922/4102/3922 3921/4099/3921 3984/4159/3984 3985/4160/3985
f 3896/4103/3896 3895/4100/3895 3958/4161/3958 3959/4162/3959
f 3949/4104/3949 3948/4101/3948 4011/4158/4011 4012/4163/4012
f 3923/4105/3923 3922/4102/3922 3985/4160/3985 3986/4164/3986
f 3897/4106/3897 3896/4103/3896 3959/4162/3959 3960/4165/3960
f 2752/4166/2752 3949/4104/3949 4012/4163/4012
f 3924/4108/3924 3923/4105/3923 3986/4164/3986 3987/4167/3987
f 3898/4109/3898 3897/4106/3897 3960/4165/3960 3961/4168/3961
f 3925/4110/3925 3924/4108/3924 3987/4167/3987 3988/4169/3988
f 3899/4111/3899 3898/4109/3898 3961/4168/3961 3962/4170/3962
f 3926/4112/3926 3925/4110/3925 3988/4169/3988 3989/4171/3989
f 3900/4113/3900 3899/4111/3899 3962/4170/3962 3963/4172/3963
f 3927/4114/3927 3926/4112/3926 3989/4171/3989 3990/4173/3990
f 3901/4115/3901 3900/4113/3900 3963/4172/3963 3964/4174/3964
f 3928/4116/3928 3927/4114/3927 3990/4173/3990 3991/4175/3991
f 3902/4117/3902 3901/4115/3901 3964/4174/3964 3965/4176/3965
f 3929/4118/3929 3928/4116/3928 3991/4175/3991 3992/4177/3992
f 3903/4119/3903 3902/4117/3902 3965/4176/3965 3966/4178/3966
f 3930/4120/3930 3929/4118/3929 3992/4177/3992 3993/4179/3993
f 3904/4121/3904 3903/4119/3903 3966/4178/3966 3967/4180/3967
f 3931/4122/3931 3930/4120/3930 3993/4179/3993 3994/4181/3994
f 3905/4123/3905 3904/4121/3904 3967/4180/3967 3968/4182/3968
f 3932/4124/3932 3931/4122/3931 3994/4181/3994 3995/4183/3995
f 3906/4125/3906 3905/4123/3905 3968/4182/3968 3969/4184/3969
f 3933/4126/3933 3932/4124/3932 3995/4183/3995 3996/4185/3996
f 3907/4127/3907 3906/4125/3906 3969/4184/3969 3970/4186/3970
f 3934/4128/3934 3933/4126/3933 3996/4185/3996 3997/4187/3997
f 3908/4129/3908 3907/4127/3907 3970/4186/3970 3971/4188/3971
f 3935/4130/3935 3934/4128/3934 3997/4187/3997 3998/4189/3998
f 3909/4131/3909 3908/4129/3908 3971/4188/3971 3972/4190/3972
f 3936/4132/3936 3935/4130/3935 3998/4189/3998 3999/4191/3999
f 3910/4133/3910 3909/4131/3909 3972/4190/3972 3973/4192/3973
f 3937/4134/3937 3936/4132/3936 3999/4191/3999 4000/4193/4000
f 3911/4135/3911 3910/4133/3910 3973/4192/3973 3974/4194/3974
f 3938/4136/3938 3937/4134/3937 4000/4193/4000 4001/4195/4001
f 3912/4137/3912 3911/4135/3911 3974/4194/3974 3975/4196/3975
f 3939/4138/3939 3938/4136/3938 4001/4195/4001 4002/4197/4002
f 3913/4139/3913 3912/4137/3912 3975/4196/3975 3976/4198/3976
f 3887/4141/3887 2058/4199/2058 3950/4200/3950
f 3940/4142/3940 3939/4138/3939 4002/4197/4002 4003/4201/4003
f 3914/4143/3914 3913/4139/3913 3976/4198/3976 3977/4202/3977
f 3888/4144/3888 3887/4141/3887 3950/4200/3950 3951/4203/3951
f 3941/4145/3941 3940/4142/3940 4003/4201/4003 4004/4204/4004
f 3915/4146/3915 3914/4143/3914 3977/4202/3977 3978/4205/3978
f 3889/4147/3889 3888/4144/3888 3951/4203/3951 3952/4206/3952
f 3942/4148/3942 3941/4145/3941 4004/4204/4004 4005/4207/4005
f 3916/4149/3916 3915/4146/3915 3978/4205/3978 3979/4208/3979
f 3890/4150/3890 3889/4147/3889 3952/4206/3952 3953/4209/3953
f 3943/4151/3943 3942/4148/3942 4005/4207/4005 4006/4210/4006
f 3917/4152/3917 3916/4149/3916 3979/4208/3979 3980/4211/3980
f 3891/4153/3891 3890/4150/3890 3953/4209/3953 3954/4212/3954
f 3944/4154/3944 3943/4151/3943 4006/4210/4006 4007/4213/4007
f 3918/4155/3918 3917/4152/3917 3980/4211/3980 3981/4214/3981
f 3892/4156/3892 3891/4153/3891 3954/4212/3954 3955/4215/3955
f 3945/4092/3945 3944/4154/3944 4007/4213/4007 4008/4216/4008
f 3919/4094/3919 3918/4155/3918 3981/4214/3981 3982/4217/3982
f 3893/4096/3893 3892/4156/3892 3955/4215/3955 3956/4218/3956
f 3946/4093/3946 3945/4092/3945 4008/4216/4008 4009/4219/4009
f 3920/4095/3920 3919/4094/3919 3982/4217/3982 3983/4220/3983
f 3894/4097/3894 3893/4096/3893 3956/4218/3956 3957/4221/3957
f 3947/4098/3947 3946/4093/3946 4009/4219/4009 4010/4157/4010
f 3921/4099/3921 3920/4095/3920 3983/4220/3983 3984/4159/3984
f 3895/4100/3895 3894/4097/3894 3957/4221/3957 3958/4161/3958
f 2752/4222/2752 4012/4163/4012 4034/106/4034
f 3987/4167/3987 3986/4164/3986 22/108/22 23/113/23
f 3961/4168/3961 3960/4165/3960 4021/110/4021 4022/115/4022
f 3988/4169/3988 3987/4167/3987 23/113/23 4028/117/4028
f 3962/4170/3962 3961/4168/3961 4022/115/4022 3/119/3
f 3989/4171/3989 3988/4169/3988 4028/117/4028 24/121/24
f 3963/4172/3963 3962/4170/3962 3/119/3 4023/123/4023
f 3990/4173/3990 3989/4171/3989 24/121/24 25/125/25
f 3964/4174/3964 3963/4172/3963 4023/123/4023 4/127/4
f 3991/4175/3991 3990/4173/3990 25/125/25 26/2/26
f 3965/4176/3965 3964/4174/3964 4/127/4 5/6/5
f 3992/4177/3992 3991/4175/3991 26/2/26 27/1/27
f 3966/4178/3966 3965/4176/3965 5/6/5 6/5/6
f 3993/4179/3993 3992/4177/3992 27/1/27 28/9/28
f 3967/4180/3967 3966/4178/3966 6/5/6 4024/11/4024
f 3994/4181/3994 3993/4179/3993 28/9/28 29/13/29
f 3968/4182/3968 3967/4180/3967 4024/11/4024 7/15/7
f 3995/4183/3995 3994/4181/3994 29/13/29 4029/17/4029
f 3969/4184/3969 3968/4182/3968 7/15/7 8/19/8
f 3996/4185/3996 3995/4183/3995 4029/17/4029 30/21/30
f 3970/4186/3970 3969/4184/3969 8/19/8 9/23/9
f 3997/4187/3997 3996/4185/3996 30/21/30 31/25/31
f 3971/4188/3971 3970/4186/3970 9/23/9 10/27/10
f 3998/4189/3998 3997/4187/3997 31/25/31 32/29/32
f 3972/4190/3972 3971/4188/3971 10/27/10 11/31/11
f 3999/4191/3999 3998/4189/3998 32/29/32 33/33/33
f 3973/4192/3973 3972/4190/3972 11/31/11 12/35/12
f 4000/4193/4000 3999/4191/3999 33/33/33 34/37/34
f 3974/4194/3974 3973/4192/3973 12/35/12 13/39/13
f 4001/4195/4001 4000/4193/4000 34/37/34 4030/41/4030
f 3975/4196/3975 3974/4194/3974 13/39/13 14/43/14
f 4002/4197/4002 4001/4195/4001 4030/41/4030 35/45/35
f 3976/4198/3976 3975/4196/3975 14/43/14 15/47/15
f 3950/4200/3950 2058/4223/2058 4013/49/4013
f 4003/4201/4003 4002/4197/4002 35/45/35 36/52/36
f 3977/4202/3977 3976/4198/3976 15/47/15 4025/54/4025
f 3951/4203/3951 3950/4200/3950 4013/49/4013 4014/56/4014
f 4004/4204/4004 4003/4201/4003 36/52/36 37/58/37
f 3978/4205/3978 3977/4202/3977 4025/54/4025 16/60/16
f 3952/4206/3952 3951/4203/3951 4014/56/4014 4015/62/4015
f 4005/4207/4005 4004/4204/4004 37/58/37 38/64/38
f 3979/4208/3979 3978/4205/3978 16/60/16 17/66/17
f 3953/4209/3953 3952/4206/3952 4015/62/4015 1/68/1
f 4006/4210/4006 4005/4207/4005 38/64/38 39/70/39
f 3980/4211/3980 3979/4208/3979 17/66/17 18/72/18
f 3954/4212/3954 3953/4209/3953 1/68/1 4016/74/4016
f 4007/4213/4007 4006/4210/4006 39/70/39 40/76/40
f 3981/4214/3981 3980/4211/3980 18/72/18 19/78/19
f 3955/4215/3955 3954/4212/3954 4016/74/4016 2/80/2
f 4008/4216/4008 4007/4213/4007 40/76/40 4031/82/4031
f 3982/4217/3982 3981/4214/3981 19/78/19 4026/84/4026
f 3956/4218/3956 3955/4215/3955 2/80/2 4017/86/4017
f 4009/4219/4009 4008/4216/4008 4031/82/4031 41/88/41
f 3983/4220/3983 3982/4217/3982 4026/84/4026 20/90/20
f 3957/4221/3957 3956/4218/3956 4017/86/4017 4018/92/4018
f 4010/4157/4010 4009/4219/4009 41/88/41 4032/94/4032
f 3984/4159/3984 3983/4220/3983 20/90/20 21/96/21
f 3958/4161/3958 3957/4221/3957 4018/92/4018 4019/98/4019
f 4011/4158/4011 4010/4157/4010 4032/94/4032 4033/100/4033
f 3985/4160/3985 3984/4159/3984 21/96/21 4027/102/4027
f 3959/4162/3959 3958/4161/3958 4019/98/4019 4020/104/4020
f 4012/4163/4012 4011/4158/4011 4033/100/4033 4034/106/4034
f 3986/4164/3986 3985/4160/3985 4027/102/4027 22/108/22
f 3960/4165/3960 3959/4162/3959 4020/104/4020 4021/110/4021
